algorithm,scenario,run,metric,value,ql_condition
perturb_observe,steady_state_stc,0,tracking_efficiency_pct,97.54617921167949,not_applicable
perturb_observe,steady_state_stc,0,convergence_time_s,0.15151515151515152,not_applicable
perturb_observe,steady_state_stc,0,settling_time_s,0.15151515151515152,not_applicable
perturb_observe,steady_state_stc,0,oscillation_peak_to_peak_w,1.1058525963497772,not_applicable
perturb_observe,steady_state_stc,0,oscillation_std_w,0.1256055237831774,not_applicable
perturb_observe,steady_state_stc,0,energy_yield_j,65.06617041879032,not_applicable
perturb_observe,steady_state_stc,0,energy_yield_ratio,0.9754617921167948,not_applicable
perturb_observe,steady_state_stc,1,tracking_efficiency_pct,97.35028844270707,not_applicable
perturb_observe,steady_state_stc,1,convergence_time_s,0.15151515151515152,not_applicable
perturb_observe,steady_state_stc,1,settling_time_s,0.15151515151515152,not_applicable
perturb_observe,steady_state_stc,1,oscillation_peak_to_peak_w,1.25694628788996,not_applicable
perturb_observe,steady_state_stc,1,oscillation_std_w,0.14261068811288968,not_applicable
perturb_observe,steady_state_stc,1,energy_yield_j,66.08302829506975,not_applicable
perturb_observe,steady_state_stc,1,energy_yield_ratio,0.9735028844270707,not_applicable
perturb_observe,steady_state_stc,2,tracking_efficiency_pct,97.69822589249318,not_applicable
perturb_observe,steady_state_stc,2,convergence_time_s,0.15151515151515152,not_applicable
perturb_observe,steady_state_stc,2,settling_time_s,0.15151515151515152,not_applicable
perturb_observe,steady_state_stc,2,oscillation_peak_to_peak_w,0.6642737484632448,not_applicable
perturb_observe,steady_state_stc,2,oscillation_std_w,0.07266878085306348,not_applicable
perturb_observe,steady_state_stc,2,energy_yield_j,65.02994035850737,not_applicable
perturb_observe,steady_state_stc,2,energy_yield_ratio,0.9769822589249318,not_applicable
perturb_observe,steady_state_stc,3,tracking_efficiency_pct,97.59507394071731,not_applicable
perturb_observe,steady_state_stc,3,convergence_time_s,0.15151515151515152,not_applicable
perturb_observe,steady_state_stc,3,settling_time_s,0.15151515151515152,not_applicable
perturb_observe,steady_state_stc,3,oscillation_peak_to_peak_w,0.5891860325775866,not_applicable
perturb_observe,steady_state_stc,3,oscillation_std_w,0.06572918820392111,not_applicable
perturb_observe,steady_state_stc,3,energy_yield_j,70.41974011841575,not_applicable
perturb_observe,steady_state_stc,3,energy_yield_ratio,0.9759507394071731,not_applicable
perturb_observe,steady_state_stc,4,tracking_efficiency_pct,97.55535137484223,not_applicable
perturb_observe,steady_state_stc,4,convergence_time_s,0.15151515151515152,not_applicable
perturb_observe,steady_state_stc,4,settling_time_s,0.15151515151515152,not_applicable
perturb_observe,steady_state_stc,4,oscillation_peak_to_peak_w,0.9056141192142064,not_applicable
perturb_observe,steady_state_stc,4,oscillation_std_w,0.10068056495799031,not_applicable
perturb_observe,steady_state_stc,4,energy_yield_j,64.69943963409456,not_applicable
perturb_observe,steady_state_stc,4,energy_yield_ratio,0.9755535137484224,not_applicable
perturb_observe,steady_state_stc,5,tracking_efficiency_pct,97.94229675344012,not_applicable
perturb_observe,steady_state_stc,5,convergence_time_s,0.14141414141414144,not_applicable
perturb_observe,steady_state_stc,5,settling_time_s,0.14141414141414144,not_applicable
perturb_observe,steady_state_stc,5,oscillation_peak_to_peak_w,0.7115733912769144,not_applicable
perturb_observe,steady_state_stc,5,oscillation_std_w,0.07757825306297297,not_applicable
perturb_observe,steady_state_stc,5,energy_yield_j,71.88606148600111,not_applicable
perturb_observe,steady_state_stc,5,energy_yield_ratio,0.9794229675344012,not_applicable
perturb_observe,steady_state_stc,6,tracking_efficiency_pct,97.89694679797633,not_applicable
perturb_observe,steady_state_stc,6,convergence_time_s,0.14141414141414144,not_applicable
perturb_observe,steady_state_stc,6,settling_time_s,0.14141414141414144,not_applicable
perturb_observe,steady_state_stc,6,oscillation_peak_to_peak_w,0.7558615681366518,not_applicable
perturb_observe,steady_state_stc,6,oscillation_std_w,0.08223942926344836,not_applicable
perturb_observe,steady_state_stc,6,energy_yield_j,70.64538351825685,not_applicable
perturb_observe,steady_state_stc,6,energy_yield_ratio,0.9789694679797633,not_applicable
perturb_observe,steady_state_stc,7,tracking_efficiency_pct,97.66922286778814,not_applicable
perturb_observe,steady_state_stc,7,convergence_time_s,0.15151515151515152,not_applicable
perturb_observe,steady_state_stc,7,settling_time_s,0.15151515151515152,not_applicable
perturb_observe,steady_state_stc,7,oscillation_peak_to_peak_w,0.6366540493329467,not_applicable
perturb_observe,steady_state_stc,7,oscillation_std_w,0.07020383882750987,not_applicable
perturb_observe,steady_state_stc,7,energy_yield_j,68.88785206117521,not_applicable
perturb_observe,steady_state_stc,7,energy_yield_ratio,0.9766922286778813,not_applicable
perturb_observe,steady_state_stc,8,tracking_efficiency_pct,98.05667923268405,not_applicable
perturb_observe,steady_state_stc,8,convergence_time_s,0.13131313131313133,not_applicable
perturb_observe,steady_state_stc,8,settling_time_s,0.13131313131313133,not_applicable
perturb_observe,steady_state_stc,8,oscillation_peak_to_peak_w,1.2087180715877395,not_applicable
perturb_observe,steady_state_stc,8,oscillation_std_w,0.13396910156737374,not_applicable
perturb_observe,steady_state_stc,8,energy_yield_j,74.05461499335014,not_applicable
perturb_observe,steady_state_stc,8,energy_yield_ratio,0.9805667923268405,not_applicable
perturb_observe,steady_state_stc,9,tracking_efficiency_pct,97.70597614467695,not_applicable
perturb_observe,steady_state_stc,9,convergence_time_s,0.14141414141414144,not_applicable
perturb_observe,steady_state_stc,9,settling_time_s,0.14141414141414144,not_applicable
perturb_observe,steady_state_stc,9,oscillation_peak_to_peak_w,1.3480752398310187,not_applicable
perturb_observe,steady_state_stc,9,oscillation_std_w,0.1540599285916788,not_applicable
perturb_observe,steady_state_stc,9,energy_yield_j,67.57547590650694,not_applicable
perturb_observe,steady_state_stc,9,energy_yield_ratio,0.9770597614467695,not_applicable
perturb_observe,multi_level_irradiance,0,tracking_efficiency_pct,90.92011245239678,not_applicable
perturb_observe,multi_level_irradiance,0,convergence_time_s,0.6030150753768845,not_applicable
perturb_observe,multi_level_irradiance,0,settling_time_s,0.6030150753768845,not_applicable
perturb_observe,multi_level_irradiance,0,oscillation_peak_to_peak_w,54.019273374237045,not_applicable
perturb_observe,multi_level_irradiance,0,oscillation_std_w,16.597320700486303,not_applicable
perturb_observe,multi_level_irradiance,0,energy_yield_j,71.67897351454552,not_applicable
perturb_observe,multi_level_irradiance,0,energy_yield_ratio,0.9092011245239678,not_applicable
perturb_observe,multi_level_irradiance,1,tracking_efficiency_pct,90.64292036209558,not_applicable
perturb_observe,multi_level_irradiance,1,convergence_time_s,0.6030150753768845,not_applicable
perturb_observe,multi_level_irradiance,1,settling_time_s,0.6030150753768845,not_applicable
perturb_observe,multi_level_irradiance,1,oscillation_peak_to_peak_w,55.842372323469306,not_applicable
perturb_observe,multi_level_irradiance,1,oscillation_std_w,17.457054849253268,not_applicable
perturb_observe,multi_level_irradiance,1,energy_yield_j,71.69248850289264,not_applicable
perturb_observe,multi_level_irradiance,1,energy_yield_ratio,0.9064292036209558,not_applicable
perturb_observe,multi_level_irradiance,2,tracking_efficiency_pct,90.80940976211224,not_applicable
perturb_observe,multi_level_irradiance,2,convergence_time_s,0.592964824120603,not_applicable
perturb_observe,multi_level_irradiance,2,settling_time_s,0.592964824120603,not_applicable
perturb_observe,multi_level_irradiance,2,oscillation_peak_to_peak_w,54.65763465641952,not_applicable
perturb_observe,multi_level_irradiance,2,oscillation_std_w,17.154393794301225,not_applicable
perturb_observe,multi_level_irradiance,2,energy_yield_j,70.97819224892748,not_applicable
perturb_observe,multi_level_irradiance,2,energy_yield_ratio,0.9080940976211224,not_applicable
perturb_observe,multi_level_irradiance,3,tracking_efficiency_pct,90.96406156701953,not_applicable
perturb_observe,multi_level_irradiance,3,convergence_time_s,0.592964824120603,not_applicable
perturb_observe,multi_level_irradiance,3,settling_time_s,0.592964824120603,not_applicable
perturb_observe,multi_level_irradiance,3,oscillation_peak_to_peak_w,58.76729232321445,not_applicable
perturb_observe,multi_level_irradiance,3,oscillation_std_w,18.288811615686324,not_applicable
perturb_observe,multi_level_irradiance,3,energy_yield_j,75.90502971979156,not_applicable
perturb_observe,multi_level_irradiance,3,energy_yield_ratio,0.9096406156701953,not_applicable
perturb_observe,multi_level_irradiance,4,tracking_efficiency_pct,90.990926930111,not_applicable
perturb_observe,multi_level_irradiance,4,convergence_time_s,0.6030150753768845,not_applicable
perturb_observe,multi_level_irradiance,4,settling_time_s,0.6030150753768845,not_applicable
perturb_observe,multi_level_irradiance,4,oscillation_peak_to_peak_w,53.77097150017815,not_applicable
perturb_observe,multi_level_irradiance,4,oscillation_std_w,16.642978068354488,not_applicable
perturb_observe,multi_level_irradiance,4,energy_yield_j,70.71139570833986,not_applicable
perturb_observe,multi_level_irradiance,4,energy_yield_ratio,0.90990926930111,not_applicable
perturb_observe,multi_level_irradiance,5,tracking_efficiency_pct,90.75925503817196,not_applicable
perturb_observe,multi_level_irradiance,5,convergence_time_s,0.5829145728643216,not_applicable
perturb_observe,multi_level_irradiance,5,settling_time_s,0.5829145728643216,not_applicable
perturb_observe,multi_level_irradiance,5,oscillation_peak_to_peak_w,60.437732647466795,not_applicable
perturb_observe,multi_level_irradiance,5,oscillation_std_w,19.084854027583297,not_applicable
perturb_observe,multi_level_irradiance,5,energy_yield_j,77.24642300707964,not_applicable
perturb_observe,multi_level_irradiance,5,energy_yield_ratio,0.9075925503817196,not_applicable
perturb_observe,multi_level_irradiance,6,tracking_efficiency_pct,91.22023044042042,not_applicable
perturb_observe,multi_level_irradiance,6,convergence_time_s,0.5829145728643216,not_applicable
perturb_observe,multi_level_irradiance,6,settling_time_s,0.5829145728643216,not_applicable
perturb_observe,multi_level_irradiance,6,oscillation_peak_to_peak_w,58.80231095410056,not_applicable
perturb_observe,multi_level_irradiance,6,oscillation_std_w,18.45977043985141,not_applicable
perturb_observe,multi_level_irradiance,6,energy_yield_j,76.11935107109448,not_applicable
perturb_observe,multi_level_irradiance,6,energy_yield_ratio,0.9122023044042042,not_applicable
perturb_observe,multi_level_irradiance,7,tracking_efficiency_pct,90.90138437595014,not_applicable
perturb_observe,multi_level_irradiance,7,convergence_time_s,0.592964824120603,not_applicable
perturb_observe,multi_level_irradiance,7,settling_time_s,0.592964824120603,not_applicable
perturb_observe,multi_level_irradiance,7,oscillation_peak_to_peak_w,57.33408828997373,not_applicable
perturb_observe,multi_level_irradiance,7,oscillation_std_w,17.737380040272665,not_applicable
perturb_observe,multi_level_irradiance,7,energy_yield_j,74.87603012998525,not_applicable
perturb_observe,multi_level_irradiance,7,energy_yield_ratio,0.9090138437595014,not_applicable
perturb_observe,multi_level_irradiance,8,tracking_efficiency_pct,91.18633881161495,not_applicable
perturb_observe,multi_level_irradiance,8,convergence_time_s,0.5829145728643216,not_applicable
perturb_observe,multi_level_irradiance,8,settling_time_s,0.5829145728643216,not_applicable
perturb_observe,multi_level_irradiance,8,oscillation_peak_to_peak_w,61.579069649988355,not_applicable
perturb_observe,multi_level_irradiance,8,oscillation_std_w,19.41956416577508,not_applicable
perturb_observe,multi_level_irradiance,8,energy_yield_j,79.29522183597726,not_applicable
perturb_observe,multi_level_irradiance,8,energy_yield_ratio,0.9118633881161494,not_applicable
perturb_observe,multi_level_irradiance,9,tracking_efficiency_pct,90.85055185102735,not_applicable
perturb_observe,multi_level_irradiance,9,convergence_time_s,0.592964824120603,not_applicable
perturb_observe,multi_level_irradiance,9,settling_time_s,0.592964824120603,not_applicable
perturb_observe,multi_level_irradiance,9,oscillation_peak_to_peak_w,56.848762876031124,not_applicable
perturb_observe,multi_level_irradiance,9,oscillation_std_w,17.936825940131186,not_applicable
perturb_observe,multi_level_irradiance,9,energy_yield_j,73.19360912934943,not_applicable
perturb_observe,multi_level_irradiance,9,energy_yield_ratio,0.9085055185102735,not_applicable
perturb_observe,temperature_variation,0,tracking_efficiency_pct,98.71748342304679,not_applicable
perturb_observe,temperature_variation,0,convergence_time_s,0.15075376884422112,not_applicable
perturb_observe,temperature_variation,0,settling_time_s,0.15075376884422112,not_applicable
perturb_observe,temperature_variation,0,oscillation_peak_to_peak_w,6.670826332518921,not_applicable
perturb_observe,temperature_variation,0,oscillation_std_w,2.369315426208222,not_applicable
perturb_observe,temperature_variation,0,energy_yield_j,126.00490459752959,not_applicable
perturb_observe,temperature_variation,0,energy_yield_ratio,0.9871748342304679,not_applicable
perturb_observe,temperature_variation,1,tracking_efficiency_pct,98.58599832235183,not_applicable
perturb_observe,temperature_variation,1,convergence_time_s,0.15075376884422112,not_applicable
perturb_observe,temperature_variation,1,settling_time_s,0.15075376884422112,not_applicable
perturb_observe,temperature_variation,1,oscillation_peak_to_peak_w,7.446725905161024,not_applicable
perturb_observe,temperature_variation,1,oscillation_std_w,2.4400950878154273,not_applicable
perturb_observe,temperature_variation,1,energy_yield_j,127.99924601569693,not_applicable
perturb_observe,temperature_variation,1,energy_yield_ratio,0.9858599832235182,not_applicable
perturb_observe,temperature_variation,2,tracking_efficiency_pct,98.7974787098739,not_applicable
perturb_observe,temperature_variation,2,convergence_time_s,0.15075376884422112,not_applicable
perturb_observe,temperature_variation,2,settling_time_s,0.15075376884422112,not_applicable
perturb_observe,temperature_variation,2,oscillation_peak_to_peak_w,6.536361460475398,not_applicable
perturb_observe,temperature_variation,2,oscillation_std_w,2.3175088681390985,not_applicable
perturb_observe,temperature_variation,2,energy_yield_j,125.96276247301407,not_applicable
perturb_observe,temperature_variation,2,energy_yield_ratio,0.987974787098739,not_applicable
perturb_observe,temperature_variation,3,tracking_efficiency_pct,98.72211179170567,not_applicable
perturb_observe,temperature_variation,3,convergence_time_s,0.15075376884422112,not_applicable
perturb_observe,temperature_variation,3,settling_time_s,0.15075376884422112,not_applicable
perturb_observe,temperature_variation,3,oscillation_peak_to_peak_w,6.7303711461860445,not_applicable
perturb_observe,temperature_variation,3,oscillation_std_w,2.353561445424488,not_applicable
perturb_observe,temperature_variation,3,energy_yield_j,136.81938529148644,not_applicable
perturb_observe,temperature_variation,3,energy_yield_ratio,0.9872211179170567,not_applicable
perturb_observe,temperature_variation,4,tracking_efficiency_pct,98.69913037750155,not_applicable
perturb_observe,temperature_variation,4,convergence_time_s,0.15075376884422112,not_applicable
perturb_observe,temperature_variation,4,settling_time_s,0.15075376884422112,not_applicable
perturb_observe,temperature_variation,4,oscillation_peak_to_peak_w,6.723082401786179,not_applicable
perturb_observe,temperature_variation,4,oscillation_std_w,2.3651133048939794,not_applicable
perturb_observe,temperature_variation,4,energy_yield_j,125.23602360666585,not_applicable
perturb_observe,temperature_variation,4,energy_yield_ratio,0.9869913037750155,not_applicable
perturb_observe,temperature_variation,5,tracking_efficiency_pct,98.92983188732568,not_applicable
perturb_observe,temperature_variation,5,convergence_time_s,0.1407035175879397,not_applicable
perturb_observe,temperature_variation,5,settling_time_s,0.1407035175879397,not_applicable
perturb_observe,temperature_variation,5,oscillation_peak_to_peak_w,6.2938501836548255,not_applicable
perturb_observe,temperature_variation,5,oscillation_std_w,2.2298168666012557,not_applicable
perturb_observe,temperature_variation,5,energy_yield_j,139.87621007506706,not_applicable
perturb_observe,temperature_variation,5,energy_yield_ratio,0.9892983188732567,not_applicable
perturb_observe,temperature_variation,6,tracking_efficiency_pct,98.90617760171956,not_applicable
perturb_observe,temperature_variation,6,convergence_time_s,0.1407035175879397,not_applicable
perturb_observe,temperature_variation,6,settling_time_s,0.1407035175879397,not_applicable
perturb_observe,temperature_variation,6,oscillation_peak_to_peak_w,6.383714828195636,not_applicable
perturb_observe,temperature_variation,6,oscillation_std_w,2.250095069015165,not_applicable
perturb_observe,temperature_variation,6,energy_yield_j,137.35461176770463,not_applicable
perturb_observe,temperature_variation,6,energy_yield_ratio,0.9890617760171956,not_applicable
perturb_observe,temperature_variation,7,tracking_efficiency_pct,98.78001945693839,not_applicable
perturb_observe,temperature_variation,7,convergence_time_s,0.15075376884422112,not_applicable
perturb_observe,temperature_variation,7,settling_time_s,0.15075376884422112,not_applicable
perturb_observe,temperature_variation,7,oscillation_peak_to_peak_w,6.589390290684875,not_applicable
perturb_observe,temperature_variation,7,oscillation_std_w,2.3265896270366593,not_applicable
perturb_observe,temperature_variation,7,energy_yield_j,133.7630320253129,not_applicable
perturb_observe,temperature_variation,7,energy_yield_ratio,0.987800194569384,not_applicable
perturb_observe,temperature_variation,8,tracking_efficiency_pct,98.99022275157286,not_applicable
perturb_observe,temperature_variation,8,convergence_time_s,0.1306532663316583,not_applicable
perturb_observe,temperature_variation,8,settling_time_s,0.1306532663316583,not_applicable
perturb_observe,temperature_variation,8,oscillation_peak_to_peak_w,6.178185748188767,not_applicable
perturb_observe,temperature_variation,8,oscillation_std_w,2.189895884126453,not_applicable
perturb_observe,temperature_variation,8,energy_yield_j,144.2720958638023,not_applicable
perturb_observe,temperature_variation,8,energy_yield_ratio,0.9899022275157285,not_applicable
perturb_observe,temperature_variation,9,tracking_efficiency_pct,98.77995086361283,not_applicable
perturb_observe,temperature_variation,9,convergence_time_s,0.1407035175879397,not_applicable
perturb_observe,temperature_variation,9,settling_time_s,0.1407035175879397,not_applicable
perturb_observe,temperature_variation,9,oscillation_peak_to_peak_w,6.580254490907535,not_applicable
perturb_observe,temperature_variation,9,oscillation_std_w,2.3098089182536485,not_applicable
perturb_observe,temperature_variation,9,energy_yield_j,131.08350703176274,not_applicable
perturb_observe,temperature_variation,9,energy_yield_ratio,0.9877995086361282,not_applicable
perturb_observe,partial_shading_pattern_a,0,tracking_efficiency_pct,93.63395162948841,not_applicable
perturb_observe,partial_shading_pattern_a,0,convergence_time_s,0.15075376884422112,not_applicable
perturb_observe,partial_shading_pattern_a,0,settling_time_s,0.15075376884422112,not_applicable
perturb_observe,partial_shading_pattern_a,0,oscillation_peak_to_peak_w,57.48071955754357,not_applicable
perturb_observe,partial_shading_pattern_a,0,oscillation_std_w,18.098544145584725,not_applicable
perturb_observe,partial_shading_pattern_a,0,energy_yield_j,86.190360234857,not_applicable
perturb_observe,partial_shading_pattern_a,0,energy_yield_ratio,0.9363395162948841,not_applicable
perturb_observe,partial_shading_pattern_a,1,tracking_efficiency_pct,93.3385567484907,not_applicable
perturb_observe,partial_shading_pattern_a,1,convergence_time_s,0.15075376884422112,not_applicable
perturb_observe,partial_shading_pattern_a,1,settling_time_s,0.15075376884422112,not_applicable
perturb_observe,partial_shading_pattern_a,1,oscillation_peak_to_peak_w,59.12281997224818,not_applicable
perturb_observe,partial_shading_pattern_a,1,oscillation_std_w,18.73156815218762,not_applicable
perturb_observe,partial_shading_pattern_a,1,energy_yield_j,86.40750616123677,not_applicable
perturb_observe,partial_shading_pattern_a,1,energy_yield_ratio,0.933385567484907,not_applicable
perturb_observe,partial_shading_pattern_a,2,tracking_efficiency_pct,93.68101655991421,not_applicable
perturb_observe,partial_shading_pattern_a,2,convergence_time_s,0.15075376884422112,not_applicable
perturb_observe,partial_shading_pattern_a,2,settling_time_s,0.15075376884422112,not_applicable
perturb_observe,partial_shading_pattern_a,2,oscillation_peak_to_peak_w,57.84345711327697,not_applicable
perturb_observe,partial_shading_pattern_a,2,oscillation_std_w,18.415715231179437,not_applicable
perturb_observe,partial_shading_pattern_a,2,energy_yield_j,85.60023206634581,not_applicable
perturb_observe,partial_shading_pattern_a,2,energy_yield_ratio,0.9368101655991421,not_applicable
perturb_observe,partial_shading_pattern_a,3,tracking_efficiency_pct,94.05362153451613,not_applicable
perturb_observe,partial_shading_pattern_a,3,convergence_time_s,0.15075376884422112,not_applicable
perturb_observe,partial_shading_pattern_a,3,settling_time_s,0.15075376884422112,not_applicable
perturb_observe,partial_shading_pattern_a,3,oscillation_peak_to_peak_w,62.93510887435232,not_applicable
perturb_observe,partial_shading_pattern_a,3,oscillation_std_w,19.959197383525073,not_applicable
perturb_observe,partial_shading_pattern_a,3,energy_yield_j,91.98229167403855,not_applicable
perturb_observe,partial_shading_pattern_a,3,energy_yield_ratio,0.9405362153451613,not_applicable
perturb_observe,partial_shading_pattern_a,4,tracking_efficiency_pct,93.9902791580818,not_applicable
perturb_observe,partial_shading_pattern_a,4,convergence_time_s,0.15075376884422112,not_applicable
perturb_observe,partial_shading_pattern_a,4,settling_time_s,0.15075376884422112,not_applicable
perturb_observe,partial_shading_pattern_a,4,oscillation_peak_to_peak_w,57.69915450985024,not_applicable
perturb_observe,partial_shading_pattern_a,4,oscillation_std_w,18.21611151031446,not_applicable
perturb_observe,partial_shading_pattern_a,4,energy_yield_j,85.41502801316972,not_applicable
perturb_observe,partial_shading_pattern_a,4,energy_yield_ratio,0.939902791580818,not_applicable
perturb_observe,partial_shading_pattern_a,5,tracking_efficiency_pct,93.53075450643803,not_applicable
perturb_observe,partial_shading_pattern_a,5,convergence_time_s,0.1407035175879397,not_applicable
perturb_observe,partial_shading_pattern_a,5,settling_time_s,0.1407035175879397,not_applicable
perturb_observe,partial_shading_pattern_a,5,oscillation_peak_to_peak_w,63.981989835993154,not_applicable
perturb_observe,partial_shading_pattern_a,5,oscillation_std_w,20.46601633494415,not_applicable
perturb_observe,partial_shading_pattern_a,5,energy_yield_j,93.25644320951619,not_applicable
perturb_observe,partial_shading_pattern_a,5,energy_yield_ratio,0.9353075450643803,not_applicable
perturb_observe,partial_shading_pattern_a,6,tracking_efficiency_pct,94.07431643279905,not_applicable
perturb_observe,partial_shading_pattern_a,6,convergence_time_s,0.1407035175879397,not_applicable
perturb_observe,partial_shading_pattern_a,6,settling_time_s,0.1407035175879397,not_applicable
perturb_observe,partial_shading_pattern_a,6,oscillation_peak_to_peak_w,62.51493453084136,not_applicable
perturb_observe,partial_shading_pattern_a,6,oscillation_std_w,20.00452475442406,not_applicable
perturb_observe,partial_shading_pattern_a,6,energy_yield_j,92.01518866464215,not_applicable
perturb_observe,partial_shading_pattern_a,6,energy_yield_ratio,0.9407431643279905,not_applicable
perturb_observe,partial_shading_pattern_a,7,tracking_efficiency_pct,94.07588955224304,not_applicable
perturb_observe,partial_shading_pattern_a,7,convergence_time_s,0.15075376884422112,not_applicable
perturb_observe,partial_shading_pattern_a,7,settling_time_s,0.15075376884422112,not_applicable
perturb_observe,partial_shading_pattern_a,7,oscillation_peak_to_peak_w,60.93752850638326,not_applicable
perturb_observe,partial_shading_pattern_a,7,oscillation_std_w,19.15392130108567,not_applicable
perturb_observe,partial_shading_pattern_a,7,energy_yield_j,90.67054487196145,not_applicable
perturb_observe,partial_shading_pattern_a,7,energy_yield_ratio,0.9407588955224304,not_applicable
perturb_observe,partial_shading_pattern_a,8,tracking_efficiency_pct,94.20496684210174,not_applicable
perturb_observe,partial_shading_pattern_a,8,convergence_time_s,0.1306532663316583,not_applicable
perturb_observe,partial_shading_pattern_a,8,settling_time_s,0.1306532663316583,not_applicable
perturb_observe,partial_shading_pattern_a,8,oscillation_peak_to_peak_w,65.44464481226552,not_applicable
perturb_observe,partial_shading_pattern_a,8,oscillation_std_w,21.023192510791098,not_applicable
perturb_observe,partial_shading_pattern_a,8,energy_yield_j,96.09332665037205,not_applicable
perturb_observe,partial_shading_pattern_a,8,energy_yield_ratio,0.9420496684210174,not_applicable
perturb_observe,partial_shading_pattern_a,9,tracking_efficiency_pct,94.10405349988416,not_applicable
perturb_observe,partial_shading_pattern_a,9,convergence_time_s,0.1407035175879397,not_applicable
perturb_observe,partial_shading_pattern_a,9,settling_time_s,0.1407035175879397,not_applicable
perturb_observe,partial_shading_pattern_a,9,oscillation_peak_to_peak_w,59.784232812375265,not_applicable
perturb_observe,partial_shading_pattern_a,9,oscillation_std_w,18.848121735761943,not_applicable
perturb_observe,partial_shading_pattern_a,9,energy_yield_j,88.7471187596413,not_applicable
perturb_observe,partial_shading_pattern_a,9,energy_yield_ratio,0.9410405349988415,not_applicable
perturb_observe,partial_shading_pattern_b,0,tracking_efficiency_pct,97.2711555032129,not_applicable
perturb_observe,partial_shading_pattern_b,0,convergence_time_s,0.1306532663316583,not_applicable
perturb_observe,partial_shading_pattern_b,0,settling_time_s,0.1306532663316583,not_applicable
perturb_observe,partial_shading_pattern_b,0,oscillation_peak_to_peak_w,42.68475767753013,not_applicable
perturb_observe,partial_shading_pattern_b,0,oscillation_std_w,11.579213570946603,not_applicable
perturb_observe,partial_shading_pattern_b,0,energy_yield_j,91.02829789233007,not_applicable
perturb_observe,partial_shading_pattern_b,0,energy_yield_ratio,0.9727115550321289,not_applicable
perturb_observe,partial_shading_pattern_b,1,tracking_efficiency_pct,97.19324168510894,not_applicable
perturb_observe,partial_shading_pattern_b,1,convergence_time_s,0.1306532663316583,not_applicable
perturb_observe,partial_shading_pattern_b,1,settling_time_s,0.1306532663316583,not_applicable
perturb_observe,partial_shading_pattern_b,1,oscillation_peak_to_peak_w,43.52100003832291,not_applicable
perturb_observe,partial_shading_pattern_b,1,oscillation_std_w,11.910110945475246,not_applicable
perturb_observe,partial_shading_pattern_b,1,energy_yield_j,91.21834769283831,not_applicable
perturb_observe,partial_shading_pattern_b,1,energy_yield_ratio,0.9719324168510894,not_applicable
perturb_observe,partial_shading_pattern_b,2,tracking_efficiency_pct,97.12169238853208,not_applicable
perturb_observe,partial_shading_pattern_b,2,convergence_time_s,0.1306532663316583,not_applicable
perturb_observe,partial_shading_pattern_b,2,settling_time_s,0.1306532663316583,not_applicable
perturb_observe,partial_shading_pattern_b,2,oscillation_peak_to_peak_w,43.45544518705377,not_applicable
perturb_observe,partial_shading_pattern_b,2,oscillation_std_w,11.797708193984771,not_applicable
perturb_observe,partial_shading_pattern_b,2,energy_yield_j,90.12200455920618,not_applicable
perturb_observe,partial_shading_pattern_b,2,energy_yield_ratio,0.9712169238853208,not_applicable
perturb_observe,partial_shading_pattern_b,3,tracking_efficiency_pct,96.90777293293445,not_applicable
perturb_observe,partial_shading_pattern_b,3,convergence_time_s,0.1306532663316583,not_applicable
perturb_observe,partial_shading_pattern_b,3,settling_time_s,0.1306532663316583,not_applicable
perturb_observe,partial_shading_pattern_b,3,oscillation_peak_to_peak_w,47.23618475835558,not_applicable
perturb_observe,partial_shading_pattern_b,3,oscillation_std_w,12.965700804716393,not_applicable
perturb_observe,partial_shading_pattern_b,3,energy_yield_j,95.94540771427438,not_applicable
perturb_observe,partial_shading_pattern_b,3,energy_yield_ratio,0.9690777293293446,not_applicable
perturb_observe,partial_shading_pattern_b,4,tracking_efficiency_pct,96.88133684820237,not_applicable
perturb_observe,partial_shading_pattern_b,4,convergence_time_s,0.1306532663316583,not_applicable
perturb_observe,partial_shading_pattern_b,4,settling_time_s,0.1306532663316583,not_applicable
perturb_observe,partial_shading_pattern_b,4,oscillation_peak_to_peak_w,43.35227783129994,not_applicable
perturb_observe,partial_shading_pattern_b,4,oscillation_std_w,11.797001171606547,not_applicable
perturb_observe,partial_shading_pattern_b,4,energy_yield_j,89.36493493868446,not_applicable
perturb_observe,partial_shading_pattern_b,4,energy_yield_ratio,0.9688133684820237,not_applicable
perturb_observe,partial_shading_pattern_b,5,tracking_efficiency_pct,97.38508798023035,not_applicable
perturb_observe,partial_shading_pattern_b,5,convergence_time_s,0.12060301507537688,not_applicable
perturb_observe,partial_shading_pattern_b,5,settling_time_s,0.12060301507537688,not_applicable
perturb_observe,partial_shading_pattern_b,5,oscillation_peak_to_peak_w,48.10820272431001,not_applicable
perturb_observe,partial_shading_pattern_b,5,oscillation_std_w,13.211320059454199,not_applicable
perturb_observe,partial_shading_pattern_b,5,energy_yield_j,98.35641525545809,not_applicable
perturb_observe,partial_shading_pattern_b,5,energy_yield_ratio,0.9738508798023036,not_applicable
perturb_observe,partial_shading_pattern_b,6,tracking_efficiency_pct,97.2065699236771,not_applicable
perturb_observe,partial_shading_pattern_b,6,convergence_time_s,0.12060301507537688,not_applicable
perturb_observe,partial_shading_pattern_b,6,settling_time_s,0.12060301507537688,not_applicable
perturb_observe,partial_shading_pattern_b,6,oscillation_peak_to_peak_w,47.24241365028356,not_applicable
perturb_observe,partial_shading_pattern_b,6,oscillation_std_w,13.039797495642652,not_applicable
perturb_observe,partial_shading_pattern_b,6,energy_yield_j,96.26657880592116,not_applicable
perturb_observe,partial_shading_pattern_b,6,energy_yield_ratio,0.9720656992367709,not_applicable
perturb_observe,partial_shading_pattern_b,7,tracking_efficiency_pct,97.34527405261633,not_applicable
perturb_observe,partial_shading_pattern_b,7,convergence_time_s,0.1306532663316583,not_applicable
perturb_observe,partial_shading_pattern_b,7,settling_time_s,0.1306532663316583,not_applicable
perturb_observe,partial_shading_pattern_b,7,oscillation_peak_to_peak_w,45.26176970085905,not_applicable
perturb_observe,partial_shading_pattern_b,7,oscillation_std_w,12.383953419482989,not_applicable
perturb_observe,partial_shading_pattern_b,7,energy_yield_j,95.17044099014865,not_applicable
perturb_observe,partial_shading_pattern_b,7,energy_yield_ratio,0.9734527405261634,not_applicable
perturb_observe,partial_shading_pattern_b,8,tracking_efficiency_pct,97.45364255258026,not_applicable
perturb_observe,partial_shading_pattern_b,8,convergence_time_s,0.11055276381909548,not_applicable
perturb_observe,partial_shading_pattern_b,8,settling_time_s,0.11055276381909548,not_applicable
perturb_observe,partial_shading_pattern_b,8,oscillation_peak_to_peak_w,49.5067519235363,not_applicable
perturb_observe,partial_shading_pattern_b,8,oscillation_std_w,13.702653101829176,not_applicable
perturb_observe,partial_shading_pattern_b,8,energy_yield_j,100.56348140332938,not_applicable
perturb_observe,partial_shading_pattern_b,8,energy_yield_ratio,0.9745364255258027,not_applicable
perturb_observe,partial_shading_pattern_b,9,tracking_efficiency_pct,97.29513837739677,not_applicable
perturb_observe,partial_shading_pattern_b,9,convergence_time_s,0.12060301507537688,not_applicable
perturb_observe,partial_shading_pattern_b,9,settling_time_s,0.12060301507537688,not_applicable
perturb_observe,partial_shading_pattern_b,9,oscillation_peak_to_peak_w,45.22728586807078,not_applicable
perturb_observe,partial_shading_pattern_b,9,oscillation_std_w,12.372399845110365,not_applicable
perturb_observe,partial_shading_pattern_b,9,energy_yield_j,93.02753430413581,not_applicable
perturb_observe,partial_shading_pattern_b,9,energy_yield_ratio,0.9729513837739676,not_applicable
incremental_conductance,steady_state_stc,0,tracking_efficiency_pct,78.31054458676596,not_applicable
incremental_conductance,steady_state_stc,0,convergence_time_s,,not_applicable
incremental_conductance,steady_state_stc,0,settling_time_s,,not_applicable
incremental_conductance,steady_state_stc,0,oscillation_peak_to_peak_w,0.0,not_applicable
incremental_conductance,steady_state_stc,0,oscillation_std_w,0.0,not_applicable
incremental_conductance,steady_state_stc,0,energy_yield_j,52.235436393809145,not_applicable
incremental_conductance,steady_state_stc,0,energy_yield_ratio,0.7831054458676595,not_applicable
incremental_conductance,steady_state_stc,1,tracking_efficiency_pct,76.68406905505086,not_applicable
incremental_conductance,steady_state_stc,1,convergence_time_s,,not_applicable
incremental_conductance,steady_state_stc,1,settling_time_s,,not_applicable
incremental_conductance,steady_state_stc,1,oscillation_peak_to_peak_w,0.0,not_applicable
incremental_conductance,steady_state_stc,1,oscillation_std_w,0.0,not_applicable
incremental_conductance,steady_state_stc,1,energy_yield_j,52.0544477701097,not_applicable
incremental_conductance,steady_state_stc,1,energy_yield_ratio,0.7668406905505085,not_applicable
incremental_conductance,steady_state_stc,2,tracking_efficiency_pct,79.28189112437705,not_applicable
incremental_conductance,steady_state_stc,2,convergence_time_s,,not_applicable
incremental_conductance,steady_state_stc,2,settling_time_s,,not_applicable
incremental_conductance,steady_state_stc,2,oscillation_peak_to_peak_w,0.0,not_applicable
incremental_conductance,steady_state_stc,2,oscillation_std_w,0.0,not_applicable
incremental_conductance,steady_state_stc,2,energy_yield_j,52.7716507053181,not_applicable
incremental_conductance,steady_state_stc,2,energy_yield_ratio,0.7928189112437706,not_applicable
incremental_conductance,steady_state_stc,3,tracking_efficiency_pct,78.26875664474493,not_applicable
incremental_conductance,steady_state_stc,3,convergence_time_s,,not_applicable
incremental_conductance,steady_state_stc,3,settling_time_s,,not_applicable
incremental_conductance,steady_state_stc,3,oscillation_peak_to_peak_w,0.0,not_applicable
incremental_conductance,steady_state_stc,3,oscillation_std_w,0.0,not_applicable
incremental_conductance,steady_state_stc,3,energy_yield_j,56.47483299887085,not_applicable
incremental_conductance,steady_state_stc,3,energy_yield_ratio,0.7826875664474492,not_applicable
incremental_conductance,steady_state_stc,4,tracking_efficiency_pct,78.21872713261651,not_applicable
incremental_conductance,steady_state_stc,4,convergence_time_s,,not_applicable
incremental_conductance,steady_state_stc,4,settling_time_s,,not_applicable
incremental_conductance,steady_state_stc,4,oscillation_peak_to_peak_w,0.0,not_applicable
incremental_conductance,steady_state_stc,4,oscillation_std_w,0.0,not_applicable
incremental_conductance,steady_state_stc,4,energy_yield_j,51.875245622635326,not_applicable
incremental_conductance,steady_state_stc,4,energy_yield_ratio,0.7821872713261651,not_applicable
incremental_conductance,steady_state_stc,5,tracking_efficiency_pct,80.86166272761048,not_applicable
incremental_conductance,steady_state_stc,5,convergence_time_s,,not_applicable
incremental_conductance,steady_state_stc,5,settling_time_s,,not_applicable
incremental_conductance,steady_state_stc,5,oscillation_peak_to_peak_w,0.0,not_applicable
incremental_conductance,steady_state_stc,5,oscillation_std_w,0.0,not_applicable
incremental_conductance,steady_state_stc,5,energy_yield_j,59.349501199982036,not_applicable
incremental_conductance,steady_state_stc,5,energy_yield_ratio,0.8086166272761047,not_applicable
incremental_conductance,steady_state_stc,6,tracking_efficiency_pct,80.48312170584737,not_applicable
incremental_conductance,steady_state_stc,6,convergence_time_s,,not_applicable
incremental_conductance,steady_state_stc,6,settling_time_s,,not_applicable
incremental_conductance,steady_state_stc,6,oscillation_peak_to_peak_w,0.0,not_applicable
incremental_conductance,steady_state_stc,6,oscillation_std_w,0.0,not_applicable
incremental_conductance,steady_state_stc,6,energy_yield_j,58.079043173731165,not_applicable
incremental_conductance,steady_state_stc,6,energy_yield_ratio,0.8048312170584737,not_applicable
incremental_conductance,steady_state_stc,7,tracking_efficiency_pct,78.98948947393336,not_applicable
incremental_conductance,steady_state_stc,7,convergence_time_s,,not_applicable
incremental_conductance,steady_state_stc,7,settling_time_s,,not_applicable
incremental_conductance,steady_state_stc,7,oscillation_peak_to_peak_w,0.0,not_applicable
incremental_conductance,steady_state_stc,7,oscillation_std_w,0.0,not_applicable
incremental_conductance,steady_state_stc,7,energy_yield_j,55.71270156038774,not_applicable
incremental_conductance,steady_state_stc,7,energy_yield_ratio,0.7898948947393336,not_applicable
incremental_conductance,steady_state_stc,8,tracking_efficiency_pct,81.61376805458579,not_applicable
incremental_conductance,steady_state_stc,8,convergence_time_s,,not_applicable
incremental_conductance,steady_state_stc,8,settling_time_s,,not_applicable
incremental_conductance,steady_state_stc,8,oscillation_peak_to_peak_w,0.0,not_applicable
incremental_conductance,steady_state_stc,8,oscillation_std_w,0.0,not_applicable
incremental_conductance,steady_state_stc,8,energy_yield_j,61.63655774123337,not_applicable
incremental_conductance,steady_state_stc,8,energy_yield_ratio,0.8161376805458579,not_applicable
incremental_conductance,steady_state_stc,9,tracking_efficiency_pct,79.20740837130704,not_applicable
incremental_conductance,steady_state_stc,9,convergence_time_s,,not_applicable
incremental_conductance,steady_state_stc,9,settling_time_s,,not_applicable
incremental_conductance,steady_state_stc,9,oscillation_peak_to_peak_w,0.0,not_applicable
incremental_conductance,steady_state_stc,9,oscillation_std_w,0.0,not_applicable
incremental_conductance,steady_state_stc,9,energy_yield_j,54.78148345896977,not_applicable
incremental_conductance,steady_state_stc,9,energy_yield_ratio,0.7920740837130704,not_applicable
incremental_conductance,multi_level_irradiance,0,tracking_efficiency_pct,77.59642170595866,not_applicable
incremental_conductance,multi_level_irradiance,0,convergence_time_s,,not_applicable
incremental_conductance,multi_level_irradiance,0,settling_time_s,,not_applicable
incremental_conductance,multi_level_irradiance,0,oscillation_peak_to_peak_w,0.0,not_applicable
incremental_conductance,multi_level_irradiance,0,oscillation_std_w,0.0,not_applicable
incremental_conductance,multi_level_irradiance,0,energy_yield_j,61.174933755136294,not_applicable
incremental_conductance,multi_level_irradiance,0,energy_yield_ratio,0.7759642170595866,not_applicable
incremental_conductance,multi_level_irradiance,1,tracking_efficiency_pct,76.685255163704,not_applicable
incremental_conductance,multi_level_irradiance,1,convergence_time_s,,not_applicable
incremental_conductance,multi_level_irradiance,1,settling_time_s,,not_applicable
incremental_conductance,multi_level_irradiance,1,oscillation_peak_to_peak_w,0.0,not_applicable
incremental_conductance,multi_level_irradiance,1,oscillation_std_w,0.0,not_applicable
incremental_conductance,multi_level_irradiance,1,energy_yield_j,60.6529087125954,not_applicable
incremental_conductance,multi_level_irradiance,1,energy_yield_ratio,0.76685255163704,not_applicable
incremental_conductance,multi_level_irradiance,2,tracking_efficiency_pct,77.75799621118364,not_applicable
incremental_conductance,multi_level_irradiance,2,convergence_time_s,,not_applicable
incremental_conductance,multi_level_irradiance,2,settling_time_s,,not_applicable
incremental_conductance,multi_level_irradiance,2,oscillation_peak_to_peak_w,0.0,not_applicable
incremental_conductance,multi_level_irradiance,2,oscillation_std_w,0.0,not_applicable
incremental_conductance,multi_level_irradiance,2,energy_yield_j,60.77698355739639,not_applicable
incremental_conductance,multi_level_irradiance,2,energy_yield_ratio,0.7775799621118363,not_applicable
incremental_conductance,multi_level_irradiance,3,tracking_efficiency_pct,77.04811062482747,not_applicable
incremental_conductance,multi_level_irradiance,3,convergence_time_s,,not_applicable
incremental_conductance,multi_level_irradiance,3,settling_time_s,,not_applicable
incremental_conductance,multi_level_irradiance,3,oscillation_peak_to_peak_w,0.0,not_applicable
incremental_conductance,multi_level_irradiance,3,oscillation_std_w,0.0,not_applicable
incremental_conductance,multi_level_irradiance,3,energy_yield_j,64.29285396983335,not_applicable
incremental_conductance,multi_level_irradiance,3,energy_yield_ratio,0.7704811062482747,not_applicable
incremental_conductance,multi_level_irradiance,4,tracking_efficiency_pct,77.36220595943989,not_applicable
incremental_conductance,multi_level_irradiance,4,convergence_time_s,,not_applicable
incremental_conductance,multi_level_irradiance,4,settling_time_s,,not_applicable
incremental_conductance,multi_level_irradiance,4,oscillation_peak_to_peak_w,0.0,not_applicable
incremental_conductance,multi_level_irradiance,4,oscillation_std_w,0.0,not_applicable
incremental_conductance,multi_level_irradiance,4,energy_yield_j,60.12016519701773,not_applicable
incremental_conductance,multi_level_irradiance,4,energy_yield_ratio,0.7736220595943989,not_applicable
incremental_conductance,multi_level_irradiance,5,tracking_efficiency_pct,77.97299686588947,not_applicable
incremental_conductance,multi_level_irradiance,5,convergence_time_s,,not_applicable
incremental_conductance,multi_level_irradiance,5,settling_time_s,,not_applicable
incremental_conductance,multi_level_irradiance,5,oscillation_peak_to_peak_w,0.0,not_applicable
incremental_conductance,multi_level_irradiance,5,oscillation_std_w,0.0,not_applicable
incremental_conductance,multi_level_irradiance,5,energy_yield_j,66.36386665468942,not_applicable
incremental_conductance,multi_level_irradiance,5,energy_yield_ratio,0.7797299686588947,not_applicable
incremental_conductance,multi_level_irradiance,6,tracking_efficiency_pct,77.82210892164777,not_applicable
incremental_conductance,multi_level_irradiance,6,convergence_time_s,,not_applicable
incremental_conductance,multi_level_irradiance,6,settling_time_s,,not_applicable
incremental_conductance,multi_level_irradiance,6,oscillation_peak_to_peak_w,0.0,not_applicable
incremental_conductance,multi_level_irradiance,6,oscillation_std_w,0.0,not_applicable
incremental_conductance,multi_level_irradiance,6,energy_yield_j,64.93919606976777,not_applicable
incremental_conductance,multi_level_irradiance,6,energy_yield_ratio,0.7782210892164777,not_applicable
incremental_conductance,multi_level_irradiance,7,tracking_efficiency_pct,77.513638648564,not_applicable
incremental_conductance,multi_level_irradiance,7,convergence_time_s,,not_applicable
incremental_conductance,multi_level_irradiance,7,settling_time_s,,not_applicable
incremental_conductance,multi_level_irradiance,7,oscillation_peak_to_peak_w,0.0,not_applicable
incremental_conductance,multi_level_irradiance,7,oscillation_std_w,0.0,not_applicable
incremental_conductance,multi_level_irradiance,7,energy_yield_j,63.8484615254134,not_applicable
incremental_conductance,multi_level_irradiance,7,energy_yield_ratio,0.77513638648564,not_applicable
incremental_conductance,multi_level_irradiance,8,tracking_efficiency_pct,78.1296182268631,not_applicable
incremental_conductance,multi_level_irradiance,8,convergence_time_s,,not_applicable
incremental_conductance,multi_level_irradiance,8,settling_time_s,,not_applicable
incremental_conductance,multi_level_irradiance,8,oscillation_peak_to_peak_w,0.0,not_applicable
incremental_conductance,multi_level_irradiance,8,oscillation_std_w,0.0,not_applicable
incremental_conductance,multi_level_irradiance,8,energy_yield_j,67.94115752424736,not_applicable
incremental_conductance,multi_level_irradiance,8,energy_yield_ratio,0.781296182268631,not_applicable
incremental_conductance,multi_level_irradiance,9,tracking_efficiency_pct,77.52832995847795,not_applicable
incremental_conductance,multi_level_irradiance,9,convergence_time_s,,not_applicable
incremental_conductance,multi_level_irradiance,9,settling_time_s,,not_applicable
incremental_conductance,multi_level_irradiance,9,oscillation_peak_to_peak_w,0.0,not_applicable
incremental_conductance,multi_level_irradiance,9,oscillation_std_w,0.0,not_applicable
incremental_conductance,multi_level_irradiance,9,energy_yield_j,62.46058129329786,not_applicable
incremental_conductance,multi_level_irradiance,9,energy_yield_ratio,0.7752832995847795,not_applicable
incremental_conductance,temperature_variation,0,tracking_efficiency_pct,86.02467296306735,not_applicable
incremental_conductance,temperature_variation,0,convergence_time_s,1.5979899497487438,not_applicable
incremental_conductance,temperature_variation,0,settling_time_s,1.5979899497487438,not_applicable
incremental_conductance,temperature_variation,0,oscillation_peak_to_peak_w,1.280884768326537,not_applicable
incremental_conductance,temperature_variation,0,oscillation_std_w,0.39137004654716034,not_applicable
incremental_conductance,temperature_variation,0,energy_yield_j,109.80355590400276,not_applicable
incremental_conductance,temperature_variation,0,energy_yield_ratio,0.8602467296306735,not_applicable
incremental_conductance,temperature_variation,1,tracking_efficiency_pct,84.820165864623,not_applicable
incremental_conductance,temperature_variation,1,convergence_time_s,1.6180904522613067,not_applicable
incremental_conductance,temperature_variation,1,settling_time_s,1.6180904522613067,not_applicable
incremental_conductance,temperature_variation,1,oscillation_peak_to_peak_w,1.284243512395065,not_applicable
incremental_conductance,temperature_variation,1,oscillation_std_w,0.3906818676111629,not_applicable
incremental_conductance,temperature_variation,1,energy_yield_j,110.12636137333278,not_applicable
incremental_conductance,temperature_variation,1,energy_yield_ratio,0.8482016586462299,not_applicable
incremental_conductance,temperature_variation,2,tracking_efficiency_pct,86.80854257242217,not_applicable
incremental_conductance,temperature_variation,2,convergence_time_s,1.5477386934673367,not_applicable
incremental_conductance,temperature_variation,2,settling_time_s,1.5477386934673367,not_applicable
incremental_conductance,temperature_variation,2,oscillation_peak_to_peak_w,1.2415659458489259,not_applicable
incremental_conductance,temperature_variation,2,oscillation_std_w,0.3669769780274393,not_applicable
incremental_conductance,temperature_variation,2,energy_yield_j,110.6773570688877,not_applicable
incremental_conductance,temperature_variation,2,energy_yield_ratio,0.8680854257242218,not_applicable
incremental_conductance,temperature_variation,3,tracking_efficiency_pct,86.183973839941,not_applicable
incremental_conductance,temperature_variation,3,convergence_time_s,1.5376884422110553,not_applicable
incremental_conductance,temperature_variation,3,settling_time_s,1.5376884422110553,not_applicable
incremental_conductance,temperature_variation,3,oscillation_peak_to_peak_w,1.3437449539253237,not_applicable
incremental_conductance,temperature_variation,3,oscillation_std_w,0.3869151999455485,not_applicable
incremental_conductance,temperature_variation,3,energy_yield_j,119.44272776130964,not_applicable
incremental_conductance,temperature_variation,3,energy_yield_ratio,0.8618397383994101,not_applicable
incremental_conductance,temperature_variation,4,tracking_efficiency_pct,85.98549407127554,not_applicable
incremental_conductance,temperature_variation,4,convergence_time_s,1.5778894472361809,not_applicable
incremental_conductance,temperature_variation,4,settling_time_s,1.5778894472361809,not_applicable
incremental_conductance,temperature_variation,4,oscillation_peak_to_peak_w,1.2712516451306897,not_applicable
incremental_conductance,temperature_variation,4,oscillation_std_w,0.38205710855417063,not_applicable
incremental_conductance,temperature_variation,4,energy_yield_j,109.10411595476188,not_applicable
incremental_conductance,temperature_variation,4,energy_yield_ratio,0.8598549407127554,not_applicable
incremental_conductance,temperature_variation,5,tracking_efficiency_pct,88.15152917966016,not_applicable
incremental_conductance,temperature_variation,5,convergence_time_s,1.5075376884422111,not_applicable
incremental_conductance,temperature_variation,5,settling_time_s,1.5075376884422111,not_applicable
incremental_conductance,temperature_variation,5,oscillation_peak_to_peak_w,0.7261845433313283,not_applicable
incremental_conductance,temperature_variation,5,oscillation_std_w,0.2004566361803125,not_applicable
incremental_conductance,temperature_variation,5,energy_yield_j,124.63684187814978,not_applicable
incremental_conductance,temperature_variation,5,energy_yield_ratio,0.8815152917966016,not_applicable
incremental_conductance,temperature_variation,6,tracking_efficiency_pct,87.85995402443722,not_applicable
incremental_conductance,temperature_variation,6,convergence_time_s,1.5075376884422111,not_applicable
incremental_conductance,temperature_variation,6,settling_time_s,1.5075376884422111,not_applicable
incremental_conductance,temperature_variation,6,oscillation_peak_to_peak_w,0.7789655727070368,not_applicable
incremental_conductance,temperature_variation,6,oscillation_std_w,0.2167244466495373,not_applicable
incremental_conductance,temperature_variation,6,energy_yield_j,122.01431869656179,not_applicable
incremental_conductance,temperature_variation,6,energy_yield_ratio,0.8785995402443721,not_applicable
incremental_conductance,temperature_variation,7,tracking_efficiency_pct,86.66883413101348,not_applicable
incremental_conductance,temperature_variation,7,convergence_time_s,1.5376884422110553,not_applicable
incremental_conductance,temperature_variation,7,settling_time_s,1.5376884422110553,not_applicable
incremental_conductance,temperature_variation,7,oscillation_peak_to_peak_w,1.3426752849078412,not_applicable
incremental_conductance,temperature_variation,7,oscillation_std_w,0.39270966652391837,not_applicable
incremental_conductance,temperature_variation,7,energy_yield_j,117.3626619958008,not_applicable
incremental_conductance,temperature_variation,7,energy_yield_ratio,0.8666883413101348,not_applicable
incremental_conductance,temperature_variation,8,tracking_efficiency_pct,88.7481049538814,not_applicable
incremental_conductance,temperature_variation,8,convergence_time_s,1.4773869346733668,not_applicable
incremental_conductance,temperature_variation,8,settling_time_s,1.4773869346733668,not_applicable
incremental_conductance,temperature_variation,8,oscillation_peak_to_peak_w,5.869885402558552,not_applicable
incremental_conductance,temperature_variation,8,oscillation_std_w,1.3280558024899423,not_applicable
incremental_conductance,temperature_variation,8,energy_yield_j,129.34484588210228,not_applicable
incremental_conductance,temperature_variation,8,energy_yield_ratio,0.887481049538814,not_applicable
incremental_conductance,temperature_variation,9,tracking_efficiency_pct,86.82698509678978,not_applicable
incremental_conductance,temperature_variation,9,convergence_time_s,1.5075376884422111,not_applicable
incremental_conductance,temperature_variation,9,settling_time_s,1.5276381909547738,not_applicable
incremental_conductance,temperature_variation,9,oscillation_peak_to_peak_w,1.2661136589571242,not_applicable
incremental_conductance,temperature_variation,9,oscillation_std_w,0.36550158776850356,not_applicable
incremental_conductance,temperature_variation,9,energy_yield_j,115.22161746361418,not_applicable
incremental_conductance,temperature_variation,9,energy_yield_ratio,0.8682698509678979,not_applicable
incremental_conductance,partial_shading_pattern_a,0,tracking_efficiency_pct,81.0338729597192,not_applicable
incremental_conductance,partial_shading_pattern_a,0,convergence_time_s,0.5628140703517588,not_applicable
incremental_conductance,partial_shading_pattern_a,0,settling_time_s,0.5628140703517588,not_applicable
incremental_conductance,partial_shading_pattern_a,0,oscillation_peak_to_peak_w,38.92953309356826,not_applicable
incremental_conductance,partial_shading_pattern_a,0,oscillation_std_w,14.772040240125735,not_applicable
incremental_conductance,partial_shading_pattern_a,0,energy_yield_j,74.59194640487904,not_applicable
incremental_conductance,partial_shading_pattern_a,0,energy_yield_ratio,0.810338729597192,not_applicable
incremental_conductance,partial_shading_pattern_a,1,tracking_efficiency_pct,80.24696697542694,not_applicable
incremental_conductance,partial_shading_pattern_a,1,convergence_time_s,0.5527638190954774,not_applicable
incremental_conductance,partial_shading_pattern_a,1,settling_time_s,0.5527638190954774,not_applicable
incremental_conductance,partial_shading_pattern_a,1,oscillation_peak_to_peak_w,39.61470677833819,not_applicable
incremental_conductance,partial_shading_pattern_a,1,oscillation_std_w,14.926770897097274,not_applicable
incremental_conductance,partial_shading_pattern_a,1,energy_yield_j,74.2880598854116,not_applicable
incremental_conductance,partial_shading_pattern_a,1,energy_yield_ratio,0.8024696697542694,not_applicable
incremental_conductance,partial_shading_pattern_a,2,tracking_efficiency_pct,81.13288061148862,not_applicable
incremental_conductance,partial_shading_pattern_a,2,convergence_time_s,0.6432160804020101,not_applicable
incremental_conductance,partial_shading_pattern_a,2,settling_time_s,0.6432160804020101,not_applicable
incremental_conductance,partial_shading_pattern_a,2,oscillation_peak_to_peak_w,38.52230165246816,not_applicable
incremental_conductance,partial_shading_pattern_a,2,oscillation_std_w,14.999689133334124,not_applicable
incremental_conductance,partial_shading_pattern_a,2,energy_yield_j,74.1344795731678,not_applicable
incremental_conductance,partial_shading_pattern_a,2,energy_yield_ratio,0.8113288061148861,not_applicable
incremental_conductance,partial_shading_pattern_a,3,tracking_efficiency_pct,80.4557371225732,not_applicable
incremental_conductance,partial_shading_pattern_a,3,convergence_time_s,0.6633165829145728,not_applicable
incremental_conductance,partial_shading_pattern_a,3,settling_time_s,0.6633165829145728,not_applicable
incremental_conductance,partial_shading_pattern_a,3,oscillation_peak_to_peak_w,41.496377698058225,not_applicable
incremental_conductance,partial_shading_pattern_a,3,oscillation_std_w,16.20451075049736,not_applicable
incremental_conductance,partial_shading_pattern_a,3,energy_yield_j,78.68387158427956,not_applicable
incremental_conductance,partial_shading_pattern_a,3,energy_yield_ratio,0.8045573712257319,not_applicable
incremental_conductance,partial_shading_pattern_a,4,tracking_efficiency_pct,80.83132920992013,not_applicable
incremental_conductance,partial_shading_pattern_a,4,convergence_time_s,0.6030150753768845,not_applicable
incremental_conductance,partial_shading_pattern_a,4,settling_time_s,0.6030150753768845,not_applicable
incremental_conductance,partial_shading_pattern_a,4,oscillation_peak_to_peak_w,38.62951568672162,not_applicable
incremental_conductance,partial_shading_pattern_a,4,oscillation_std_w,14.82863228386952,not_applicable
incremental_conductance,partial_shading_pattern_a,4,energy_yield_j,73.45664158731684,not_applicable
incremental_conductance,partial_shading_pattern_a,4,energy_yield_ratio,0.8083132920992012,not_applicable
incremental_conductance,partial_shading_pattern_a,5,tracking_efficiency_pct,81.11146414169463,not_applicable
incremental_conductance,partial_shading_pattern_a,5,convergence_time_s,0.7738693467336684,not_applicable
incremental_conductance,partial_shading_pattern_a,5,settling_time_s,0.7738693467336684,not_applicable
incremental_conductance,partial_shading_pattern_a,5,oscillation_peak_to_peak_w,42.13067035063021,not_applicable
incremental_conductance,partial_shading_pattern_a,5,oscillation_std_w,17.1569443201901,not_applicable
incremental_conductance,partial_shading_pattern_a,5,energy_yield_j,80.87357671053522,not_applicable
incremental_conductance,partial_shading_pattern_a,5,energy_yield_ratio,0.8111146414169462,not_applicable
incremental_conductance,partial_shading_pattern_a,6,tracking_efficiency_pct,80.93680454870999,not_applicable
incremental_conductance,partial_shading_pattern_a,6,convergence_time_s,0.7638190954773869,not_applicable
incremental_conductance,partial_shading_pattern_a,6,settling_time_s,0.7638190954773869,not_applicable
incremental_conductance,partial_shading_pattern_a,6,oscillation_peak_to_peak_w,41.168132815403794,not_applicable
incremental_conductance,partial_shading_pattern_a,6,oscillation_std_w,16.683580998990056,not_applicable
incremental_conductance,partial_shading_pattern_a,6,energy_yield_j,79.16523470869751,not_applicable
incremental_conductance,partial_shading_pattern_a,6,energy_yield_ratio,0.8093680454870998,not_applicable
incremental_conductance,partial_shading_pattern_a,7,tracking_efficiency_pct,80.91283253887255,not_applicable
incremental_conductance,partial_shading_pattern_a,7,convergence_time_s,0.6532663316582915,not_applicable
incremental_conductance,partial_shading_pattern_a,7,settling_time_s,0.6532663316582915,not_applicable
incremental_conductance,partial_shading_pattern_a,7,oscillation_peak_to_peak_w,40.80317646128684,not_applicable
incremental_conductance,partial_shading_pattern_a,7,oscillation_std_w,15.922904632471411,not_applicable
incremental_conductance,partial_shading_pattern_a,7,energy_yield_j,77.98396218575459,not_applicable
incremental_conductance,partial_shading_pattern_a,7,energy_yield_ratio,0.8091283253887255,not_applicable
incremental_conductance,partial_shading_pattern_a,8,tracking_efficiency_pct,81.2402745664344,not_applicable
incremental_conductance,partial_shading_pattern_a,8,convergence_time_s,0.8442211055276382,not_applicable
incremental_conductance,partial_shading_pattern_a,8,settling_time_s,0.8442211055276382,not_applicable
incremental_conductance,partial_shading_pattern_a,8,oscillation_peak_to_peak_w,44.20972141903941,not_applicable
incremental_conductance,partial_shading_pattern_a,8,oscillation_std_w,18.53202176641231,not_applicable
incremental_conductance,partial_shading_pattern_a,8,energy_yield_j,82.86875419385397,not_applicable
incremental_conductance,partial_shading_pattern_a,8,energy_yield_ratio,0.812402745664344,not_applicable
incremental_conductance,partial_shading_pattern_a,9,tracking_efficiency_pct,80.89840825441378,not_applicable
incremental_conductance,partial_shading_pattern_a,9,convergence_time_s,0.6733668341708543,not_applicable
incremental_conductance,partial_shading_pattern_a,9,settling_time_s,0.6733668341708543,not_applicable
incremental_conductance,partial_shading_pattern_a,9,oscillation_peak_to_peak_w,39.928073621160934,not_applicable
incremental_conductance,partial_shading_pattern_a,9,oscillation_std_w,15.68259022422803,not_applicable
incremental_conductance,partial_shading_pattern_a,9,energy_yield_j,76.29321349934457,not_applicable
incremental_conductance,partial_shading_pattern_a,9,energy_yield_ratio,0.8089840825441378,not_applicable
incremental_conductance,partial_shading_pattern_b,0,tracking_efficiency_pct,87.11534940665211,not_applicable
incremental_conductance,partial_shading_pattern_b,0,convergence_time_s,0.7839195979899498,not_applicable
incremental_conductance,partial_shading_pattern_b,0,settling_time_s,0.7839195979899498,not_applicable
incremental_conductance,partial_shading_pattern_b,0,oscillation_peak_to_peak_w,31.084281096208294,not_applicable
incremental_conductance,partial_shading_pattern_b,0,oscillation_std_w,12.127952762193983,not_applicable
incremental_conductance,partial_shading_pattern_b,0,energy_yield_j,81.52429089342132,not_applicable
incremental_conductance,partial_shading_pattern_b,0,energy_yield_ratio,0.8711534940665211,not_applicable
incremental_conductance,partial_shading_pattern_b,1,tracking_efficiency_pct,86.57132697814014,not_applicable
incremental_conductance,partial_shading_pattern_b,1,convergence_time_s,0.8040201005025126,not_applicable
incremental_conductance,partial_shading_pattern_b,1,settling_time_s,0.8040201005025126,not_applicable
incremental_conductance,partial_shading_pattern_b,1,oscillation_peak_to_peak_w,31.275899108247096,not_applicable
incremental_conductance,partial_shading_pattern_b,1,oscillation_std_w,12.123542238876867,not_applicable
incremental_conductance,partial_shading_pattern_b,1,energy_yield_j,81.24940857623713,not_applicable
incremental_conductance,partial_shading_pattern_b,1,energy_yield_ratio,0.8657132697814013,not_applicable
incremental_conductance,partial_shading_pattern_b,2,tracking_efficiency_pct,87.54551759524276,not_applicable
incremental_conductance,partial_shading_pattern_b,2,convergence_time_s,0.7135678391959799,not_applicable
incremental_conductance,partial_shading_pattern_b,2,settling_time_s,0.7135678391959799,not_applicable
incremental_conductance,partial_shading_pattern_b,2,oscillation_peak_to_peak_w,31.207347672382852,not_applicable
incremental_conductance,partial_shading_pattern_b,2,oscillation_std_w,12.316014564511102,not_applicable
incremental_conductance,partial_shading_pattern_b,2,energy_yield_j,81.23599725068362,not_applicable
incremental_conductance,partial_shading_pattern_b,2,energy_yield_ratio,0.8754551759524276,not_applicable
incremental_conductance,partial_shading_pattern_b,3,tracking_efficiency_pct,87.1954098838247,not_applicable
incremental_conductance,partial_shading_pattern_b,3,convergence_time_s,0.7035175879396985,not_applicable
incremental_conductance,partial_shading_pattern_b,3,settling_time_s,0.7035175879396985,not_applicable
incremental_conductance,partial_shading_pattern_b,3,oscillation_peak_to_peak_w,33.68744919606047,not_applicable
incremental_conductance,partial_shading_pattern_b,3,oscillation_std_w,13.309891933150155,not_applicable
incremental_conductance,partial_shading_pattern_b,3,energy_yield_j,86.32949554940825,not_applicable
incremental_conductance,partial_shading_pattern_b,3,energy_yield_ratio,0.8719540988382469,not_applicable
incremental_conductance,partial_shading_pattern_b,4,tracking_efficiency_pct,87.05690191997205,not_applicable
incremental_conductance,partial_shading_pattern_b,4,convergence_time_s,0.7537688442211056,not_applicable
incremental_conductance,partial_shading_pattern_b,4,settling_time_s,0.7537688442211056,not_applicable
incremental_conductance,partial_shading_pattern_b,4,oscillation_peak_to_peak_w,31.072539793901385,not_applicable
incremental_conductance,partial_shading_pattern_b,4,oscillation_std_w,12.197797486141972,not_applicable
incremental_conductance,partial_shading_pattern_b,4,energy_yield_j,80.30271494118107,not_applicable
incremental_conductance,partial_shading_pattern_b,4,energy_yield_ratio,0.8705690191997205,not_applicable
incremental_conductance,partial_shading_pattern_b,5,tracking_efficiency_pct,88.39894804709144,not_applicable
incremental_conductance,partial_shading_pattern_b,5,convergence_time_s,0.592964824120603,not_applicable
incremental_conductance,partial_shading_pattern_b,5,settling_time_s,0.592964824120603,not_applicable
incremental_conductance,partial_shading_pattern_b,5,oscillation_peak_to_peak_w,34.1453484491379,not_applicable
incremental_conductance,partial_shading_pattern_b,5,oscillation_std_w,13.571160819739163,not_applicable
incremental_conductance,partial_shading_pattern_b,5,energy_yield_j,89.28064678681028,not_applicable
incremental_conductance,partial_shading_pattern_b,5,energy_yield_ratio,0.8839894804709143,not_applicable
incremental_conductance,partial_shading_pattern_b,6,tracking_efficiency_pct,88.263403226999,not_applicable
incremental_conductance,partial_shading_pattern_b,6,convergence_time_s,0.6030150753768845,not_applicable
incremental_conductance,partial_shading_pattern_b,6,settling_time_s,0.6030150753768845,not_applicable
incremental_conductance,partial_shading_pattern_b,6,oscillation_peak_to_peak_w,33.52836871773697,not_applicable
incremental_conductance,partial_shading_pattern_b,6,oscillation_std_w,13.321886318745797,not_applicable
incremental_conductance,partial_shading_pattern_b,6,energy_yield_j,87.40989286117258,not_applicable
incremental_conductance,partial_shading_pattern_b,6,energy_yield_ratio,0.88263403226999,not_applicable
incremental_conductance,partial_shading_pattern_b,7,tracking_efficiency_pct,87.43236879451437,not_applicable
incremental_conductance,partial_shading_pattern_b,7,convergence_time_s,0.7035175879396985,not_applicable
incremental_conductance,partial_shading_pattern_b,7,settling_time_s,0.7035175879396985,not_applicable
incremental_conductance,partial_shading_pattern_b,7,oscillation_peak_to_peak_w,33.065800539358136,not_applicable
incremental_conductance,partial_shading_pattern_b,7,oscillation_std_w,13.06710609114068,not_applicable
incremental_conductance,partial_shading_pattern_b,7,energy_yield_j,85.4790042554059,not_applicable
incremental_conductance,partial_shading_pattern_b,7,energy_yield_ratio,0.8743236879451438,not_applicable
incremental_conductance,partial_shading_pattern_b,8,tracking_efficiency_pct,88.70507123540202,not_applicable
incremental_conductance,partial_shading_pattern_b,8,convergence_time_s,0.542713567839196,not_applicable
incremental_conductance,partial_shading_pattern_b,8,settling_time_s,0.542713567839196,not_applicable
incremental_conductance,partial_shading_pattern_b,8,oscillation_peak_to_peak_w,35.13297791768149,not_applicable
incremental_conductance,partial_shading_pattern_b,8,oscillation_std_w,13.993770938453075,not_applicable
incremental_conductance,partial_shading_pattern_b,8,energy_yield_j,91.53573481616537,not_applicable
incremental_conductance,partial_shading_pattern_b,8,energy_yield_ratio,0.8870507123540201,not_applicable
incremental_conductance,partial_shading_pattern_b,9,tracking_efficiency_pct,87.57149812185358,not_applicable
incremental_conductance,partial_shading_pattern_b,9,convergence_time_s,0.6834170854271356,not_applicable
incremental_conductance,partial_shading_pattern_b,9,settling_time_s,0.6834170854271356,not_applicable
incremental_conductance,partial_shading_pattern_b,9,oscillation_peak_to_peak_w,32.36227622581285,not_applicable
incremental_conductance,partial_shading_pattern_b,9,oscillation_std_w,12.808142510872598,not_applicable
incremental_conductance,partial_shading_pattern_b,9,energy_yield_j,83.7303968261571,not_applicable
incremental_conductance,partial_shading_pattern_b,9,energy_yield_ratio,0.8757149812185357,not_applicable
fuzzy_3x3,steady_state_stc,0,tracking_efficiency_pct,95.57186259381129,not_applicable
fuzzy_3x3,steady_state_stc,0,convergence_time_s,0.38383838383838387,not_applicable
fuzzy_3x3,steady_state_stc,0,settling_time_s,0.38383838383838387,not_applicable
fuzzy_3x3,steady_state_stc,0,oscillation_peak_to_peak_w,1.1920272230289015,not_applicable
fuzzy_3x3,steady_state_stc,0,oscillation_std_w,0.315187875699482,not_applicable
fuzzy_3x3,steady_state_stc,0,energy_yield_j,63.74924316897878,not_applicable
fuzzy_3x3,steady_state_stc,0,energy_yield_ratio,0.955718625938113,not_applicable
fuzzy_3x3,steady_state_stc,1,tracking_efficiency_pct,96.42698063643529,not_applicable
fuzzy_3x3,steady_state_stc,1,convergence_time_s,0.29292929292929293,not_applicable
fuzzy_3x3,steady_state_stc,1,settling_time_s,0.29292929292929293,not_applicable
fuzzy_3x3,steady_state_stc,1,oscillation_peak_to_peak_w,1.238868756024317,not_applicable
fuzzy_3x3,steady_state_stc,1,oscillation_std_w,0.30401517617457885,not_applicable
fuzzy_3x3,steady_state_stc,1,energy_yield_j,65.4562712832215,not_applicable
fuzzy_3x3,steady_state_stc,1,energy_yield_ratio,0.9642698063643529,not_applicable
fuzzy_3x3,steady_state_stc,2,tracking_efficiency_pct,95.93438752728966,not_applicable
fuzzy_3x3,steady_state_stc,2,convergence_time_s,0.36363636363636365,not_applicable
fuzzy_3x3,steady_state_stc,2,settling_time_s,0.36363636363636365,not_applicable
fuzzy_3x3,steady_state_stc,2,oscillation_peak_to_peak_w,1.1609976051716586,not_applicable
fuzzy_3x3,steady_state_stc,2,oscillation_std_w,0.3033781095594304,not_applicable
fuzzy_3x3,steady_state_stc,2,energy_yield_j,63.85589341299323,not_applicable
fuzzy_3x3,steady_state_stc,2,energy_yield_ratio,0.9593438752728966,not_applicable
fuzzy_3x3,steady_state_stc,3,tracking_efficiency_pct,97.02170077492094,not_applicable
fuzzy_3x3,steady_state_stc,3,convergence_time_s,0.25252525252525254,not_applicable
fuzzy_3x3,steady_state_stc,3,settling_time_s,0.25252525252525254,not_applicable
fuzzy_3x3,steady_state_stc,3,oscillation_peak_to_peak_w,1.3019573910653577,not_applicable
fuzzy_3x3,steady_state_stc,3,oscillation_std_w,0.307688292749616,not_applicable
fuzzy_3x3,steady_state_stc,3,energy_yield_j,70.00602262535068,not_applicable
fuzzy_3x3,steady_state_stc,3,energy_yield_ratio,0.9702170077492095,not_applicable
fuzzy_3x3,steady_state_stc,4,tracking_efficiency_pct,96.0287624112798,not_applicable
fuzzy_3x3,steady_state_stc,4,convergence_time_s,0.3434343434343435,not_applicable
fuzzy_3x3,steady_state_stc,4,settling_time_s,0.3434343434343435,not_applicable
fuzzy_3x3,steady_state_stc,4,oscillation_peak_to_peak_w,1.1763885972000594,not_applicable
fuzzy_3x3,steady_state_stc,4,oscillation_std_w,0.30237378128283826,not_applicable
fuzzy_3x3,steady_state_stc,4,energy_yield_j,63.68699440067445,not_applicable
fuzzy_3x3,steady_state_stc,4,energy_yield_ratio,0.960287624112798,not_applicable
fuzzy_3x3,steady_state_stc,5,tracking_efficiency_pct,96.99083971198326,not_applicable
fuzzy_3x3,steady_state_stc,5,convergence_time_s,0.27272727272727276,not_applicable
fuzzy_3x3,steady_state_stc,5,settling_time_s,0.27272727272727276,not_applicable
fuzzy_3x3,steady_state_stc,5,oscillation_peak_to_peak_w,1.3279821749178637,not_applicable
fuzzy_3x3,steady_state_stc,5,oscillation_std_w,0.32318043161130455,not_applicable
fuzzy_3x3,steady_state_stc,5,energy_yield_j,71.18772683743107,not_applicable
fuzzy_3x3,steady_state_stc,5,energy_yield_ratio,0.9699083971198326,not_applicable
fuzzy_3x3,steady_state_stc,6,tracking_efficiency_pct,97.04014049264939,not_applicable
fuzzy_3x3,steady_state_stc,6,convergence_time_s,0.26262626262626265,not_applicable
fuzzy_3x3,steady_state_stc,6,settling_time_s,0.26262626262626265,not_applicable
fuzzy_3x3,steady_state_stc,6,oscillation_peak_to_peak_w,1.3346444631029755,not_applicable
fuzzy_3x3,steady_state_stc,6,oscillation_std_w,0.32130675673525544,not_applicable
fuzzy_3x3,steady_state_stc,6,energy_yield_j,70.02708629836916,not_applicable
fuzzy_3x3,steady_state_stc,6,energy_yield_ratio,0.9704014049264938,not_applicable
fuzzy_3x3,steady_state_stc,7,tracking_efficiency_pct,96.45504147966089,not_applicable
fuzzy_3x3,steady_state_stc,7,convergence_time_s,0.31313131313131315,not_applicable
fuzzy_3x3,steady_state_stc,7,settling_time_s,0.31313131313131315,not_applicable
fuzzy_3x3,steady_state_stc,7,oscillation_peak_to_peak_w,1.235664750960325,not_applicable
fuzzy_3x3,steady_state_stc,7,oscillation_std_w,0.31035499686031887,not_applicable
fuzzy_3x3,steady_state_stc,7,energy_yield_j,68.03146818317543,not_applicable
fuzzy_3x3,steady_state_stc,7,energy_yield_ratio,0.964550414796609,not_applicable
fuzzy_3x3,steady_state_stc,8,tracking_efficiency_pct,97.38596175433668,not_applicable
fuzzy_3x3,steady_state_stc,8,convergence_time_s,0.24242424242424243,not_applicable
fuzzy_3x3,steady_state_stc,8,settling_time_s,0.24242424242424243,not_applicable
fuzzy_3x3,steady_state_stc,8,oscillation_peak_to_peak_w,1.330750686437355,not_applicable
fuzzy_3x3,steady_state_stc,8,oscillation_std_w,0.3141064023847998,not_applicable
fuzzy_3x3,steady_state_stc,8,energy_yield_j,73.54807403135752,not_applicable
fuzzy_3x3,steady_state_stc,8,energy_yield_ratio,0.9738596175433667,not_applicable
fuzzy_3x3,steady_state_stc,9,tracking_efficiency_pct,96.53355880810678,not_applicable
fuzzy_3x3,steady_state_stc,9,convergence_time_s,0.30303030303030304,not_applicable
fuzzy_3x3,steady_state_stc,9,settling_time_s,0.30303030303030304,not_applicable
fuzzy_3x3,steady_state_stc,9,oscillation_peak_to_peak_w,1.2522779630434542,not_applicable
fuzzy_3x3,steady_state_stc,9,oscillation_std_w,0.312226603597702,not_applicable
fuzzy_3x3,steady_state_stc,9,energy_yield_j,66.7646078040026,not_applicable
fuzzy_3x3,steady_state_stc,9,energy_yield_ratio,0.9653355880810678,not_applicable
fuzzy_3x3,multi_level_irradiance,0,tracking_efficiency_pct,81.55185271825799,not_applicable
fuzzy_3x3,multi_level_irradiance,0,convergence_time_s,0.7939698492462312,not_applicable
fuzzy_3x3,multi_level_irradiance,0,settling_time_s,0.7939698492462312,not_applicable
fuzzy_3x3,multi_level_irradiance,0,oscillation_peak_to_peak_w,52.098785940509906,not_applicable
fuzzy_3x3,multi_level_irradiance,0,oscillation_std_w,21.787076461930237,not_applicable
fuzzy_3x3,multi_level_irradiance,0,energy_yield_j,64.2932892776029,not_applicable
fuzzy_3x3,multi_level_irradiance,0,energy_yield_ratio,0.8155185271825799,not_applicable
fuzzy_3x3,multi_level_irradiance,1,tracking_efficiency_pct,82.11093688925982,not_applicable
fuzzy_3x3,multi_level_irradiance,1,convergence_time_s,0.7638190954773869,not_applicable
fuzzy_3x3,multi_level_irradiance,1,settling_time_s,0.7638190954773869,not_applicable
fuzzy_3x3,multi_level_irradiance,1,oscillation_peak_to_peak_w,53.98871370877698,not_applicable
fuzzy_3x3,multi_level_irradiance,1,oscillation_std_w,22.56589629427895,not_applicable
fuzzy_3x3,multi_level_irradiance,1,energy_yield_j,64.9442601295167,not_applicable
fuzzy_3x3,multi_level_irradiance,1,energy_yield_ratio,0.8211093688925981,not_applicable
fuzzy_3x3,multi_level_irradiance,2,tracking_efficiency_pct,81.66471374788267,not_applicable
fuzzy_3x3,multi_level_irradiance,2,convergence_time_s,0.7537688442211056,not_applicable
fuzzy_3x3,multi_level_irradiance,2,settling_time_s,0.7537688442211056,not_applicable
fuzzy_3x3,multi_level_irradiance,2,oscillation_peak_to_peak_w,52.270806508574225,not_applicable
fuzzy_3x3,multi_level_irradiance,2,oscillation_std_w,21.588276104825063,not_applicable
fuzzy_3x3,multi_level_irradiance,2,energy_yield_j,63.83054099278204,not_applicable
fuzzy_3x3,multi_level_irradiance,2,energy_yield_ratio,0.8166471374788267,not_applicable
fuzzy_3x3,multi_level_irradiance,3,tracking_efficiency_pct,82.39783558355379,not_applicable
fuzzy_3x3,multi_level_irradiance,3,convergence_time_s,0.7035175879396985,not_applicable
fuzzy_3x3,multi_level_irradiance,3,settling_time_s,0.7035175879396985,not_applicable
fuzzy_3x3,multi_level_irradiance,3,oscillation_peak_to_peak_w,57.7288068582936,not_applicable
fuzzy_3x3,multi_level_irradiance,3,oscillation_std_w,23.711306167341867,not_applicable
fuzzy_3x3,multi_level_irradiance,3,energy_yield_j,68.75693599288209,not_applicable
fuzzy_3x3,multi_level_irradiance,3,energy_yield_ratio,0.8239783558355378,not_applicable
fuzzy_3x3,multi_level_irradiance,4,tracking_efficiency_pct,81.78072995788071,not_applicable
fuzzy_3x3,multi_level_irradiance,4,convergence_time_s,0.7638190954773869,not_applicable
fuzzy_3x3,multi_level_irradiance,4,settling_time_s,0.7638190954773869,not_applicable
fuzzy_3x3,multi_level_irradiance,4,oscillation_peak_to_peak_w,52.28894308648432,not_applicable
fuzzy_3x3,multi_level_irradiance,4,oscillation_std_w,21.725005323876307,not_applicable
fuzzy_3x3,multi_level_irradiance,4,energy_yield_j,63.553914137068936,not_applicable
fuzzy_3x3,multi_level_irradiance,4,energy_yield_ratio,0.8178072995788072,not_applicable
fuzzy_3x3,multi_level_irradiance,5,tracking_efficiency_pct,82.16817830217322,not_applicable
fuzzy_3x3,multi_level_irradiance,5,convergence_time_s,0.6331658291457286,not_applicable
fuzzy_3x3,multi_level_irradiance,5,settling_time_s,0.6331658291457286,not_applicable
fuzzy_3x3,multi_level_irradiance,5,oscillation_peak_to_peak_w,58.494139569103865,not_applicable
fuzzy_3x3,multi_level_irradiance,5,oscillation_std_w,23.350232100437527,not_applicable
fuzzy_3x3,multi_level_irradiance,5,energy_yield_j,69.93444201565208,not_applicable
fuzzy_3x3,multi_level_irradiance,5,energy_yield_ratio,0.8216817830217322,not_applicable
fuzzy_3x3,multi_level_irradiance,6,tracking_efficiency_pct,82.26325886309382,not_applicable
fuzzy_3x3,multi_level_irradiance,6,convergence_time_s,0.6432160804020101,not_applicable
fuzzy_3x3,multi_level_irradiance,6,settling_time_s,0.6432160804020101,not_applicable
fuzzy_3x3,multi_level_irradiance,6,oscillation_peak_to_peak_w,57.60312572322336,not_applicable
fuzzy_3x3,multi_level_irradiance,6,oscillation_std_w,23.10487909383891,not_applicable
fuzzy_3x3,multi_level_irradiance,6,energy_yield_j,68.64514429989313,not_applicable
fuzzy_3x3,multi_level_irradiance,6,energy_yield_ratio,0.8226325886309382,not_applicable
fuzzy_3x3,multi_level_irradiance,7,tracking_efficiency_pct,81.96487704616686,not_applicable
fuzzy_3x3,multi_level_irradiance,7,convergence_time_s,0.7236180904522613,not_applicable
fuzzy_3x3,multi_level_irradiance,7,settling_time_s,0.7236180904522613,not_applicable
fuzzy_3x3,multi_level_irradiance,7,oscillation_peak_to_peak_w,55.89260727272196,not_applicable
fuzzy_3x3,multi_level_irradiance,7,oscillation_std_w,22.951628965937033,not_applicable
fuzzy_3x3,multi_level_irradiance,7,energy_yield_j,67.51497400663408,not_applicable
fuzzy_3x3,multi_level_irradiance,7,energy_yield_ratio,0.8196487704616686,not_applicable
fuzzy_3x3,multi_level_irradiance,8,tracking_efficiency_pct,82.44752720918795,not_applicable
fuzzy_3x3,multi_level_irradiance,8,convergence_time_s,0.5829145728643216,not_applicable
fuzzy_3x3,multi_level_irradiance,8,settling_time_s,0.5829145728643216,not_applicable
fuzzy_3x3,multi_level_irradiance,8,oscillation_peak_to_peak_w,60.495221115322884,not_applicable
fuzzy_3x3,multi_level_irradiance,8,oscillation_std_w,23.840064852912498,not_applicable
fuzzy_3x3,multi_level_irradiance,8,energy_yield_j,71.69599136321048,not_applicable
fuzzy_3x3,multi_level_irradiance,8,energy_yield_ratio,0.8244752720918795,not_applicable
fuzzy_3x3,multi_level_irradiance,9,tracking_efficiency_pct,81.9907392341814,not_applicable
fuzzy_3x3,multi_level_irradiance,9,convergence_time_s,0.7135678391959799,not_applicable
fuzzy_3x3,multi_level_irradiance,9,settling_time_s,0.7135678391959799,not_applicable
fuzzy_3x3,multi_level_irradiance,9,oscillation_peak_to_peak_w,54.88356432504551,not_applicable
fuzzy_3x3,multi_level_irradiance,9,oscillation_std_w,22.475665768251314,not_applicable
fuzzy_3x3,multi_level_irradiance,9,energy_yield_j,66.05571454946782,not_applicable
fuzzy_3x3,multi_level_irradiance,9,energy_yield_ratio,0.8199073923418141,not_applicable
fuzzy_3x3,temperature_variation,0,tracking_efficiency_pct,97.52089708528435,not_applicable
fuzzy_3x3,temperature_variation,0,convergence_time_s,0.38190954773869346,not_applicable
fuzzy_3x3,temperature_variation,0,settling_time_s,0.38190954773869346,not_applicable
fuzzy_3x3,temperature_variation,0,oscillation_peak_to_peak_w,6.944674445413639,not_applicable
fuzzy_3x3,temperature_variation,0,oscillation_std_w,2.203357265426141,not_applicable
fuzzy_3x3,temperature_variation,0,energy_yield_j,124.47755865936051,not_applicable
fuzzy_3x3,temperature_variation,0,energy_yield_ratio,0.9752089708528435,not_applicable
fuzzy_3x3,temperature_variation,1,tracking_efficiency_pct,97.99901038193633,not_applicable
fuzzy_3x3,temperature_variation,1,convergence_time_s,0.2914572864321608,not_applicable
fuzzy_3x3,temperature_variation,1,settling_time_s,0.2914572864321608,not_applicable
fuzzy_3x3,temperature_variation,1,oscillation_peak_to_peak_w,7.46458971506415,not_applicable
fuzzy_3x3,temperature_variation,1,oscillation_std_w,2.3082071735641607,not_applicable
fuzzy_3x3,temperature_variation,1,energy_yield_j,127.23712953798149,not_applicable
fuzzy_3x3,temperature_variation,1,energy_yield_ratio,0.9799901038193632,not_applicable
fuzzy_3x3,temperature_variation,2,tracking_efficiency_pct,97.71830569909517,not_applicable
fuzzy_3x3,temperature_variation,2,convergence_time_s,0.36180904522613067,not_applicable
fuzzy_3x3,temperature_variation,2,settling_time_s,0.36180904522613067,not_applicable
fuzzy_3x3,temperature_variation,2,oscillation_peak_to_peak_w,6.863635071335793,not_applicable
fuzzy_3x3,temperature_variation,2,oscillation_std_w,2.1631413330719402,not_applicable
fuzzy_3x3,temperature_variation,2,energy_yield_j,124.58686082654398,not_applicable
fuzzy_3x3,temperature_variation,2,energy_yield_ratio,0.9771830569909516,not_applicable
fuzzy_3x3,temperature_variation,3,tracking_efficiency_pct,98.33690153361107,not_applicable
fuzzy_3x3,temperature_variation,3,convergence_time_s,0.25125628140703515,not_applicable
fuzzy_3x3,temperature_variation,3,settling_time_s,0.25125628140703515,not_applicable
fuzzy_3x3,temperature_variation,3,oscillation_peak_to_peak_w,7.329093971942555,not_applicable
fuzzy_3x3,temperature_variation,3,oscillation_std_w,2.243820094793576,not_applicable
fuzzy_3x3,temperature_variation,3,energy_yield_j,136.28552079280473,not_applicable
fuzzy_3x3,temperature_variation,3,energy_yield_ratio,0.9833690153361107,not_applicable
fuzzy_3x3,temperature_variation,4,tracking_efficiency_pct,97.771631053865,not_applicable
fuzzy_3x3,temperature_variation,4,convergence_time_s,0.3417085427135678,not_applicable
fuzzy_3x3,temperature_variation,4,settling_time_s,0.3417085427135678,not_applicable
fuzzy_3x3,temperature_variation,4,oscillation_peak_to_peak_w,7.08762872807246,not_applicable
fuzzy_3x3,temperature_variation,4,oscillation_std_w,2.219197326227231,not_applicable
fuzzy_3x3,temperature_variation,4,energy_yield_j,124.0591507533201,not_applicable
fuzzy_3x3,temperature_variation,4,energy_yield_ratio,0.9777163105386499,not_applicable
fuzzy_3x3,temperature_variation,5,tracking_efficiency_pct,98.32302769920928,not_applicable
fuzzy_3x3,temperature_variation,5,convergence_time_s,0.271356783919598,not_applicable
fuzzy_3x3,temperature_variation,5,settling_time_s,0.271356783919598,not_applicable
fuzzy_3x3,temperature_variation,5,oscillation_peak_to_peak_w,6.866335983016711,not_applicable
fuzzy_3x3,temperature_variation,5,oscillation_std_w,2.105745504650807,not_applicable
fuzzy_3x3,temperature_variation,5,energy_yield_j,139.01825379967312,not_applicable
fuzzy_3x3,temperature_variation,5,energy_yield_ratio,0.9832302769920928,not_applicable
fuzzy_3x3,temperature_variation,6,tracking_efficiency_pct,98.34473092098523,not_applicable
fuzzy_3x3,temperature_variation,6,convergence_time_s,0.2613065326633166,not_applicable
fuzzy_3x3,temperature_variation,6,settling_time_s,0.2613065326633166,not_applicable
fuzzy_3x3,temperature_variation,6,oscillation_peak_to_peak_w,6.944060615634214,not_applicable
fuzzy_3x3,temperature_variation,6,oscillation_std_w,2.131066192358572,not_applicable
fuzzy_3x3,temperature_variation,6,energy_yield_j,136.5749103099143,not_applicable
fuzzy_3x3,temperature_variation,6,energy_yield_ratio,0.9834473092098522,not_applicable
fuzzy_3x3,temperature_variation,7,tracking_efficiency_pct,98.02405372102477,not_applicable
fuzzy_3x3,temperature_variation,7,convergence_time_s,0.31155778894472363,not_applicable
fuzzy_3x3,temperature_variation,7,settling_time_s,0.31155778894472363,not_applicable
fuzzy_3x3,temperature_variation,7,oscillation_peak_to_peak_w,7.068817099497927,not_applicable
fuzzy_3x3,temperature_variation,7,oscillation_std_w,2.1871985680797614,not_applicable
fuzzy_3x3,temperature_variation,7,energy_yield_j,132.73934049843348,not_applicable
fuzzy_3x3,temperature_variation,7,energy_yield_ratio,0.9802405372102477,not_applicable
fuzzy_3x3,temperature_variation,8,tracking_efficiency_pct,98.54157828392758,not_applicable
fuzzy_3x3,temperature_variation,8,convergence_time_s,0.24120603015075376,not_applicable
fuzzy_3x3,temperature_variation,8,settling_time_s,0.24120603015075376,not_applicable
fuzzy_3x3,temperature_variation,8,oscillation_peak_to_peak_w,6.829763273173185,not_applicable
fuzzy_3x3,temperature_variation,8,oscillation_std_w,2.0798378612865975,not_applicable
fuzzy_3x3,temperature_variation,8,energy_yield_j,143.61822444250726,not_applicable
fuzzy_3x3,temperature_variation,8,energy_yield_ratio,0.9854157828392758,not_applicable
fuzzy_3x3,temperature_variation,9,tracking_efficiency_pct,98.05978643517619,not_applicable
fuzzy_3x3,temperature_variation,9,convergence_time_s,0.30150753768844224,not_applicable
fuzzy_3x3,temperature_variation,9,settling_time_s,0.30150753768844224,not_applicable
fuzzy_3x3,temperature_variation,9,oscillation_peak_to_peak_w,7.0445858481278805,not_applicable
fuzzy_3x3,temperature_variation,9,oscillation_std_w,2.1825033671814436,not_applicable
fuzzy_3x3,temperature_variation,9,energy_yield_j,130.12783051953872,not_applicable
fuzzy_3x3,temperature_variation,9,energy_yield_ratio,0.980597864351762,not_applicable
fuzzy_3x3,partial_shading_pattern_a,0,tracking_efficiency_pct,82.71477413194725,not_applicable
fuzzy_3x3,partial_shading_pattern_a,0,convergence_time_s,0.38190954773869346,not_applicable
fuzzy_3x3,partial_shading_pattern_a,0,settling_time_s,0.38190954773869346,not_applicable
fuzzy_3x3,partial_shading_pattern_a,0,oscillation_peak_to_peak_w,56.43159975941391,not_applicable
fuzzy_3x3,partial_shading_pattern_a,0,oscillation_std_w,20.735255507680737,not_applicable
fuzzy_3x3,partial_shading_pattern_a,0,energy_yield_j,76.13922145876988,not_applicable
fuzzy_3x3,partial_shading_pattern_a,0,energy_yield_ratio,0.8271477413194726,not_applicable
fuzzy_3x3,partial_shading_pattern_a,1,tracking_efficiency_pct,83.01612577850001,not_applicable
fuzzy_3x3,partial_shading_pattern_a,1,convergence_time_s,0.2914572864321608,not_applicable
fuzzy_3x3,partial_shading_pattern_a,1,settling_time_s,0.2914572864321608,not_applicable
fuzzy_3x3,partial_shading_pattern_a,1,oscillation_peak_to_peak_w,58.15513330075282,not_applicable
fuzzy_3x3,partial_shading_pattern_a,1,oscillation_std_w,22.08027255732598,not_applicable
fuzzy_3x3,partial_shading_pattern_a,1,energy_yield_j,76.85158898499614,not_applicable
fuzzy_3x3,partial_shading_pattern_a,1,energy_yield_ratio,0.830161257785,not_applicable
fuzzy_3x3,partial_shading_pattern_a,2,tracking_efficiency_pct,82.8306807006811,not_applicable
fuzzy_3x3,partial_shading_pattern_a,2,convergence_time_s,0.36180904522613067,not_applicable
fuzzy_3x3,partial_shading_pattern_a,2,settling_time_s,0.36180904522613067,not_applicable
fuzzy_3x3,partial_shading_pattern_a,2,oscillation_peak_to_peak_w,56.58548167782017,not_applicable
fuzzy_3x3,partial_shading_pattern_a,2,oscillation_std_w,20.978632079073975,not_applicable
fuzzy_3x3,partial_shading_pattern_a,2,energy_yield_j,75.68582996382236,not_applicable
fuzzy_3x3,partial_shading_pattern_a,2,energy_yield_ratio,0.828306807006811,not_applicable
fuzzy_3x3,partial_shading_pattern_a,3,tracking_efficiency_pct,83.37964215535304,not_applicable
fuzzy_3x3,partial_shading_pattern_a,3,convergence_time_s,0.25125628140703515,not_applicable
fuzzy_3x3,partial_shading_pattern_a,3,settling_time_s,0.25125628140703515,not_applicable
fuzzy_3x3,partial_shading_pattern_a,3,oscillation_peak_to_peak_w,62.11283577916873,not_applicable
fuzzy_3x3,partial_shading_pattern_a,3,oscillation_std_w,23.872674695606875,not_applicable
fuzzy_3x3,partial_shading_pattern_a,3,energy_yield_j,81.54338386210978,not_applicable
fuzzy_3x3,partial_shading_pattern_a,3,energy_yield_ratio,0.8337964215535304,not_applicable
fuzzy_3x3,partial_shading_pattern_a,4,tracking_efficiency_pct,82.84604340450336,not_applicable
fuzzy_3x3,partial_shading_pattern_a,4,convergence_time_s,0.3417085427135678,not_applicable
fuzzy_3x3,partial_shading_pattern_a,4,settling_time_s,0.3417085427135678,not_applicable
fuzzy_3x3,partial_shading_pattern_a,4,oscillation_peak_to_peak_w,56.51177355448178,not_applicable
fuzzy_3x3,partial_shading_pattern_a,4,oscillation_std_w,21.10274763084677,not_applicable
fuzzy_3x3,partial_shading_pattern_a,4,energy_yield_j,75.28754230290494,not_applicable
fuzzy_3x3,partial_shading_pattern_a,4,energy_yield_ratio,0.8284604340450336,not_applicable
fuzzy_3x3,partial_shading_pattern_a,5,tracking_efficiency_pct,83.32202491474705,not_applicable
fuzzy_3x3,partial_shading_pattern_a,5,convergence_time_s,0.271356783919598,not_applicable
fuzzy_3x3,partial_shading_pattern_a,5,settling_time_s,0.271356783919598,not_applicable
fuzzy_3x3,partial_shading_pattern_a,5,oscillation_peak_to_peak_w,63.082419259663546,not_applicable
fuzzy_3x3,partial_shading_pattern_a,5,oscillation_std_w,24.12741060592103,not_applicable
fuzzy_3x3,partial_shading_pattern_a,5,energy_yield_j,83.07765424932123,not_applicable
fuzzy_3x3,partial_shading_pattern_a,5,energy_yield_ratio,0.8332202491474705,not_applicable
fuzzy_3x3,partial_shading_pattern_a,6,tracking_efficiency_pct,83.3604177744304,not_applicable
fuzzy_3x3,partial_shading_pattern_a,6,convergence_time_s,0.2613065326633166,not_applicable
fuzzy_3x3,partial_shading_pattern_a,6,settling_time_s,0.2613065326633166,not_applicable
fuzzy_3x3,partial_shading_pattern_a,6,oscillation_peak_to_peak_w,62.10908531003958,not_applicable
fuzzy_3x3,partial_shading_pattern_a,6,oscillation_std_w,23.821364341333148,not_applicable
fuzzy_3x3,partial_shading_pattern_a,6,energy_yield_j,81.53579913766247,not_applicable
fuzzy_3x3,partial_shading_pattern_a,6,energy_yield_ratio,0.8336041777443041,not_applicable
fuzzy_3x3,partial_shading_pattern_a,7,tracking_efficiency_pct,83.06054241087836,not_applicable
fuzzy_3x3,partial_shading_pattern_a,7,convergence_time_s,0.31155778894472363,not_applicable
fuzzy_3x3,partial_shading_pattern_a,7,settling_time_s,0.31155778894472363,not_applicable
fuzzy_3x3,partial_shading_pattern_a,7,oscillation_peak_to_peak_w,60.31188137744498,not_applicable
fuzzy_3x3,partial_shading_pattern_a,7,oscillation_std_w,22.76314139784451,not_applicable
fuzzy_3x3,partial_shading_pattern_a,7,energy_yield_j,80.05392958386795,not_applicable
fuzzy_3x3,partial_shading_pattern_a,7,energy_yield_ratio,0.8306054241087836,not_applicable
fuzzy_3x3,partial_shading_pattern_a,8,tracking_efficiency_pct,83.57805243261576,not_applicable
fuzzy_3x3,partial_shading_pattern_a,8,convergence_time_s,0.24120603015075376,not_applicable
fuzzy_3x3,partial_shading_pattern_a,8,settling_time_s,0.24120603015075376,not_applicable
fuzzy_3x3,partial_shading_pattern_a,8,oscillation_peak_to_peak_w,65.17823625992533,not_applicable
fuzzy_3x3,partial_shading_pattern_a,8,oscillation_std_w,25.138129683412973,not_applicable
fuzzy_3x3,partial_shading_pattern_a,8,energy_yield_j,85.2533933446485,not_applicable
fuzzy_3x3,partial_shading_pattern_a,8,energy_yield_ratio,0.8357805243261577,not_applicable
fuzzy_3x3,partial_shading_pattern_a,9,tracking_efficiency_pct,83.07254391005632,not_applicable
fuzzy_3x3,partial_shading_pattern_a,9,convergence_time_s,0.30150753768844224,not_applicable
fuzzy_3x3,partial_shading_pattern_a,9,settling_time_s,0.30150753768844224,not_applicable
fuzzy_3x3,partial_shading_pattern_a,9,oscillation_peak_to_peak_w,59.232870314643364,not_applicable
fuzzy_3x3,partial_shading_pattern_a,9,oscillation_std_w,22.438216873990388,not_applicable
fuzzy_3x3,partial_shading_pattern_a,9,energy_yield_j,78.3435850620437,not_applicable
fuzzy_3x3,partial_shading_pattern_a,9,energy_yield_ratio,0.8307254391005633,not_applicable
fuzzy_3x3,partial_shading_pattern_b,0,tracking_efficiency_pct,90.58973598355905,not_applicable
fuzzy_3x3,partial_shading_pattern_b,0,convergence_time_s,0.38190954773869346,not_applicable
fuzzy_3x3,partial_shading_pattern_b,0,settling_time_s,0.38190954773869346,not_applicable
fuzzy_3x3,partial_shading_pattern_b,0,oscillation_peak_to_peak_w,43.05409019417007,not_applicable
fuzzy_3x3,partial_shading_pattern_b,0,oscillation_std_w,14.141681684134348,not_applicable
fuzzy_3x3,partial_shading_pattern_b,0,energy_yield_j,84.77569152374849,not_applicable
fuzzy_3x3,partial_shading_pattern_b,0,energy_yield_ratio,0.9058973598355905,not_applicable
fuzzy_3x3,partial_shading_pattern_b,1,tracking_efficiency_pct,90.8917320066293,not_applicable
fuzzy_3x3,partial_shading_pattern_b,1,convergence_time_s,0.2914572864321608,not_applicable
fuzzy_3x3,partial_shading_pattern_b,1,settling_time_s,0.2914572864321608,not_applicable
fuzzy_3x3,partial_shading_pattern_b,1,oscillation_peak_to_peak_w,44.25394171093569,not_applicable
fuzzy_3x3,partial_shading_pattern_b,1,oscillation_std_w,14.776465644697396,not_applicable
fuzzy_3x3,partial_shading_pattern_b,1,energy_yield_j,85.30421939672027,not_applicable
fuzzy_3x3,partial_shading_pattern_b,1,energy_yield_ratio,0.908917320066293,not_applicable
fuzzy_3x3,partial_shading_pattern_b,2,tracking_efficiency_pct,90.64664121973165,not_applicable
fuzzy_3x3,partial_shading_pattern_b,2,convergence_time_s,0.35175879396984927,not_applicable
fuzzy_3x3,partial_shading_pattern_b,2,settling_time_s,0.35175879396984927,not_applicable
fuzzy_3x3,partial_shading_pattern_b,2,oscillation_peak_to_peak_w,43.1461634111004,not_applicable
fuzzy_3x3,partial_shading_pattern_b,2,oscillation_std_w,14.263512952990935,not_applicable
fuzzy_3x3,partial_shading_pattern_b,2,energy_yield_j,84.11361882575669,not_applicable
fuzzy_3x3,partial_shading_pattern_b,2,energy_yield_ratio,0.9064664121973165,not_applicable
fuzzy_3x3,partial_shading_pattern_b,3,tracking_efficiency_pct,91.16647859229396,not_applicable
fuzzy_3x3,partial_shading_pattern_b,3,convergence_time_s,0.25125628140703515,not_applicable
fuzzy_3x3,partial_shading_pattern_b,3,settling_time_s,0.25125628140703515,not_applicable
fuzzy_3x3,partial_shading_pattern_b,3,oscillation_peak_to_peak_w,47.20570670651843,not_applicable
fuzzy_3x3,partial_shading_pattern_b,3,oscillation_std_w,15.877076114048277,not_applicable
fuzzy_3x3,partial_shading_pattern_b,3,energy_yield_j,90.26112863480748,not_applicable
fuzzy_3x3,partial_shading_pattern_b,3,energy_yield_ratio,0.9116647859229395,not_applicable
fuzzy_3x3,partial_shading_pattern_b,4,tracking_efficiency_pct,90.687593704804,not_applicable
fuzzy_3x3,partial_shading_pattern_b,4,convergence_time_s,0.3417085427135678,not_applicable
fuzzy_3x3,partial_shading_pattern_b,4,settling_time_s,0.3417085427135678,not_applicable
fuzzy_3x3,partial_shading_pattern_b,4,oscillation_peak_to_peak_w,43.06117179671632,not_applicable
fuzzy_3x3,partial_shading_pattern_b,4,oscillation_std_w,14.241426743068644,not_applicable
fuzzy_3x3,partial_shading_pattern_b,4,energy_yield_j,83.65172462343077,not_applicable
fuzzy_3x3,partial_shading_pattern_b,4,energy_yield_ratio,0.90687593704804,not_applicable
fuzzy_3x3,partial_shading_pattern_b,5,tracking_efficiency_pct,91.08536860358689,not_applicable
fuzzy_3x3,partial_shading_pattern_b,5,convergence_time_s,0.271356783919598,not_applicable
fuzzy_3x3,partial_shading_pattern_b,5,settling_time_s,0.271356783919598,not_applicable
fuzzy_3x3,partial_shading_pattern_b,5,oscillation_peak_to_peak_w,47.98448439670243,not_applicable
fuzzy_3x3,partial_shading_pattern_b,5,oscillation_std_w,16.09539058109208,not_applicable
fuzzy_3x3,partial_shading_pattern_b,5,energy_yield_j,91.99386193386755,not_applicable
fuzzy_3x3,partial_shading_pattern_b,5,energy_yield_ratio,0.9108536860358688,not_applicable
fuzzy_3x3,partial_shading_pattern_b,6,tracking_efficiency_pct,91.08043190051566,not_applicable
fuzzy_3x3,partial_shading_pattern_b,6,convergence_time_s,0.2613065326633166,not_applicable
fuzzy_3x3,partial_shading_pattern_b,6,settling_time_s,0.2613065326633166,not_applicable
fuzzy_3x3,partial_shading_pattern_b,6,oscillation_peak_to_peak_w,47.219896279566754,not_applicable
fuzzy_3x3,partial_shading_pattern_b,6,oscillation_std_w,15.865749558187485,not_applicable
fuzzy_3x3,partial_shading_pattern_b,6,energy_yield_j,90.19968076347749,not_applicable
fuzzy_3x3,partial_shading_pattern_b,6,energy_yield_ratio,0.9108043190051566,not_applicable
fuzzy_3x3,partial_shading_pattern_b,7,tracking_efficiency_pct,90.90961284164528,not_applicable
fuzzy_3x3,partial_shading_pattern_b,7,convergence_time_s,0.31155778894472363,not_applicable
fuzzy_3x3,partial_shading_pattern_b,7,settling_time_s,0.31155778894472363,not_applicable
fuzzy_3x3,partial_shading_pattern_b,7,oscillation_peak_to_peak_w,45.93323320592664,not_applicable
fuzzy_3x3,partial_shading_pattern_b,7,oscillation_std_w,15.28330398523938,not_applicable
fuzzy_3x3,partial_shading_pattern_b,7,energy_yield_j,88.87856168247673,not_applicable
fuzzy_3x3,partial_shading_pattern_b,7,energy_yield_ratio,0.9090961284164528,not_applicable
fuzzy_3x3,partial_shading_pattern_b,8,tracking_efficiency_pct,91.24685669783649,not_applicable
fuzzy_3x3,partial_shading_pattern_b,8,convergence_time_s,0.24120603015075376,not_applicable
fuzzy_3x3,partial_shading_pattern_b,8,settling_time_s,0.24120603015075376,not_applicable
fuzzy_3x3,partial_shading_pattern_b,8,oscillation_peak_to_peak_w,49.511965572560555,not_applicable
fuzzy_3x3,partial_shading_pattern_b,8,oscillation_std_w,16.69142285319881,not_applicable
fuzzy_3x3,partial_shading_pattern_b,8,energy_yield_j,94.1586310813806,not_applicable
fuzzy_3x3,partial_shading_pattern_b,8,energy_yield_ratio,0.9124685669783649,not_applicable
fuzzy_3x3,partial_shading_pattern_b,9,tracking_efficiency_pct,90.8801213484684,not_applicable
fuzzy_3x3,partial_shading_pattern_b,9,convergence_time_s,0.30150753768844224,not_applicable
fuzzy_3x3,partial_shading_pattern_b,9,settling_time_s,0.30150753768844224,not_applicable
fuzzy_3x3,partial_shading_pattern_b,9,oscillation_peak_to_peak_w,45.092397963365485,not_applicable
fuzzy_3x3,partial_shading_pattern_b,9,oscillation_std_w,15.03606245921197,not_applicable
fuzzy_3x3,partial_shading_pattern_b,9,energy_yield_j,86.89389570026813,not_applicable
fuzzy_3x3,partial_shading_pattern_b,9,energy_yield_ratio,0.908801213484684,not_applicable
fuzzy_5x5,steady_state_stc,0,tracking_efficiency_pct,99.00661631057667,not_applicable
fuzzy_5x5,steady_state_stc,0,convergence_time_s,0.07070707070707072,not_applicable
fuzzy_5x5,steady_state_stc,0,settling_time_s,0.07070707070707072,not_applicable
fuzzy_5x5,steady_state_stc,0,oscillation_peak_to_peak_w,0.8113684432557449,not_applicable
fuzzy_5x5,steady_state_stc,0,oscillation_std_w,0.09157045791619527,not_applicable
fuzzy_5x5,steady_state_stc,0,energy_yield_j,66.04032491598042,not_applicable
fuzzy_5x5,steady_state_stc,0,energy_yield_ratio,0.9900661631057668,not_applicable
fuzzy_5x5,steady_state_stc,1,tracking_efficiency_pct,99.04256106538529,not_applicable
fuzzy_5x5,steady_state_stc,1,convergence_time_s,0.06060606060606061,not_applicable
fuzzy_5x5,steady_state_stc,1,settling_time_s,0.06060606060606061,not_applicable
fuzzy_5x5,steady_state_stc,1,oscillation_peak_to_peak_w,1.1496115590118734,not_applicable
fuzzy_5x5,steady_state_stc,1,oscillation_std_w,0.12747350691033343,not_applicable
fuzzy_5x5,steady_state_stc,1,energy_yield_j,67.2317716773067,not_applicable
fuzzy_5x5,steady_state_stc,1,energy_yield_ratio,0.9904256106538529,not_applicable
fuzzy_5x5,steady_state_stc,2,tracking_efficiency_pct,99.06950724097551,not_applicable
fuzzy_5x5,steady_state_stc,2,convergence_time_s,0.07070707070707072,not_applicable
fuzzy_5x5,steady_state_stc,2,settling_time_s,0.07070707070707072,not_applicable
fuzzy_5x5,steady_state_stc,2,oscillation_peak_to_peak_w,0.6397258191302626,not_applicable
fuzzy_5x5,steady_state_stc,2,oscillation_std_w,0.0719807759253485,not_applicable
fuzzy_5x5,steady_state_stc,2,energy_yield_j,65.94269331273877,not_applicable
fuzzy_5x5,steady_state_stc,2,energy_yield_ratio,0.9906950724097551,not_applicable
fuzzy_5x5,steady_state_stc,3,tracking_efficiency_pct,99.1448544179684,not_applicable
fuzzy_5x5,steady_state_stc,3,convergence_time_s,0.06060606060606061,not_applicable
fuzzy_5x5,steady_state_stc,3,settling_time_s,0.06060606060606061,not_applicable
fuzzy_5x5,steady_state_stc,3,oscillation_peak_to_peak_w,0.8093458346594389,not_applicable
fuzzy_5x5,steady_state_stc,3,oscillation_std_w,0.08878212098340635,not_applicable
fuzzy_5x5,steady_state_stc,3,energy_yield_j,71.53798445229378,not_applicable
fuzzy_5x5,steady_state_stc,3,energy_yield_ratio,0.991448544179684,not_applicable
fuzzy_5x5,steady_state_stc,4,tracking_efficiency_pct,99.04807429902662,not_applicable
fuzzy_5x5,steady_state_stc,4,convergence_time_s,0.07070707070707072,not_applicable
fuzzy_5x5,steady_state_stc,4,settling_time_s,0.07070707070707072,not_applicable
fuzzy_5x5,steady_state_stc,4,oscillation_peak_to_peak_w,0.5955322751496794,not_applicable
fuzzy_5x5,steady_state_stc,4,oscillation_std_w,0.06683987254941202,not_applicable
fuzzy_5x5,steady_state_stc,4,energy_yield_j,65.68942465657281,not_applicable
fuzzy_5x5,steady_state_stc,4,energy_yield_ratio,0.9904807429902662,not_applicable
fuzzy_5x5,steady_state_stc,5,tracking_efficiency_pct,99.21668917467817,not_applicable
fuzzy_5x5,steady_state_stc,5,convergence_time_s,0.06060606060606061,not_applicable
fuzzy_5x5,steady_state_stc,5,settling_time_s,0.06060606060606061,not_applicable
fuzzy_5x5,steady_state_stc,5,oscillation_peak_to_peak_w,0.8205786549404905,not_applicable
fuzzy_5x5,steady_state_stc,5,oscillation_std_w,0.09102573081683377,not_applicable
fuzzy_5x5,steady_state_stc,5,energy_yield_j,72.82141888507287,not_applicable
fuzzy_5x5,steady_state_stc,5,energy_yield_ratio,0.9921668917467816,not_applicable
fuzzy_5x5,steady_state_stc,6,tracking_efficiency_pct,99.20941729511166,not_applicable
fuzzy_5x5,steady_state_stc,6,convergence_time_s,0.06060606060606061,not_applicable
fuzzy_5x5,steady_state_stc,6,settling_time_s,0.06060606060606061,not_applicable
fuzzy_5x5,steady_state_stc,6,oscillation_peak_to_peak_w,0.7809991395567408,not_applicable
fuzzy_5x5,steady_state_stc,6,oscillation_std_w,0.08641766886743013,not_applicable
fuzzy_5x5,steady_state_stc,6,energy_yield_j,71.59250173449564,not_applicable
fuzzy_5x5,steady_state_stc,6,energy_yield_ratio,0.9920941729511167,not_applicable
fuzzy_5x5,steady_state_stc,7,tracking_efficiency_pct,99.11286899559144,not_applicable
fuzzy_5x5,steady_state_stc,7,convergence_time_s,0.06060606060606061,not_applicable
fuzzy_5x5,steady_state_stc,7,settling_time_s,0.06060606060606061,not_applicable
fuzzy_5x5,steady_state_stc,7,oscillation_peak_to_peak_w,1.1576319508764215,not_applicable
fuzzy_5x5,steady_state_stc,7,oscillation_std_w,0.1291474117957846,not_applicable
fuzzy_5x5,steady_state_stc,7,energy_yield_j,69.90608152958642,not_applicable
fuzzy_5x5,steady_state_stc,7,energy_yield_ratio,0.9911286899559144,not_applicable
fuzzy_5x5,steady_state_stc,8,tracking_efficiency_pct,99.27088061682437,not_applicable
fuzzy_5x5,steady_state_stc,8,convergence_time_s,0.06060606060606061,not_applicable
fuzzy_5x5,steady_state_stc,8,settling_time_s,0.06060606060606061,not_applicable
fuzzy_5x5,steady_state_stc,8,oscillation_peak_to_peak_w,0.6203726513043222,not_applicable
fuzzy_5x5,steady_state_stc,8,oscillation_std_w,0.06828245787815787,not_applicable
fuzzy_5x5,steady_state_stc,8,energy_yield_j,74.97160725466804,not_applicable
fuzzy_5x5,steady_state_stc,8,energy_yield_ratio,0.9927088061682436,not_applicable
fuzzy_5x5,steady_state_stc,9,tracking_efficiency_pct,99.12753101546723,not_applicable
fuzzy_5x5,steady_state_stc,9,convergence_time_s,0.06060606060606061,not_applicable
fuzzy_5x5,steady_state_stc,9,settling_time_s,0.06060606060606061,not_applicable
fuzzy_5x5,steady_state_stc,9,oscillation_peak_to_peak_w,1.066753864193359,not_applicable
fuzzy_5x5,steady_state_stc,9,oscillation_std_w,0.11888547236344246,not_applicable
fuzzy_5x5,steady_state_stc,9,energy_yield_j,68.55865268556724,not_applicable
fuzzy_5x5,steady_state_stc,9,energy_yield_ratio,0.9912753101546723,not_applicable
fuzzy_5x5,multi_level_irradiance,0,tracking_efficiency_pct,92.95506722010049,not_applicable
fuzzy_5x5,multi_level_irradiance,0,convergence_time_s,0.4623115577889447,not_applicable
fuzzy_5x5,multi_level_irradiance,0,settling_time_s,0.6231155778894473,not_applicable
fuzzy_5x5,multi_level_irradiance,0,oscillation_peak_to_peak_w,53.919366080819636,not_applicable
fuzzy_5x5,multi_level_irradiance,0,oscillation_std_w,16.887690730244113,not_applicable
fuzzy_5x5,multi_level_irradiance,0,energy_yield_j,73.28327717149384,not_applicable
fuzzy_5x5,multi_level_irradiance,0,energy_yield_ratio,0.929550672201005,not_applicable
fuzzy_5x5,multi_level_irradiance,1,tracking_efficiency_pct,93.21827837408608,not_applicable
fuzzy_5x5,multi_level_irradiance,1,convergence_time_s,0.45226130653266333,not_applicable
fuzzy_5x5,multi_level_irradiance,1,settling_time_s,0.6130653266331658,not_applicable
fuzzy_5x5,multi_level_irradiance,1,oscillation_peak_to_peak_w,55.113428580282914,not_applicable
fuzzy_5x5,multi_level_irradiance,1,oscillation_std_w,17.409354984240814,not_applicable
fuzzy_5x5,multi_level_irradiance,1,energy_yield_j,73.7294244701794,not_applicable
fuzzy_5x5,multi_level_irradiance,1,energy_yield_ratio,0.9321827837408608,not_applicable
fuzzy_5x5,multi_level_irradiance,2,tracking_efficiency_pct,92.74865237973123,not_applicable
fuzzy_5x5,multi_level_irradiance,2,convergence_time_s,0.49246231155778897,not_applicable
fuzzy_5x5,multi_level_irradiance,2,settling_time_s,0.6231155778894473,not_applicable
fuzzy_5x5,multi_level_irradiance,2,oscillation_peak_to_peak_w,53.90674050655544,not_applicable
fuzzy_5x5,multi_level_irradiance,2,oscillation_std_w,17.02932961153365,not_applicable
fuzzy_5x5,multi_level_irradiance,2,energy_yield_j,72.49393754108664,not_applicable
fuzzy_5x5,multi_level_irradiance,2,energy_yield_ratio,0.9274865237973122,not_applicable
fuzzy_5x5,multi_level_irradiance,3,tracking_efficiency_pct,93.06166080321304,not_applicable
fuzzy_5x5,multi_level_irradiance,3,convergence_time_s,0.4723618090452261,not_applicable
fuzzy_5x5,multi_level_irradiance,3,settling_time_s,0.6130653266331658,not_applicable
fuzzy_5x5,multi_level_irradiance,3,oscillation_peak_to_peak_w,58.691593482383176,not_applicable
fuzzy_5x5,multi_level_irradiance,3,oscillation_std_w,18.692207770248732,not_applicable
fuzzy_5x5,multi_level_irradiance,3,energy_yield_j,77.65537298306123,not_applicable
fuzzy_5x5,multi_level_irradiance,3,energy_yield_ratio,0.9306166080321304,not_applicable
fuzzy_5x5,multi_level_irradiance,4,tracking_efficiency_pct,92.93099686602613,not_applicable
fuzzy_5x5,multi_level_irradiance,4,convergence_time_s,0.4723618090452261,not_applicable
fuzzy_5x5,multi_level_irradiance,4,settling_time_s,0.6130653266331658,not_applicable
fuzzy_5x5,multi_level_irradiance,4,oscillation_peak_to_peak_w,53.747312933138794,not_applicable
fuzzy_5x5,multi_level_irradiance,4,oscillation_std_w,16.92956822323,not_applicable
fuzzy_5x5,multi_level_irradiance,4,energy_yield_j,72.21907408429178,not_applicable
fuzzy_5x5,multi_level_irradiance,4,energy_yield_ratio,0.9293099686602614,not_applicable
fuzzy_5x5,multi_level_irradiance,5,tracking_efficiency_pct,92.66985448138124,not_applicable
fuzzy_5x5,multi_level_irradiance,5,convergence_time_s,0.6130653266331658,not_applicable
fuzzy_5x5,multi_level_irradiance,5,settling_time_s,0.6130653266331658,not_applicable
fuzzy_5x5,multi_level_irradiance,5,oscillation_peak_to_peak_w,59.65907079369082,not_applicable
fuzzy_5x5,multi_level_irradiance,5,oscillation_std_w,19.007601641699228,not_applicable
fuzzy_5x5,multi_level_irradiance,5,energy_yield_j,78.87255989774894,not_applicable
fuzzy_5x5,multi_level_irradiance,5,energy_yield_ratio,0.9266985448138124,not_applicable
fuzzy_5x5,multi_level_irradiance,6,tracking_efficiency_pct,92.70516058123205,not_applicable
fuzzy_5x5,multi_level_irradiance,6,convergence_time_s,0.6130653266331658,not_applicable
fuzzy_5x5,multi_level_irradiance,6,settling_time_s,0.6130653266331658,not_applicable
fuzzy_5x5,multi_level_irradiance,6,oscillation_peak_to_peak_w,58.68919586713386,not_applicable
fuzzy_5x5,multi_level_irradiance,6,oscillation_std_w,18.753064329172137,not_applicable
fuzzy_5x5,multi_level_irradiance,6,energy_yield_j,77.35846127898105,not_applicable
fuzzy_5x5,multi_level_irradiance,6,energy_yield_ratio,0.9270516058123205,not_applicable
fuzzy_5x5,multi_level_irradiance,7,tracking_efficiency_pct,92.90588201180746,not_applicable
fuzzy_5x5,multi_level_irradiance,7,convergence_time_s,0.4824120603015075,not_applicable
fuzzy_5x5,multi_level_irradiance,7,settling_time_s,0.6130653266331658,not_applicable
fuzzy_5x5,multi_level_irradiance,7,oscillation_peak_to_peak_w,57.22138233196863,not_applicable
fuzzy_5x5,multi_level_irradiance,7,oscillation_std_w,18.07081527809936,not_applicable
fuzzy_5x5,multi_level_irradiance,7,energy_yield_j,76.52714717741326,not_applicable
fuzzy_5x5,multi_level_irradiance,7,energy_yield_ratio,0.9290588201180746,not_applicable
fuzzy_5x5,multi_level_irradiance,8,tracking_efficiency_pct,92.62487874402507,not_applicable
fuzzy_5x5,multi_level_irradiance,8,convergence_time_s,0.6130653266331658,not_applicable
fuzzy_5x5,multi_level_irradiance,8,settling_time_s,0.6130653266331658,not_applicable
fuzzy_5x5,multi_level_irradiance,8,oscillation_peak_to_peak_w,61.48589143046451,not_applicable
fuzzy_5x5,multi_level_irradiance,8,oscillation_std_w,19.735104622616056,not_applicable
fuzzy_5x5,multi_level_irradiance,8,energy_yield_j,80.54616956068011,not_applicable
fuzzy_5x5,multi_level_irradiance,8,energy_yield_ratio,0.9262487874402507,not_applicable
fuzzy_5x5,multi_level_irradiance,9,tracking_efficiency_pct,92.83061378314626,not_applicable
fuzzy_5x5,multi_level_irradiance,9,convergence_time_s,0.49246231155778897,not_applicable
fuzzy_5x5,multi_level_irradiance,9,settling_time_s,0.6130653266331658,not_applicable
fuzzy_5x5,multi_level_irradiance,9,oscillation_peak_to_peak_w,56.14841359779784,not_applicable
fuzzy_5x5,multi_level_irradiance,9,oscillation_std_w,17.797058935372707,not_applicable
fuzzy_5x5,multi_level_irradiance,9,energy_yield_j,74.78884301795654,not_applicable
fuzzy_5x5,multi_level_irradiance,9,energy_yield_ratio,0.9283061378314627,not_applicable
fuzzy_5x5,temperature_variation,0,tracking_efficiency_pct,99.39784985549556,not_applicable
fuzzy_5x5,temperature_variation,0,convergence_time_s,0.07035175879396985,not_applicable
fuzzy_5x5,temperature_variation,0,settling_time_s,0.07035175879396985,not_applicable
fuzzy_5x5,temperature_variation,0,oscillation_peak_to_peak_w,9.575839268420701,not_applicable
fuzzy_5x5,temperature_variation,0,oscillation_std_w,2.444879636560474,not_applicable
fuzzy_5x5,temperature_variation,0,energy_yield_j,126.87333746716304,not_applicable
fuzzy_5x5,temperature_variation,0,energy_yield_ratio,0.9939784985549557,not_applicable
fuzzy_5x5,temperature_variation,1,tracking_efficiency_pct,99.39931134377639,not_applicable
fuzzy_5x5,temperature_variation,1,convergence_time_s,0.06030150753768844,not_applicable
fuzzy_5x5,temperature_variation,1,settling_time_s,0.06030150753768844,not_applicable
fuzzy_5x5,temperature_variation,1,oscillation_peak_to_peak_w,10.314448518425834,not_applicable
fuzzy_5x5,temperature_variation,1,oscillation_std_w,2.528041616595143,not_applicable
fuzzy_5x5,temperature_variation,1,energy_yield_j,129.0552119265629,not_applicable
fuzzy_5x5,temperature_variation,1,energy_yield_ratio,0.9939931134377639,not_applicable
fuzzy_5x5,temperature_variation,2,tracking_efficiency_pct,99.43041861869162,not_applicable
fuzzy_5x5,temperature_variation,2,convergence_time_s,0.07035175879396985,not_applicable
fuzzy_5x5,temperature_variation,2,settling_time_s,0.07035175879396985,not_applicable
fuzzy_5x5,temperature_variation,2,oscillation_peak_to_peak_w,9.430819637216054,not_applicable
fuzzy_5x5,temperature_variation,2,oscillation_std_w,2.3913710506943673,not_applicable
fuzzy_5x5,temperature_variation,2,energy_yield_j,126.7697350844126,not_applicable
fuzzy_5x5,temperature_variation,2,energy_yield_ratio,0.9943041861869162,not_applicable
fuzzy_5x5,temperature_variation,3,tracking_efficiency_pct,99.45024366310886,not_applicable
fuzzy_5x5,temperature_variation,3,convergence_time_s,0.06030150753768844,not_applicable
fuzzy_5x5,temperature_variation,3,settling_time_s,0.06030150753768844,not_applicable
fuzzy_5x5,temperature_variation,3,oscillation_peak_to_peak_w,10.437835554949139,not_applicable
fuzzy_5x5,temperature_variation,3,oscillation_std_w,2.455514643351069,not_applicable
fuzzy_5x5,temperature_variation,3,energy_yield_j,137.82850628017354,not_applicable
fuzzy_5x5,temperature_variation,3,energy_yield_ratio,0.9945024366310886,not_applicable
fuzzy_5x5,temperature_variation,4,tracking_efficiency_pct,99.41391810798159,not_applicable
fuzzy_5x5,temperature_variation,4,convergence_time_s,0.07035175879396985,not_applicable
fuzzy_5x5,temperature_variation,4,settling_time_s,0.07035175879396985,not_applicable
fuzzy_5x5,temperature_variation,4,oscillation_peak_to_peak_w,9.703846520000468,not_applicable
fuzzy_5x5,temperature_variation,4,oscillation_std_w,2.4471582699236136,not_applicable
fuzzy_5x5,temperature_variation,4,energy_yield_j,126.14299383776891,not_applicable
fuzzy_5x5,temperature_variation,4,energy_yield_ratio,0.9941391810798159,not_applicable
fuzzy_5x5,temperature_variation,5,tracking_efficiency_pct,99.49939564911831,not_applicable
fuzzy_5x5,temperature_variation,5,convergence_time_s,0.06030150753768844,not_applicable
fuzzy_5x5,temperature_variation,5,settling_time_s,0.06030150753768844,not_applicable
fuzzy_5x5,temperature_variation,5,oscillation_peak_to_peak_w,9.822579699205605,not_applicable
fuzzy_5x5,temperature_variation,5,oscillation_std_w,2.318129437293151,not_applicable
fuzzy_5x5,temperature_variation,5,energy_yield_j,140.68151236736642,not_applicable
fuzzy_5x5,temperature_variation,5,energy_yield_ratio,0.9949939564911832,not_applicable
fuzzy_5x5,temperature_variation,6,tracking_efficiency_pct,99.49342760425927,not_applicable
fuzzy_5x5,temperature_variation,6,convergence_time_s,0.06030150753768844,not_applicable
fuzzy_5x5,temperature_variation,6,settling_time_s,0.06030150753768844,not_applicable
fuzzy_5x5,temperature_variation,6,oscillation_peak_to_peak_w,9.869510895231997,not_applicable
fuzzy_5x5,temperature_variation,6,oscillation_std_w,2.3385476417781317,not_applicable
fuzzy_5x5,temperature_variation,6,energy_yield_j,138.17014723844375,not_applicable
fuzzy_5x5,temperature_variation,6,energy_yield_ratio,0.9949342760425927,not_applicable
fuzzy_5x5,temperature_variation,7,tracking_efficiency_pct,99.44550920311107,not_applicable
fuzzy_5x5,temperature_variation,7,convergence_time_s,0.06030150753768844,not_applicable
fuzzy_5x5,temperature_variation,7,settling_time_s,0.06030150753768844,not_applicable
fuzzy_5x5,temperature_variation,7,oscillation_peak_to_peak_w,9.91385322272695,not_applicable
fuzzy_5x5,temperature_variation,7,oscillation_std_w,2.4104525901546805,not_applicable
fuzzy_5x5,temperature_variation,7,energy_yield_j,134.6642054277804,not_applicable
fuzzy_5x5,temperature_variation,7,energy_yield_ratio,0.9944550920311107,not_applicable
fuzzy_5x5,temperature_variation,8,tracking_efficiency_pct,99.5238310532714,not_applicable
fuzzy_5x5,temperature_variation,8,convergence_time_s,0.06030150753768844,not_applicable
fuzzy_5x5,temperature_variation,8,settling_time_s,0.06030150753768844,not_applicable
fuzzy_5x5,temperature_variation,8,oscillation_peak_to_peak_w,9.94964879217791,not_applicable
fuzzy_5x5,temperature_variation,8,oscillation_std_w,2.28525193745387,not_applicable
fuzzy_5x5,temperature_variation,8,energy_yield_j,145.04979679139365,not_applicable
fuzzy_5x5,temperature_variation,8,energy_yield_ratio,0.9952383105327139,not_applicable
fuzzy_5x5,temperature_variation,9,tracking_efficiency_pct,99.45304840486138,not_applicable
fuzzy_5x5,temperature_variation,9,convergence_time_s,0.06030150753768844,not_applicable
fuzzy_5x5,temperature_variation,9,settling_time_s,0.06030150753768844,not_applicable
fuzzy_5x5,temperature_variation,9,oscillation_peak_to_peak_w,9.803458209401846,not_applicable
fuzzy_5x5,temperature_variation,9,oscillation_std_w,2.398272963597718,not_applicable
fuzzy_5x5,temperature_variation,9,energy_yield_j,131.9767245876526,not_applicable
fuzzy_5x5,temperature_variation,9,energy_yield_ratio,0.9945304840486138,not_applicable
fuzzy_5x5,partial_shading_pattern_a,0,tracking_efficiency_pct,95.44491379635241,not_applicable
fuzzy_5x5,partial_shading_pattern_a,0,convergence_time_s,0.07035175879396985,not_applicable
fuzzy_5x5,partial_shading_pattern_a,0,settling_time_s,0.07035175879396985,not_applicable
fuzzy_5x5,partial_shading_pattern_a,0,oscillation_peak_to_peak_w,57.4515136842531,not_applicable
fuzzy_5x5,partial_shading_pattern_a,0,oscillation_std_w,18.44381876839946,not_applicable
fuzzy_5x5,partial_shading_pattern_a,0,energy_yield_j,87.85735686180004,not_applicable
fuzzy_5x5,partial_shading_pattern_a,0,energy_yield_ratio,0.954449137963524,not_applicable
fuzzy_5x5,partial_shading_pattern_a,1,tracking_efficiency_pct,95.57870422449925,not_applicable
fuzzy_5x5,partial_shading_pattern_a,1,convergence_time_s,0.06030150753768844,not_applicable
fuzzy_5x5,partial_shading_pattern_a,1,settling_time_s,0.06030150753768844,not_applicable
fuzzy_5x5,partial_shading_pattern_a,1,oscillation_peak_to_peak_w,58.670492100532215,not_applicable
fuzzy_5x5,partial_shading_pattern_a,1,oscillation_std_w,18.954897813769097,not_applicable
fuzzy_5x5,partial_shading_pattern_a,1,energy_yield_j,88.48130678102638,not_applicable
fuzzy_5x5,partial_shading_pattern_a,1,energy_yield_ratio,0.9557870422449924,not_applicable
fuzzy_5x5,partial_shading_pattern_a,2,tracking_efficiency_pct,95.4062387521502,not_applicable
fuzzy_5x5,partial_shading_pattern_a,2,convergence_time_s,0.07035175879396985,not_applicable
fuzzy_5x5,partial_shading_pattern_a,2,settling_time_s,0.07035175879396985,not_applicable
fuzzy_5x5,partial_shading_pattern_a,2,oscillation_peak_to_peak_w,57.41580292492168,not_applicable
fuzzy_5x5,partial_shading_pattern_a,2,oscillation_std_w,18.546295103572593,not_applicable
fuzzy_5x5,partial_shading_pattern_a,2,energy_yield_j,87.17663917041435,not_applicable
fuzzy_5x5,partial_shading_pattern_a,2,energy_yield_ratio,0.9540623875215021,not_applicable
fuzzy_5x5,partial_shading_pattern_a,3,tracking_efficiency_pct,95.64137107780255,not_applicable
fuzzy_5x5,partial_shading_pattern_a,3,convergence_time_s,0.06030150753768844,not_applicable
fuzzy_5x5,partial_shading_pattern_a,3,settling_time_s,0.06030150753768844,not_applicable
fuzzy_5x5,partial_shading_pattern_a,3,oscillation_peak_to_peak_w,62.46426185728977,not_applicable
fuzzy_5x5,partial_shading_pattern_a,3,oscillation_std_w,20.27987478598126,not_applicable
fuzzy_5x5,partial_shading_pattern_a,3,energy_yield_j,93.53507442937664,not_applicable
fuzzy_5x5,partial_shading_pattern_a,3,energy_yield_ratio,0.9564137107780254,not_applicable
fuzzy_5x5,partial_shading_pattern_a,4,tracking_efficiency_pct,95.45959090652748,not_applicable
fuzzy_5x5,partial_shading_pattern_a,4,convergence_time_s,0.07035175879396985,not_applicable
fuzzy_5x5,partial_shading_pattern_a,4,settling_time_s,0.07035175879396985,not_applicable
fuzzy_5x5,partial_shading_pattern_a,4,oscillation_peak_to_peak_w,57.23792109377328,not_applicable
fuzzy_5x5,partial_shading_pattern_a,4,oscillation_std_w,18.474951268873085,not_applicable
fuzzy_5x5,partial_shading_pattern_a,4,energy_yield_j,86.75028635347624,not_applicable
fuzzy_5x5,partial_shading_pattern_a,4,energy_yield_ratio,0.9545959090652748,not_applicable
fuzzy_5x5,partial_shading_pattern_a,5,tracking_efficiency_pct,95.54629669150287,not_applicable
fuzzy_5x5,partial_shading_pattern_a,5,convergence_time_s,0.06030150753768844,not_applicable
fuzzy_5x5,partial_shading_pattern_a,5,settling_time_s,0.06030150753768844,not_applicable
fuzzy_5x5,partial_shading_pattern_a,5,oscillation_peak_to_peak_w,63.50006604607279,not_applicable
fuzzy_5x5,partial_shading_pattern_a,5,oscillation_std_w,20.66287465222555,not_applicable
fuzzy_5x5,partial_shading_pattern_a,5,energy_yield_j,95.2660741197955,not_applicable
fuzzy_5x5,partial_shading_pattern_a,5,energy_yield_ratio,0.9554629669150287,not_applicable
fuzzy_5x5,partial_shading_pattern_a,6,tracking_efficiency_pct,95.5453060809534,not_applicable
fuzzy_5x5,partial_shading_pattern_a,6,convergence_time_s,0.06030150753768844,not_applicable
fuzzy_5x5,partial_shading_pattern_a,6,settling_time_s,0.06030150753768844,not_applicable
fuzzy_5x5,partial_shading_pattern_a,6,oscillation_peak_to_peak_w,62.465443241201086,not_applicable
fuzzy_5x5,partial_shading_pattern_a,6,oscillation_std_w,20.36153368596353,not_applicable
fuzzy_5x5,partial_shading_pattern_a,6,energy_yield_j,93.45398083588631,not_applicable
fuzzy_5x5,partial_shading_pattern_a,6,energy_yield_ratio,0.955453060809534,not_applicable
fuzzy_5x5,partial_shading_pattern_a,7,tracking_efficiency_pct,95.53401615949355,not_applicable
fuzzy_5x5,partial_shading_pattern_a,7,convergence_time_s,0.06030150753768844,not_applicable
fuzzy_5x5,partial_shading_pattern_a,7,settling_time_s,0.06030150753768844,not_applicable
fuzzy_5x5,partial_shading_pattern_a,7,oscillation_peak_to_peak_w,60.923959490926414,not_applicable
fuzzy_5x5,partial_shading_pattern_a,7,oscillation_std_w,19.71014706251014,not_applicable
fuzzy_5x5,partial_shading_pattern_a,7,energy_yield_j,92.07589043500595,not_applicable
fuzzy_5x5,partial_shading_pattern_a,7,energy_yield_ratio,0.9553401615949355,not_applicable
fuzzy_5x5,partial_shading_pattern_a,8,tracking_efficiency_pct,95.5892012627099,not_applicable
fuzzy_5x5,partial_shading_pattern_a,8,convergence_time_s,0.06030150753768844,not_applicable
fuzzy_5x5,partial_shading_pattern_a,8,settling_time_s,0.06030150753768844,not_applicable
fuzzy_5x5,partial_shading_pattern_a,8,oscillation_peak_to_peak_w,65.4338617789893,not_applicable
fuzzy_5x5,partial_shading_pattern_a,8,oscillation_std_w,21.382868478786254,not_applicable
fuzzy_5x5,partial_shading_pattern_a,8,energy_yield_j,97.50530836215523,not_applicable
fuzzy_5x5,partial_shading_pattern_a,8,energy_yield_ratio,0.9558920126270991,not_applicable
fuzzy_5x5,partial_shading_pattern_a,9,tracking_efficiency_pct,95.50408348163334,not_applicable
fuzzy_5x5,partial_shading_pattern_a,9,convergence_time_s,0.06030150753768844,not_applicable
fuzzy_5x5,partial_shading_pattern_a,9,settling_time_s,0.06030150753768844,not_applicable
fuzzy_5x5,partial_shading_pattern_a,9,oscillation_peak_to_peak_w,59.77495995508558,not_applicable
fuzzy_5x5,partial_shading_pattern_a,9,oscillation_std_w,19.38787110609522,not_applicable
fuzzy_5x5,partial_shading_pattern_a,9,energy_yield_j,90.0674511197931,not_applicable
fuzzy_5x5,partial_shading_pattern_a,9,energy_yield_ratio,0.9550408348163335,not_applicable
fuzzy_5x5,partial_shading_pattern_b,0,tracking_efficiency_pct,98.29023943338757,not_applicable
fuzzy_5x5,partial_shading_pattern_b,0,convergence_time_s,0.06030150753768844,not_applicable
fuzzy_5x5,partial_shading_pattern_b,0,settling_time_s,0.06030150753768844,not_applicable
fuzzy_5x5,partial_shading_pattern_b,0,oscillation_peak_to_peak_w,42.64379976551213,not_applicable
fuzzy_5x5,partial_shading_pattern_b,0,oscillation_std_w,11.712740946664677,not_applicable
fuzzy_5x5,partial_shading_pattern_b,0,energy_yield_j,91.98197706981412,not_applicable
fuzzy_5x5,partial_shading_pattern_b,0,energy_yield_ratio,0.9829023943338757,not_applicable
fuzzy_5x5,partial_shading_pattern_b,1,tracking_efficiency_pct,98.32566183699511,not_applicable
fuzzy_5x5,partial_shading_pattern_b,1,convergence_time_s,0.06030150753768844,not_applicable
fuzzy_5x5,partial_shading_pattern_b,1,settling_time_s,0.06030150753768844,not_applicable
fuzzy_5x5,partial_shading_pattern_b,1,oscillation_peak_to_peak_w,43.548134328022684,not_applicable
fuzzy_5x5,partial_shading_pattern_b,1,oscillation_std_w,12.074749762523243,not_applicable
fuzzy_5x5,partial_shading_pattern_b,1,energy_yield_j,92.28115302125606,not_applicable
fuzzy_5x5,partial_shading_pattern_b,1,energy_yield_ratio,0.983256618369951,not_applicable
fuzzy_5x5,partial_shading_pattern_b,2,tracking_efficiency_pct,98.30247002409305,not_applicable
fuzzy_5x5,partial_shading_pattern_b,2,convergence_time_s,0.06030150753768844,not_applicable
fuzzy_5x5,partial_shading_pattern_b,2,settling_time_s,0.06030150753768844,not_applicable
fuzzy_5x5,partial_shading_pattern_b,2,oscillation_peak_to_peak_w,42.621111433452995,not_applicable
fuzzy_5x5,partial_shading_pattern_b,2,oscillation_std_w,11.781662903318374,not_applicable
fuzzy_5x5,partial_shading_pattern_b,2,energy_yield_j,91.21768200096376,not_applicable
fuzzy_5x5,partial_shading_pattern_b,2,energy_yield_ratio,0.9830247002409305,not_applicable
fuzzy_5x5,partial_shading_pattern_b,3,tracking_efficiency_pct,98.38163117290041,not_applicable
fuzzy_5x5,partial_shading_pattern_b,3,convergence_time_s,0.06030150753768844,not_applicable
fuzzy_5x5,partial_shading_pattern_b,3,settling_time_s,0.06030150753768844,not_applicable
fuzzy_5x5,partial_shading_pattern_b,3,oscillation_peak_to_peak_w,46.354303449185295,not_applicable
fuzzy_5x5,partial_shading_pattern_b,3,oscillation_std_w,12.933988943769826,not_applicable
fuzzy_5x5,partial_shading_pattern_b,3,energy_yield_j,97.4046294615788,not_applicable
fuzzy_5x5,partial_shading_pattern_b,3,energy_yield_ratio,0.9838163117290041,not_applicable
fuzzy_5x5,partial_shading_pattern_b,4,tracking_efficiency_pct,98.30554645892924,not_applicable
fuzzy_5x5,partial_shading_pattern_b,4,convergence_time_s,0.06030150753768844,not_applicable
fuzzy_5x5,partial_shading_pattern_b,4,settling_time_s,0.06030150753768844,not_applicable
fuzzy_5x5,partial_shading_pattern_b,4,oscillation_peak_to_peak_w,42.484429039851335,not_applicable
fuzzy_5x5,partial_shading_pattern_b,4,oscillation_std_w,11.750694254931586,not_applicable
fuzzy_5x5,partial_shading_pattern_b,4,energy_yield_j,90.67864925500396,not_applicable
fuzzy_5x5,partial_shading_pattern_b,4,energy_yield_ratio,0.9830554645892924,not_applicable
fuzzy_5x5,partial_shading_pattern_b,5,tracking_efficiency_pct,98.38658437494409,not_applicable
fuzzy_5x5,partial_shading_pattern_b,5,convergence_time_s,0.05025125628140704,not_applicable
fuzzy_5x5,partial_shading_pattern_b,5,settling_time_s,0.05025125628140704,not_applicable
fuzzy_5x5,partial_shading_pattern_b,5,oscillation_peak_to_peak_w,47.12806269277277,not_applicable
fuzzy_5x5,partial_shading_pattern_b,5,oscillation_std_w,13.169127200843343,not_applicable
fuzzy_5x5,partial_shading_pattern_b,5,energy_yield_j,99.3679006616766,not_applicable
fuzzy_5x5,partial_shading_pattern_b,5,energy_yield_ratio,0.983865843749441,not_applicable
fuzzy_5x5,partial_shading_pattern_b,6,tracking_efficiency_pct,98.38230781480785,not_applicable
fuzzy_5x5,partial_shading_pattern_b,6,convergence_time_s,0.05025125628140704,not_applicable
fuzzy_5x5,partial_shading_pattern_b,6,settling_time_s,0.05025125628140704,not_applicable
fuzzy_5x5,partial_shading_pattern_b,6,oscillation_peak_to_peak_w,46.356574739264445,not_applicable
fuzzy_5x5,partial_shading_pattern_b,6,oscillation_std_w,12.984022317518944,not_applicable
fuzzy_5x5,partial_shading_pattern_b,6,energy_yield_j,97.43094726826392,not_applicable
fuzzy_5x5,partial_shading_pattern_b,6,energy_yield_ratio,0.9838230781480785,not_applicable
fuzzy_5x5,partial_shading_pattern_b,7,tracking_efficiency_pct,98.34525616870273,not_applicable
fuzzy_5x5,partial_shading_pattern_b,7,convergence_time_s,0.06030150753768844,not_applicable
fuzzy_5x5,partial_shading_pattern_b,7,settling_time_s,0.06030150753768844,not_applicable
fuzzy_5x5,partial_shading_pattern_b,7,oscillation_peak_to_peak_w,45.22437980643791,not_applicable
fuzzy_5x5,partial_shading_pattern_b,7,oscillation_std_w,12.536636790562667,not_applicable
fuzzy_5x5,partial_shading_pattern_b,7,energy_yield_j,96.14808207130442,not_applicable
fuzzy_5x5,partial_shading_pattern_b,7,energy_yield_ratio,0.9834525616870273,not_applicable
fuzzy_5x5,partial_shading_pattern_b,8,tracking_efficiency_pct,98.41715175020478,not_applicable
fuzzy_5x5,partial_shading_pattern_b,8,convergence_time_s,0.05025125628140704,not_applicable
fuzzy_5x5,partial_shading_pattern_b,8,settling_time_s,0.05025125628140704,not_applicable
fuzzy_5x5,partial_shading_pattern_b,8,oscillation_peak_to_peak_w,48.55305384090869,not_applicable
fuzzy_5x5,partial_shading_pattern_b,8,oscillation_std_w,13.647261198641615,not_applicable
fuzzy_5x5,partial_shading_pattern_b,8,energy_yield_j,101.55773710008253,not_applicable
fuzzy_5x5,partial_shading_pattern_b,8,energy_yield_ratio,0.9841715175020478,not_applicable
fuzzy_5x5,partial_shading_pattern_b,9,tracking_efficiency_pct,98.34225167051498,not_applicable
fuzzy_5x5,partial_shading_pattern_b,9,convergence_time_s,0.06030150753768844,not_applicable
fuzzy_5x5,partial_shading_pattern_b,9,settling_time_s,0.06030150753768844,not_applicable
fuzzy_5x5,partial_shading_pattern_b,9,oscillation_peak_to_peak_w,44.36719535449772,not_applicable
fuzzy_5x5,partial_shading_pattern_b,9,oscillation_std_w,12.330057800184107,not_applicable
fuzzy_5x5,partial_shading_pattern_b,9,energy_yield_j,94.0287186327713,not_applicable
fuzzy_5x5,partial_shading_pattern_b,9,energy_yield_ratio,0.9834225167051498,not_applicable
fuzzy_7x7,steady_state_stc,0,tracking_efficiency_pct,99.00062270133661,not_applicable
fuzzy_7x7,steady_state_stc,0,convergence_time_s,0.07070707070707072,not_applicable
fuzzy_7x7,steady_state_stc,0,settling_time_s,0.07070707070707072,not_applicable
fuzzy_7x7,steady_state_stc,0,oscillation_peak_to_peak_w,1.0392292660227582,not_applicable
fuzzy_7x7,steady_state_stc,0,oscillation_std_w,0.11883219612421356,not_applicable
fuzzy_7x7,steady_state_stc,0,energy_yield_j,66.03632700234208,not_applicable
fuzzy_7x7,steady_state_stc,0,energy_yield_ratio,0.990006227013366,not_applicable
fuzzy_7x7,steady_state_stc,1,tracking_efficiency_pct,98.99136657644289,not_applicable
fuzzy_7x7,steady_state_stc,1,convergence_time_s,0.07070707070707072,not_applicable
fuzzy_7x7,steady_state_stc,1,settling_time_s,0.07070707070707072,not_applicable
fuzzy_7x7,steady_state_stc,1,oscillation_peak_to_peak_w,0.7801975831092278,not_applicable
fuzzy_7x7,steady_state_stc,1,oscillation_std_w,0.08628208351279235,not_applicable
fuzzy_7x7,steady_state_stc,1,energy_yield_j,67.19701998919717,not_applicable
fuzzy_7x7,steady_state_stc,1,energy_yield_ratio,0.9899136657644289,not_applicable
fuzzy_7x7,steady_state_stc,2,tracking_efficiency_pct,99.06351499912219,not_applicable
fuzzy_7x7,steady_state_stc,2,convergence_time_s,0.07070707070707072,not_applicable
fuzzy_7x7,steady_state_stc,2,settling_time_s,0.07070707070707072,not_applicable
fuzzy_7x7,steady_state_stc,2,oscillation_peak_to_peak_w,0.8387605776307794,not_applicable
fuzzy_7x7,steady_state_stc,2,oscillation_std_w,0.09508197052733405,not_applicable
fuzzy_7x7,steady_state_stc,2,energy_yield_j,65.93870475381894,not_applicable
fuzzy_7x7,steady_state_stc,2,energy_yield_ratio,0.9906351499912219,not_applicable
fuzzy_7x7,steady_state_stc,3,tracking_efficiency_pct,99.09287282391433,not_applicable
fuzzy_7x7,steady_state_stc,3,convergence_time_s,0.06060606060606061,not_applicable
fuzzy_7x7,steady_state_stc,3,settling_time_s,0.06060606060606061,not_applicable
fuzzy_7x7,steady_state_stc,3,oscillation_peak_to_peak_w,1.1040122857426269,not_applicable
fuzzy_7x7,steady_state_stc,3,oscillation_std_w,0.1294188687631378,not_applicable
fuzzy_7x7,steady_state_stc,3,energy_yield_j,71.50047712537223,not_applicable
fuzzy_7x7,steady_state_stc,3,energy_yield_ratio,0.9909287282391434,not_applicable
fuzzy_7x7,steady_state_stc,4,tracking_efficiency_pct,99.02605962707298,not_applicable
fuzzy_7x7,steady_state_stc,4,convergence_time_s,0.07070707070707072,not_applicable
fuzzy_7x7,steady_state_stc,4,settling_time_s,0.07070707070707072,not_applicable
fuzzy_7x7,steady_state_stc,4,oscillation_peak_to_peak_w,0.8457802960273426,not_applicable
fuzzy_7x7,steady_state_stc,4,oscillation_std_w,0.09532335285538567,not_applicable
fuzzy_7x7,steady_state_stc,4,energy_yield_j,65.67482436126296,not_applicable
fuzzy_7x7,steady_state_stc,4,energy_yield_ratio,0.9902605962707298,not_applicable
fuzzy_7x7,steady_state_stc,5,tracking_efficiency_pct,99.18860593755511,not_applicable
fuzzy_7x7,steady_state_stc,5,convergence_time_s,0.06060606060606061,not_applicable
fuzzy_7x7,steady_state_stc,5,settling_time_s,0.06060606060606061,not_applicable
fuzzy_7x7,steady_state_stc,5,oscillation_peak_to_peak_w,1.1172726097101986,not_applicable
fuzzy_7x7,steady_state_stc,5,oscillation_std_w,0.1269449466646969,not_applicable
fuzzy_7x7,steady_state_stc,5,energy_yield_j,72.80080681676866,not_applicable
fuzzy_7x7,steady_state_stc,5,energy_yield_ratio,0.9918860593755511,not_applicable
fuzzy_7x7,steady_state_stc,6,tracking_efficiency_pct,99.17770956610583,not_applicable
fuzzy_7x7,steady_state_stc,6,convergence_time_s,0.06060606060606061,not_applicable
fuzzy_7x7,steady_state_stc,6,settling_time_s,0.06060606060606061,not_applicable
fuzzy_7x7,steady_state_stc,6,oscillation_peak_to_peak_w,1.0747965987889359,not_applicable
fuzzy_7x7,steady_state_stc,6,oscillation_std_w,0.12253473094094347,not_applicable
fuzzy_7x7,steady_state_stc,6,energy_yield_j,71.56962048283891,not_applicable
fuzzy_7x7,steady_state_stc,6,energy_yield_ratio,0.9917770956610583,not_applicable
fuzzy_7x7,steady_state_stc,7,tracking_efficiency_pct,99.0823005848767,not_applicable
fuzzy_7x7,steady_state_stc,7,convergence_time_s,0.07070707070707072,not_applicable
fuzzy_7x7,steady_state_stc,7,settling_time_s,0.07070707070707072,not_applicable
fuzzy_7x7,steady_state_stc,7,oscillation_peak_to_peak_w,0.7234599702307065,not_applicable
fuzzy_7x7,steady_state_stc,7,oscillation_std_w,0.08069407218588424,not_applicable
fuzzy_7x7,steady_state_stc,7,energy_yield_j,69.88452108205513,not_applicable
fuzzy_7x7,steady_state_stc,7,energy_yield_ratio,0.990823005848767,not_applicable
fuzzy_7x7,steady_state_stc,8,tracking_efficiency_pct,99.24196782377744,not_applicable
fuzzy_7x7,steady_state_stc,8,convergence_time_s,0.06060606060606061,not_applicable
fuzzy_7x7,steady_state_stc,8,settling_time_s,0.06060606060606061,not_applicable
fuzzy_7x7,steady_state_stc,8,oscillation_peak_to_peak_w,0.89897725531209,not_applicable
fuzzy_7x7,steady_state_stc,8,oscillation_std_w,0.10161294785663696,not_applicable
fuzzy_7x7,steady_state_stc,8,energy_yield_j,74.94977166147616,not_applicable
fuzzy_7x7,steady_state_stc,8,energy_yield_ratio,0.9924196782377744,not_applicable
fuzzy_7x7,steady_state_stc,9,tracking_efficiency_pct,99.0966494941112,not_applicable
fuzzy_7x7,steady_state_stc,9,convergence_time_s,0.06060606060606061,not_applicable
fuzzy_7x7,steady_state_stc,9,settling_time_s,0.06060606060606061,not_applicable
fuzzy_7x7,steady_state_stc,9,oscillation_peak_to_peak_w,1.3757459886220715,not_applicable
fuzzy_7x7,steady_state_stc,9,oscillation_std_w,0.15831817401442894,not_applicable
fuzzy_7x7,steady_state_stc,9,energy_yield_j,68.5372943860579,not_applicable
fuzzy_7x7,steady_state_stc,9,energy_yield_ratio,0.990966494941112,not_applicable
fuzzy_7x7,multi_level_irradiance,0,tracking_efficiency_pct,92.6780533184548,not_applicable
fuzzy_7x7,multi_level_irradiance,0,convergence_time_s,0.4824120603015075,not_applicable
fuzzy_7x7,multi_level_irradiance,0,settling_time_s,0.6331658291457286,not_applicable
fuzzy_7x7,multi_level_irradiance,0,oscillation_peak_to_peak_w,53.91936630203243,not_applicable
fuzzy_7x7,multi_level_irradiance,0,oscillation_std_w,17.04637537062308,not_applicable
fuzzy_7x7,multi_level_irradiance,0,energy_yield_j,73.064886855164,not_applicable
fuzzy_7x7,multi_level_irradiance,0,energy_yield_ratio,0.926780533184548,not_applicable
fuzzy_7x7,multi_level_irradiance,1,tracking_efficiency_pct,92.90052616121949,not_applicable
fuzzy_7x7,multi_level_irradiance,1,convergence_time_s,0.4723618090452261,not_applicable
fuzzy_7x7,multi_level_irradiance,1,settling_time_s,0.6231155778894473,not_applicable
fuzzy_7x7,multi_level_irradiance,1,oscillation_peak_to_peak_w,55.11342858757847,not_applicable
fuzzy_7x7,multi_level_irradiance,1,oscillation_std_w,17.56157134305822,not_applicable
fuzzy_7x7,multi_level_irradiance,1,energy_yield_j,73.4781037186336,not_applicable
fuzzy_7x7,multi_level_irradiance,1,energy_yield_ratio,0.9290052616121949,not_applicable
fuzzy_7x7,multi_level_irradiance,2,tracking_efficiency_pct,92.47905065713165,not_applicable
fuzzy_7x7,multi_level_irradiance,2,convergence_time_s,0.6331658291457286,not_applicable
fuzzy_7x7,multi_level_irradiance,2,settling_time_s,0.6331658291457286,not_applicable
fuzzy_7x7,multi_level_irradiance,2,oscillation_peak_to_peak_w,53.90674047895028,not_applicable
fuzzy_7x7,multi_level_irradiance,2,oscillation_std_w,17.19284358607633,not_applicable
fuzzy_7x7,multi_level_irradiance,2,energy_yield_j,72.28321221044698,not_applicable
fuzzy_7x7,multi_level_irradiance,2,energy_yield_ratio,0.9247905065713166,not_applicable
fuzzy_7x7,multi_level_irradiance,3,tracking_efficiency_pct,92.72835836217784,not_applicable
fuzzy_7x7,multi_level_irradiance,3,convergence_time_s,0.49246231155778897,not_applicable
fuzzy_7x7,multi_level_irradiance,3,settling_time_s,0.6231155778894473,not_applicable
fuzzy_7x7,multi_level_irradiance,3,oscillation_peak_to_peak_w,58.691594840967525,not_applicable
fuzzy_7x7,multi_level_irradiance,3,oscillation_std_w,18.846595758626936,not_applicable
fuzzy_7x7,multi_level_irradiance,3,energy_yield_j,77.3772485099822,not_applicable
fuzzy_7x7,multi_level_irradiance,3,energy_yield_ratio,0.9272835836217784,not_applicable
fuzzy_7x7,multi_level_irradiance,4,tracking_efficiency_pct,92.64548217715996,not_applicable
fuzzy_7x7,multi_level_irradiance,4,convergence_time_s,0.49246231155778897,not_applicable
fuzzy_7x7,multi_level_irradiance,4,settling_time_s,0.6331658291457286,not_applicable
fuzzy_7x7,multi_level_irradiance,4,oscillation_peak_to_peak_w,53.747312994016966,not_applicable
fuzzy_7x7,multi_level_irradiance,4,oscillation_std_w,17.15184781612747,not_applicable
fuzzy_7x7,multi_level_irradiance,4,energy_yield_j,71.99719325698175,not_applicable
fuzzy_7x7,multi_level_irradiance,4,energy_yield_ratio,0.9264548217715997,not_applicable
fuzzy_7x7,multi_level_irradiance,5,tracking_efficiency_pct,92.38159818361201,not_applicable
fuzzy_7x7,multi_level_irradiance,5,convergence_time_s,0.6231155778894473,not_applicable
fuzzy_7x7,multi_level_irradiance,5,settling_time_s,0.6231155778894473,not_applicable
fuzzy_7x7,multi_level_irradiance,5,oscillation_peak_to_peak_w,59.65907073179062,not_applicable
fuzzy_7x7,multi_level_irradiance,5,oscillation_std_w,19.17500339047795,not_applicable
fuzzy_7x7,multi_level_irradiance,5,energy_yield_j,78.62722108461554,not_applicable
fuzzy_7x7,multi_level_irradiance,5,energy_yield_ratio,0.9238159818361201,not_applicable
fuzzy_7x7,multi_level_irradiance,6,tracking_efficiency_pct,92.41846551314049,not_applicable
fuzzy_7x7,multi_level_irradiance,6,convergence_time_s,0.6231155778894473,not_applicable
fuzzy_7x7,multi_level_irradiance,6,settling_time_s,0.6231155778894473,not_applicable
fuzzy_7x7,multi_level_irradiance,6,oscillation_peak_to_peak_w,58.68919569027838,not_applicable
fuzzy_7x7,multi_level_irradiance,6,oscillation_std_w,18.91718264424831,not_applicable
fuzzy_7x7,multi_level_irradiance,6,energy_yield_j,77.11922660008308,not_applicable
fuzzy_7x7,multi_level_irradiance,6,energy_yield_ratio,0.9241846551314049,not_applicable
fuzzy_7x7,multi_level_irradiance,7,tracking_efficiency_pct,92.60258177304055,not_applicable
fuzzy_7x7,multi_level_irradiance,7,convergence_time_s,0.6231155778894473,not_applicable
fuzzy_7x7,multi_level_irradiance,7,settling_time_s,0.6231155778894473,not_applicable
fuzzy_7x7,multi_level_irradiance,7,oscillation_peak_to_peak_w,57.22138236577001,not_applicable
fuzzy_7x7,multi_level_irradiance,7,oscillation_std_w,18.234173893899847,not_applicable
fuzzy_7x7,multi_level_irradiance,7,energy_yield_j,76.27731690285529,not_applicable
fuzzy_7x7,multi_level_irradiance,7,energy_yield_ratio,0.9260258177304055,not_applicable
fuzzy_7x7,multi_level_irradiance,8,tracking_efficiency_pct,92.33312577094836,not_applicable
fuzzy_7x7,multi_level_irradiance,8,convergence_time_s,0.6231155778894473,not_applicable
fuzzy_7x7,multi_level_irradiance,8,settling_time_s,0.6231155778894473,not_applicable
fuzzy_7x7,multi_level_irradiance,8,oscillation_peak_to_peak_w,61.485892118235796,not_applicable
fuzzy_7x7,multi_level_irradiance,8,oscillation_std_w,19.90124772250949,not_applicable
fuzzy_7x7,multi_level_irradiance,8,energy_yield_j,80.2924625139566,not_applicable
fuzzy_7x7,multi_level_irradiance,8,energy_yield_ratio,0.9233312577094835,not_applicable
fuzzy_7x7,multi_level_irradiance,9,tracking_efficiency_pct,92.53304717490535,not_applicable
fuzzy_7x7,multi_level_irradiance,9,convergence_time_s,0.6231155778894473,not_applicable
fuzzy_7x7,multi_level_irradiance,9,settling_time_s,0.6231155778894473,not_applicable
fuzzy_7x7,multi_level_irradiance,9,oscillation_peak_to_peak_w,56.14841364247624,not_applicable
fuzzy_7x7,multi_level_irradiance,9,oscillation_std_w,17.959936788429864,not_applicable
fuzzy_7x7,multi_level_irradiance,9,energy_yield_j,74.54910893192428,not_applicable
fuzzy_7x7,multi_level_irradiance,9,energy_yield_ratio,0.9253304717490535,not_applicable
fuzzy_7x7,temperature_variation,0,tracking_efficiency_pct,99.39399322204942,not_applicable
fuzzy_7x7,temperature_variation,0,convergence_time_s,0.07035175879396985,not_applicable
fuzzy_7x7,temperature_variation,0,settling_time_s,0.07035175879396985,not_applicable
fuzzy_7x7,temperature_variation,0,oscillation_peak_to_peak_w,9.949037682477474,not_applicable
fuzzy_7x7,temperature_variation,0,oscillation_std_w,2.4517608452612456,not_applicable
fuzzy_7x7,temperature_variation,0,energy_yield_j,126.86841478566227,not_applicable
fuzzy_7x7,temperature_variation,0,energy_yield_ratio,0.9939399322204941,not_applicable
fuzzy_7x7,temperature_variation,1,tracking_efficiency_pct,99.37183938281882,not_applicable
fuzzy_7x7,temperature_variation,1,convergence_time_s,0.07035175879396985,not_applicable
fuzzy_7x7,temperature_variation,1,settling_time_s,0.07035175879396985,not_applicable
fuzzy_7x7,temperature_variation,1,oscillation_peak_to_peak_w,10.734056335967445,not_applicable
fuzzy_7x7,temperature_variation,1,oscillation_std_w,2.5392339732475606,not_applicable
fuzzy_7x7,temperature_variation,1,energy_yield_j,129.0195436739816,not_applicable
fuzzy_7x7,temperature_variation,1,energy_yield_ratio,0.9937183938281882,not_applicable
fuzzy_7x7,temperature_variation,2,tracking_efficiency_pct,99.42621201239051,not_applicable
fuzzy_7x7,temperature_variation,2,convergence_time_s,0.07035175879396985,not_applicable
fuzzy_7x7,temperature_variation,2,settling_time_s,0.07035175879396985,not_applicable
fuzzy_7x7,temperature_variation,2,oscillation_peak_to_peak_w,9.808537407913214,not_applicable
fuzzy_7x7,temperature_variation,2,oscillation_std_w,2.39845562432402,not_applicable
fuzzy_7x7,temperature_variation,2,energy_yield_j,126.76437183266526,not_applicable
fuzzy_7x7,temperature_variation,2,energy_yield_ratio,0.9942621201239051,not_applicable
fuzzy_7x7,temperature_variation,3,tracking_efficiency_pct,99.42232078495435,not_applicable
fuzzy_7x7,temperature_variation,3,convergence_time_s,0.06030150753768844,not_applicable
fuzzy_7x7,temperature_variation,3,settling_time_s,0.06030150753768844,not_applicable
fuzzy_7x7,temperature_variation,3,oscillation_peak_to_peak_w,10.89365227368878,not_applicable
fuzzy_7x7,temperature_variation,3,oscillation_std_w,2.465162262995917,not_applicable
fuzzy_7x7,temperature_variation,3,energy_yield_j,137.7898078472153,not_applicable
fuzzy_7x7,temperature_variation,3,energy_yield_ratio,0.9942232078495435,not_applicable
fuzzy_7x7,temperature_variation,4,tracking_efficiency_pct,99.40131200646358,not_applicable
fuzzy_7x7,temperature_variation,4,convergence_time_s,0.07035175879396985,not_applicable
fuzzy_7x7,temperature_variation,4,settling_time_s,0.07035175879396985,not_applicable
fuzzy_7x7,temperature_variation,4,oscillation_peak_to_peak_w,10.091726312897507,not_applicable
fuzzy_7x7,temperature_variation,4,oscillation_std_w,2.454387844973268,not_applicable
fuzzy_7x7,temperature_variation,4,energy_yield_j,126.12699837741116,not_applicable
fuzzy_7x7,temperature_variation,4,energy_yield_ratio,0.9940131200646358,not_applicable
fuzzy_7x7,temperature_variation,5,tracking_efficiency_pct,99.48342048171209,not_applicable
fuzzy_7x7,temperature_variation,5,convergence_time_s,0.06030150753768844,not_applicable
fuzzy_7x7,temperature_variation,5,settling_time_s,0.06030150753768844,not_applicable
fuzzy_7x7,temperature_variation,5,oscillation_peak_to_peak_w,10.267702738564637,not_applicable
fuzzy_7x7,temperature_variation,5,oscillation_std_w,2.3277613937961257,not_applicable
fuzzy_7x7,temperature_variation,5,energy_yield_j,140.65892518785273,not_applicable
fuzzy_7x7,temperature_variation,5,energy_yield_ratio,0.9948342048171208,not_applicable
fuzzy_7x7,temperature_variation,6,tracking_efficiency_pct,99.47530408368591,not_applicable
fuzzy_7x7,temperature_variation,6,convergence_time_s,0.06030150753768844,not_applicable
fuzzy_7x7,temperature_variation,6,settling_time_s,0.06030150753768844,not_applicable
fuzzy_7x7,temperature_variation,6,oscillation_peak_to_peak_w,10.31461754570281,not_applicable
fuzzy_7x7,temperature_variation,6,oscillation_std_w,2.3478880137379377,not_applicable
fuzzy_7x7,temperature_variation,6,energy_yield_j,138.14497844522396,not_applicable
fuzzy_7x7,temperature_variation,6,energy_yield_ratio,0.9947530408368591,not_applicable
fuzzy_7x7,temperature_variation,7,tracking_efficiency_pct,99.42873721419653,not_applicable
fuzzy_7x7,temperature_variation,7,convergence_time_s,0.07035175879396985,not_applicable
fuzzy_7x7,temperature_variation,7,settling_time_s,0.07035175879396985,not_applicable
fuzzy_7x7,temperature_variation,7,oscillation_peak_to_peak_w,10.332289700380855,not_applicable
fuzzy_7x7,temperature_variation,7,oscillation_std_w,2.422288252222739,not_applicable
fuzzy_7x7,temperature_variation,7,energy_yield_j,134.64149362733087,not_applicable
fuzzy_7x7,temperature_variation,7,energy_yield_ratio,0.9942873721419653,not_applicable
fuzzy_7x7,temperature_variation,8,tracking_efficiency_pct,99.50710450529363,not_applicable
fuzzy_7x7,temperature_variation,8,convergence_time_s,0.06030150753768844,not_applicable
fuzzy_7x7,temperature_variation,8,settling_time_s,0.06030150753768844,not_applicable
fuzzy_7x7,temperature_variation,8,oscillation_peak_to_peak_w,10.42136822600267,not_applicable
fuzzy_7x7,temperature_variation,8,oscillation_std_w,2.2964611351873097,not_applicable
fuzzy_7x7,temperature_variation,8,energy_yield_j,145.02541888753365,not_applicable
fuzzy_7x7,temperature_variation,8,energy_yield_ratio,0.9950710450529363,not_applicable
fuzzy_7x7,temperature_variation,9,tracking_efficiency_pct,99.43566709618975,not_applicable
fuzzy_7x7,temperature_variation,9,convergence_time_s,0.06030150753768844,not_applicable
fuzzy_7x7,temperature_variation,9,settling_time_s,0.06030150753768844,not_applicable
fuzzy_7x7,temperature_variation,9,oscillation_peak_to_peak_w,10.218959844778745,not_applicable
fuzzy_7x7,temperature_variation,9,oscillation_std_w,2.405880292793902,not_applicable
fuzzy_7x7,temperature_variation,9,energy_yield_j,131.95365914899264,not_applicable
fuzzy_7x7,temperature_variation,9,energy_yield_ratio,0.9943566709618975,not_applicable
fuzzy_7x7,partial_shading_pattern_a,0,tracking_efficiency_pct,95.3064831335379,not_applicable
fuzzy_7x7,partial_shading_pattern_a,0,convergence_time_s,0.07035175879396985,not_applicable
fuzzy_7x7,partial_shading_pattern_a,0,settling_time_s,0.07035175879396985,not_applicable
fuzzy_7x7,partial_shading_pattern_a,0,oscillation_peak_to_peak_w,57.451513819080475,not_applicable
fuzzy_7x7,partial_shading_pattern_a,0,oscillation_std_w,18.53029550384228,not_applicable
fuzzy_7x7,partial_shading_pattern_a,0,energy_yield_j,87.7299309816797,not_applicable
fuzzy_7x7,partial_shading_pattern_a,0,energy_yield_ratio,0.9530648313353789,not_applicable
fuzzy_7x7,partial_shading_pattern_a,1,tracking_efficiency_pct,95.42792815412305,not_applicable
fuzzy_7x7,partial_shading_pattern_a,1,convergence_time_s,0.07035175879396985,not_applicable
fuzzy_7x7,partial_shading_pattern_a,1,settling_time_s,0.07035175879396985,not_applicable
fuzzy_7x7,partial_shading_pattern_a,1,oscillation_peak_to_peak_w,58.67049207003302,not_applicable
fuzzy_7x7,partial_shading_pattern_a,1,oscillation_std_w,19.016811962927544,not_applicable
fuzzy_7x7,partial_shading_pattern_a,1,energy_yield_j,88.34172690445828,not_applicable
fuzzy_7x7,partial_shading_pattern_a,1,energy_yield_ratio,0.9542792815412305,not_applicable
fuzzy_7x7,partial_shading_pattern_a,2,tracking_efficiency_pct,95.26323314053798,not_applicable
fuzzy_7x7,partial_shading_pattern_a,2,convergence_time_s,0.07035175879396985,not_applicable
fuzzy_7x7,partial_shading_pattern_a,2,settling_time_s,0.07035175879396985,not_applicable
fuzzy_7x7,partial_shading_pattern_a,2,oscillation_peak_to_peak_w,57.41580306448629,not_applicable
fuzzy_7x7,partial_shading_pattern_a,2,oscillation_std_w,18.636945428992522,not_applicable
fuzzy_7x7,partial_shading_pattern_a,2,energy_yield_j,87.04596900915529,not_applicable
fuzzy_7x7,partial_shading_pattern_a,2,energy_yield_ratio,0.9526323314053797,not_applicable
fuzzy_7x7,partial_shading_pattern_a,3,tracking_efficiency_pct,95.49608130625693,not_applicable
fuzzy_7x7,partial_shading_pattern_a,3,convergence_time_s,0.06030150753768844,not_applicable
fuzzy_7x7,partial_shading_pattern_a,3,settling_time_s,0.06030150753768844,not_applicable
fuzzy_7x7,partial_shading_pattern_a,3,oscillation_peak_to_peak_w,62.46426182746579,not_applicable
fuzzy_7x7,partial_shading_pattern_a,3,oscillation_std_w,20.368966072147042,not_applicable
fuzzy_7x7,partial_shading_pattern_a,3,energy_yield_j,93.39298435431601,not_applicable
fuzzy_7x7,partial_shading_pattern_a,3,energy_yield_ratio,0.9549608130625693,not_applicable
fuzzy_7x7,partial_shading_pattern_a,4,tracking_efficiency_pct,95.31294708551941,not_applicable
fuzzy_7x7,partial_shading_pattern_a,4,convergence_time_s,0.07035175879396985,not_applicable
fuzzy_7x7,partial_shading_pattern_a,4,settling_time_s,0.07035175879396985,not_applicable
fuzzy_7x7,partial_shading_pattern_a,4,oscillation_peak_to_peak_w,57.23792111169401,not_applicable
fuzzy_7x7,partial_shading_pattern_a,4,oscillation_std_w,18.562780756696924,not_applicable
fuzzy_7x7,partial_shading_pattern_a,4,energy_yield_j,86.61702165640799,not_applicable
fuzzy_7x7,partial_shading_pattern_a,4,energy_yield_ratio,0.9531294708551941,not_applicable
fuzzy_7x7,partial_shading_pattern_a,5,tracking_efficiency_pct,95.40040338730472,not_applicable
fuzzy_7x7,partial_shading_pattern_a,5,convergence_time_s,0.06030150753768844,not_applicable
fuzzy_7x7,partial_shading_pattern_a,5,settling_time_s,0.06030150753768844,not_applicable
fuzzy_7x7,partial_shading_pattern_a,5,oscillation_peak_to_peak_w,63.50006591964112,not_applicable
fuzzy_7x7,partial_shading_pattern_a,5,oscillation_std_w,20.759104255891383,not_applicable
fuzzy_7x7,partial_shading_pattern_a,5,energy_yield_j,95.1206086981874,not_applicable
fuzzy_7x7,partial_shading_pattern_a,5,energy_yield_ratio,0.9540040338730472,not_applicable
fuzzy_7x7,partial_shading_pattern_a,6,tracking_efficiency_pct,95.39634345799497,not_applicable
fuzzy_7x7,partial_shading_pattern_a,6,convergence_time_s,0.06030150753768844,not_applicable
fuzzy_7x7,partial_shading_pattern_a,6,settling_time_s,0.06030150753768844,not_applicable
fuzzy_7x7,partial_shading_pattern_a,6,oscillation_peak_to_peak_w,62.46544316726997,not_applicable
fuzzy_7x7,partial_shading_pattern_a,6,oscillation_std_w,20.45622589672081,not_applicable
fuzzy_7x7,partial_shading_pattern_a,6,energy_yield_j,93.30827875294543,not_applicable
fuzzy_7x7,partial_shading_pattern_a,6,energy_yield_ratio,0.9539634345799497,not_applicable
fuzzy_7x7,partial_shading_pattern_a,7,tracking_efficiency_pct,95.38984948891594,not_applicable
fuzzy_7x7,partial_shading_pattern_a,7,convergence_time_s,0.07035175879396985,not_applicable
fuzzy_7x7,partial_shading_pattern_a,7,settling_time_s,0.07035175879396985,not_applicable
fuzzy_7x7,partial_shading_pattern_a,7,oscillation_peak_to_peak_w,60.923959404826114,not_applicable
fuzzy_7x7,partial_shading_pattern_a,7,oscillation_std_w,19.778012388309637,not_applicable
fuzzy_7x7,partial_shading_pattern_a,7,energy_yield_j,91.936942287549,not_applicable
fuzzy_7x7,partial_shading_pattern_a,7,energy_yield_ratio,0.9538984948891595,not_applicable
fuzzy_7x7,partial_shading_pattern_a,8,tracking_efficiency_pct,95.44817016374968,not_applicable
fuzzy_7x7,partial_shading_pattern_a,8,convergence_time_s,0.06030150753768844,not_applicable
fuzzy_7x7,partial_shading_pattern_a,8,settling_time_s,0.06030150753768844,not_applicable
fuzzy_7x7,partial_shading_pattern_a,8,oscillation_peak_to_peak_w,65.43386165631019,not_applicable
fuzzy_7x7,partial_shading_pattern_a,8,oscillation_std_w,21.482666659641147,not_applicable
fuzzy_7x7,partial_shading_pattern_a,8,energy_yield_j,97.36145026300679,not_applicable
fuzzy_7x7,partial_shading_pattern_a,8,energy_yield_ratio,0.9544817016374968,not_applicable
fuzzy_7x7,partial_shading_pattern_a,9,tracking_efficiency_pct,95.35336646593636,not_applicable
fuzzy_7x7,partial_shading_pattern_a,9,convergence_time_s,0.06030150753768844,not_applicable
fuzzy_7x7,partial_shading_pattern_a,9,settling_time_s,0.06030150753768844,not_applicable
fuzzy_7x7,partial_shading_pattern_a,9,oscillation_peak_to_peak_w,59.77495975770538,not_applicable
fuzzy_7x7,partial_shading_pattern_a,9,oscillation_std_w,19.477659287243135,not_applicable
fuzzy_7x7,partial_shading_pattern_a,9,energy_yield_j,89.92531376870465,not_applicable
fuzzy_7x7,partial_shading_pattern_a,9,energy_yield_ratio,0.9535336646593636,not_applicable
fuzzy_7x7,partial_shading_pattern_b,0,tracking_efficiency_pct,98.25369315123379,not_applicable
fuzzy_7x7,partial_shading_pattern_b,0,convergence_time_s,0.07035175879396985,not_applicable
fuzzy_7x7,partial_shading_pattern_b,0,settling_time_s,0.07035175879396985,not_applicable
fuzzy_7x7,partial_shading_pattern_b,0,oscillation_peak_to_peak_w,42.64379966204223,not_applicable
fuzzy_7x7,partial_shading_pattern_b,0,oscillation_std_w,11.72866385632567,not_applicable
fuzzy_7x7,partial_shading_pattern_b,0,energy_yield_j,91.9477763261143,not_applicable
fuzzy_7x7,partial_shading_pattern_b,0,energy_yield_ratio,0.9825369315123379,not_applicable
fuzzy_7x7,partial_shading_pattern_b,1,tracking_efficiency_pct,98.2841977053522,not_applicable
fuzzy_7x7,partial_shading_pattern_b,1,convergence_time_s,0.06030150753768844,not_applicable
fuzzy_7x7,partial_shading_pattern_b,1,settling_time_s,0.06030150753768844,not_applicable
fuzzy_7x7,partial_shading_pattern_b,1,oscillation_peak_to_peak_w,43.54813406217084,not_applicable
fuzzy_7x7,partial_shading_pattern_b,1,oscillation_std_w,12.105301945927646,not_applicable
fuzzy_7x7,partial_shading_pattern_b,1,energy_yield_j,92.24223787127846,not_applicable
fuzzy_7x7,partial_shading_pattern_b,1,energy_yield_ratio,0.9828419770535219,not_applicable
fuzzy_7x7,partial_shading_pattern_b,2,tracking_efficiency_pct,98.2638467853786,not_applicable
fuzzy_7x7,partial_shading_pattern_b,2,convergence_time_s,0.06030150753768844,not_applicable
fuzzy_7x7,partial_shading_pattern_b,2,settling_time_s,0.06030150753768844,not_applicable
fuzzy_7x7,partial_shading_pattern_b,2,oscillation_peak_to_peak_w,42.621111677907706,not_applicable
fuzzy_7x7,partial_shading_pattern_b,2,oscillation_std_w,11.815703213925852,not_applicable
fuzzy_7x7,partial_shading_pattern_b,2,energy_yield_j,91.18184238975117,not_applicable
fuzzy_7x7,partial_shading_pattern_b,2,energy_yield_ratio,0.9826384678537861,not_applicable
fuzzy_7x7,partial_shading_pattern_b,3,tracking_efficiency_pct,98.34558286734715,not_applicable
fuzzy_7x7,partial_shading_pattern_b,3,convergence_time_s,0.06030150753768844,not_applicable
fuzzy_7x7,partial_shading_pattern_b,3,settling_time_s,0.06030150753768844,not_applicable
fuzzy_7x7,partial_shading_pattern_b,3,oscillation_peak_to_peak_w,46.354303673069836,not_applicable
fuzzy_7x7,partial_shading_pattern_b,3,oscillation_std_w,12.96565517040465,not_applicable
fuzzy_7x7,partial_shading_pattern_b,3,energy_yield_j,97.36893914212311,not_applicable
fuzzy_7x7,partial_shading_pattern_b,3,energy_yield_ratio,0.9834558286734715,not_applicable
fuzzy_7x7,partial_shading_pattern_b,4,tracking_efficiency_pct,98.26489815717014,not_applicable
fuzzy_7x7,partial_shading_pattern_b,4,convergence_time_s,0.06030150753768844,not_applicable
fuzzy_7x7,partial_shading_pattern_b,4,settling_time_s,0.06030150753768844,not_applicable
fuzzy_7x7,partial_shading_pattern_b,4,oscillation_peak_to_peak_w,42.48442888753088,not_applicable
fuzzy_7x7,partial_shading_pattern_b,4,oscillation_std_w,11.783828429199398,not_applicable
fuzzy_7x7,partial_shading_pattern_b,4,energy_yield_j,90.64115459441973,not_applicable
fuzzy_7x7,partial_shading_pattern_b,4,energy_yield_ratio,0.9826489815717013,not_applicable
fuzzy_7x7,partial_shading_pattern_b,5,tracking_efficiency_pct,98.35340373475697,not_applicable
fuzzy_7x7,partial_shading_pattern_b,5,convergence_time_s,0.06030150753768844,not_applicable
fuzzy_7x7,partial_shading_pattern_b,5,settling_time_s,0.06030150753768844,not_applicable
fuzzy_7x7,partial_shading_pattern_b,5,oscillation_peak_to_peak_w,47.12806285595266,not_applicable
fuzzy_7x7,partial_shading_pattern_b,5,oscillation_std_w,13.18422548466847,not_applicable
fuzzy_7x7,partial_shading_pattern_b,5,energy_yield_j,99.3343890749196,not_applicable
fuzzy_7x7,partial_shading_pattern_b,5,energy_yield_ratio,0.9835340373475697,not_applicable
fuzzy_7x7,partial_shading_pattern_b,6,tracking_efficiency_pct,98.34804523554763,not_applicable
fuzzy_7x7,partial_shading_pattern_b,6,convergence_time_s,0.06030150753768844,not_applicable
fuzzy_7x7,partial_shading_pattern_b,6,settling_time_s,0.06030150753768844,not_applicable
fuzzy_7x7,partial_shading_pattern_b,6,oscillation_peak_to_peak_w,46.35657508091495,not_applicable
fuzzy_7x7,partial_shading_pattern_b,6,oscillation_std_w,12.998107797082222,not_applicable
fuzzy_7x7,partial_shading_pattern_b,6,energy_yield_j,97.39701600940933,not_applicable
fuzzy_7x7,partial_shading_pattern_b,6,energy_yield_ratio,0.9834804523554763,not_applicable
fuzzy_7x7,partial_shading_pattern_b,7,tracking_efficiency_pct,98.30863015826927,not_applicable
fuzzy_7x7,partial_shading_pattern_b,7,convergence_time_s,0.06030150753768844,not_applicable
fuzzy_7x7,partial_shading_pattern_b,7,settling_time_s,0.06030150753768844,not_applicable
fuzzy_7x7,partial_shading_pattern_b,7,oscillation_peak_to_peak_w,45.22437985888374,not_applicable
fuzzy_7x7,partial_shading_pattern_b,7,oscillation_std_w,12.570791915703074,not_applicable
fuzzy_7x7,partial_shading_pattern_b,7,energy_yield_j,96.11227433848342,not_applicable
fuzzy_7x7,partial_shading_pattern_b,7,energy_yield_ratio,0.9830863015826926,not_applicable
fuzzy_7x7,partial_shading_pattern_b,8,tracking_efficiency_pct,98.38728451773368,not_applicable
fuzzy_7x7,partial_shading_pattern_b,8,convergence_time_s,0.05025125628140704,not_applicable
fuzzy_7x7,partial_shading_pattern_b,8,settling_time_s,0.05025125628140704,not_applicable
fuzzy_7x7,partial_shading_pattern_b,8,oscillation_peak_to_peak_w,48.55305359131016,not_applicable
fuzzy_7x7,partial_shading_pattern_b,8,oscillation_std_w,13.682097544163573,not_applicable
fuzzy_7x7,partial_shading_pattern_b,8,energy_yield_j,101.52691677568515,not_applicable
fuzzy_7x7,partial_shading_pattern_b,8,energy_yield_ratio,0.9838728451773368,not_applicable
fuzzy_7x7,partial_shading_pattern_b,9,tracking_efficiency_pct,98.30411842284485,not_applicable
fuzzy_7x7,partial_shading_pattern_b,9,convergence_time_s,0.06030150753768844,not_applicable
fuzzy_7x7,partial_shading_pattern_b,9,settling_time_s,0.06030150753768844,not_applicable
fuzzy_7x7,partial_shading_pattern_b,9,oscillation_peak_to_peak_w,44.36719542390823,not_applicable
fuzzy_7x7,partial_shading_pattern_b,9,oscillation_std_w,12.364095964545669,not_applicable
fuzzy_7x7,partial_shading_pattern_b,9,energy_yield_j,93.99225800313532,not_applicable
fuzzy_7x7,partial_shading_pattern_b,9,energy_yield_ratio,0.9830411842284486,not_applicable
q_learning,steady_state_stc,0,tracking_efficiency_pct,40.80131482023756,not_applicable
q_learning,steady_state_stc,0,convergence_time_s,,not_applicable
q_learning,steady_state_stc,0,settling_time_s,,not_applicable
q_learning,steady_state_stc,0,oscillation_peak_to_peak_w,0.0,not_applicable
q_learning,steady_state_stc,0,oscillation_std_w,0.0,not_applicable
q_learning,steady_state_stc,0,energy_yield_j,27.215676973295814,not_applicable
q_learning,steady_state_stc,0,energy_yield_ratio,0.40801314820237555,not_applicable
q_learning,steady_state_stc,1,tracking_efficiency_pct,39.05143516003965,not_applicable
q_learning,steady_state_stc,1,convergence_time_s,,not_applicable
q_learning,steady_state_stc,1,settling_time_s,,not_applicable
q_learning,steady_state_stc,1,oscillation_peak_to_peak_w,0.0,not_applicable
q_learning,steady_state_stc,1,oscillation_std_w,0.0,not_applicable
q_learning,steady_state_stc,1,energy_yield_j,26.508777076328315,not_applicable
q_learning,steady_state_stc,1,energy_yield_ratio,0.39051435160039655,not_applicable
q_learning,steady_state_stc,2,tracking_efficiency_pct,41.24411721934456,not_applicable
q_learning,steady_state_stc,2,convergence_time_s,,not_applicable
q_learning,steady_state_stc,2,settling_time_s,,not_applicable
q_learning,steady_state_stc,2,oscillation_peak_to_peak_w,0.0,not_applicable
q_learning,steady_state_stc,2,oscillation_std_w,0.0,not_applicable
q_learning,steady_state_stc,2,energy_yield_j,27.452929246275573,not_applicable
q_learning,steady_state_stc,2,energy_yield_ratio,0.41244117219344556,not_applicable
q_learning,steady_state_stc,3,tracking_efficiency_pct,39.79004830580112,not_applicable
q_learning,steady_state_stc,3,convergence_time_s,,not_applicable
q_learning,steady_state_stc,3,settling_time_s,,not_applicable
q_learning,steady_state_stc,3,oscillation_peak_to_peak_w,0.0,not_applicable
q_learning,steady_state_stc,3,oscillation_std_w,0.0,not_applicable
q_learning,steady_state_stc,3,energy_yield_j,28.710515273504075,not_applicable
q_learning,steady_state_stc,3,energy_yield_ratio,0.39790048305801123,not_applicable
q_learning,steady_state_stc,4,tracking_efficiency_pct,40.379470458018204,not_applicable
q_learning,steady_state_stc,4,convergence_time_s,,not_applicable
q_learning,steady_state_stc,4,settling_time_s,,not_applicable
q_learning,steady_state_stc,4,oscillation_peak_to_peak_w,0.0,not_applicable
q_learning,steady_state_stc,4,oscillation_std_w,0.0,not_applicable
q_learning,steady_state_stc,4,energy_yield_j,26.77996721386396,not_applicable
q_learning,steady_state_stc,4,energy_yield_ratio,0.403794704580182,not_applicable
q_learning,steady_state_stc,5,tracking_efficiency_pct,41.7392290677101,not_applicable
q_learning,steady_state_stc,5,convergence_time_s,,not_applicable
q_learning,steady_state_stc,5,settling_time_s,,not_applicable
q_learning,steady_state_stc,5,oscillation_peak_to_peak_w,0.0,not_applicable
q_learning,steady_state_stc,5,oscillation_std_w,0.0,not_applicable
q_learning,steady_state_stc,5,energy_yield_j,30.635066632070835,not_applicable
q_learning,steady_state_stc,5,energy_yield_ratio,0.417392290677101,not_applicable
q_learning,steady_state_stc,6,tracking_efficiency_pct,41.35127789863995,not_applicable
q_learning,steady_state_stc,6,convergence_time_s,,not_applicable
q_learning,steady_state_stc,6,settling_time_s,,not_applicable
q_learning,steady_state_stc,6,oscillation_peak_to_peak_w,0.0,not_applicable
q_learning,steady_state_stc,6,oscillation_std_w,0.0,not_applicable
q_learning,steady_state_stc,6,energy_yield_j,29.840326809659242,not_applicable
q_learning,steady_state_stc,6,energy_yield_ratio,0.4135127789863995,not_applicable
q_learning,steady_state_stc,7,tracking_efficiency_pct,40.767792403025005,not_applicable
q_learning,steady_state_stc,7,convergence_time_s,,not_applicable
q_learning,steady_state_stc,7,settling_time_s,,not_applicable
q_learning,steady_state_stc,7,oscillation_peak_to_peak_w,0.0,not_applicable
q_learning,steady_state_stc,7,oscillation_std_w,0.0,not_applicable
q_learning,steady_state_stc,7,energy_yield_j,28.75425409826331,not_applicable
q_learning,steady_state_stc,7,energy_yield_ratio,0.40767792403025005,not_applicable
q_learning,steady_state_stc,8,tracking_efficiency_pct,41.91892415016616,not_applicable
q_learning,steady_state_stc,8,convergence_time_s,,not_applicable
q_learning,steady_state_stc,8,settling_time_s,,not_applicable
q_learning,steady_state_stc,8,oscillation_peak_to_peak_w,0.0,not_applicable
q_learning,steady_state_stc,8,oscillation_std_w,0.0,not_applicable
q_learning,steady_state_stc,8,energy_yield_j,31.65811664404485,not_applicable
q_learning,steady_state_stc,8,energy_yield_ratio,0.4191892415016616,not_applicable
q_learning,steady_state_stc,9,tracking_efficiency_pct,40.79770380595005,not_applicable
q_learning,steady_state_stc,9,convergence_time_s,,not_applicable
q_learning,steady_state_stc,9,settling_time_s,,not_applicable
q_learning,steady_state_stc,9,oscillation_peak_to_peak_w,0.0,not_applicable
q_learning,steady_state_stc,9,oscillation_std_w,0.0,not_applicable
q_learning,steady_state_stc,9,energy_yield_j,28.21653658623196,not_applicable
q_learning,steady_state_stc,9,energy_yield_ratio,0.40797703805950053,not_applicable
q_learning,multi_level_irradiance,0,tracking_efficiency_pct,38.34426439716406,not_applicable
q_learning,multi_level_irradiance,0,convergence_time_s,,not_applicable
q_learning,multi_level_irradiance,0,settling_time_s,,not_applicable
q_learning,multi_level_irradiance,0,oscillation_peak_to_peak_w,0.0,not_applicable
q_learning,multi_level_irradiance,0,oscillation_std_w,0.0,not_applicable
q_learning,multi_level_irradiance,0,energy_yield_j,30.22958768994131,not_applicable
q_learning,multi_level_irradiance,0,energy_yield_ratio,0.38344264397164063,not_applicable
q_learning,multi_level_irradiance,1,tracking_efficiency_pct,37.05415446581224,not_applicable
q_learning,multi_level_irradiance,1,convergence_time_s,0.49246231155778897,not_applicable
q_learning,multi_level_irradiance,1,settling_time_s,,not_applicable
q_learning,multi_level_irradiance,1,oscillation_peak_to_peak_w,0.0,not_applicable
q_learning,multi_level_irradiance,1,oscillation_std_w,0.0,not_applicable
q_learning,multi_level_irradiance,1,energy_yield_j,29.307358284713104,not_applicable
q_learning,multi_level_irradiance,1,energy_yield_ratio,0.3705415446581224,not_applicable
q_learning,multi_level_irradiance,2,tracking_efficiency_pct,38.56768226301506,not_applicable
q_learning,multi_level_irradiance,2,convergence_time_s,,not_applicable
q_learning,multi_level_irradiance,2,settling_time_s,,not_applicable
q_learning,multi_level_irradiance,2,oscillation_peak_to_peak_w,0.0,not_applicable
q_learning,multi_level_irradiance,2,oscillation_std_w,0.0,not_applicable
q_learning,multi_level_irradiance,2,energy_yield_j,30.14516197639648,not_applicable
q_learning,multi_level_irradiance,2,energy_yield_ratio,0.3856768226301506,not_applicable
q_learning,multi_level_irradiance,3,tracking_efficiency_pct,37.44273265604877,not_applicable
q_learning,multi_level_irradiance,3,convergence_time_s,,not_applicable
q_learning,multi_level_irradiance,3,settling_time_s,,not_applicable
q_learning,multi_level_irradiance,3,oscillation_peak_to_peak_w,0.0,not_applicable
q_learning,multi_level_irradiance,3,oscillation_std_w,0.0,not_applicable
q_learning,multi_level_irradiance,3,energy_yield_j,31.244116479491467,not_applicable
q_learning,multi_level_irradiance,3,energy_yield_ratio,0.37442732656048766,not_applicable
q_learning,multi_level_irradiance,4,tracking_efficiency_pct,37.981889163437685,not_applicable
q_learning,multi_level_irradiance,4,convergence_time_s,,not_applicable
q_learning,multi_level_irradiance,4,settling_time_s,,not_applicable
q_learning,multi_level_irradiance,4,oscillation_peak_to_peak_w,0.0,not_applicable
q_learning,multi_level_irradiance,4,oscillation_std_w,0.0,not_applicable
q_learning,multi_level_irradiance,4,energy_yield_j,29.51670551118839,not_applicable
q_learning,multi_level_irradiance,4,energy_yield_ratio,0.3798188916343768,not_applicable
q_learning,multi_level_irradiance,5,tracking_efficiency_pct,38.75616135863617,not_applicable
q_learning,multi_level_irradiance,5,convergence_time_s,,not_applicable
q_learning,multi_level_irradiance,5,settling_time_s,,not_applicable
q_learning,multi_level_irradiance,5,oscillation_peak_to_peak_w,0.0,not_applicable
q_learning,multi_level_irradiance,5,oscillation_std_w,0.0,not_applicable
q_learning,multi_level_irradiance,5,energy_yield_j,32.98589034452418,not_applicable
q_learning,multi_level_irradiance,5,energy_yield_ratio,0.3875616135863617,not_applicable
q_learning,multi_level_irradiance,6,tracking_efficiency_pct,38.47489975240255,not_applicable
q_learning,multi_level_irradiance,6,convergence_time_s,,not_applicable
q_learning,multi_level_irradiance,6,settling_time_s,,not_applicable
q_learning,multi_level_irradiance,6,oscillation_peak_to_peak_w,0.0,not_applicable
q_learning,multi_level_irradiance,6,oscillation_std_w,0.0,not_applicable
q_learning,multi_level_irradiance,6,energy_yield_j,32.10564572725057,not_applicable
q_learning,multi_level_irradiance,6,energy_yield_ratio,0.3847489975240255,not_applicable
q_learning,multi_level_irradiance,7,tracking_efficiency_pct,38.19331805527863,not_applicable
q_learning,multi_level_irradiance,7,convergence_time_s,,not_applicable
q_learning,multi_level_irradiance,7,settling_time_s,,not_applicable
q_learning,multi_level_irradiance,7,oscillation_peak_to_peak_w,0.0,not_applicable
q_learning,multi_level_irradiance,7,oscillation_std_w,0.0,not_applicable
q_learning,multi_level_irradiance,7,energy_yield_j,31.460071297085356,not_applicable
q_learning,multi_level_irradiance,7,energy_yield_ratio,0.3819331805527863,not_applicable
q_learning,multi_level_irradiance,8,tracking_efficiency_pct,38.80665764527693,not_applicable
q_learning,multi_level_irradiance,8,convergence_time_s,,not_applicable
q_learning,multi_level_irradiance,8,settling_time_s,,not_applicable
q_learning,multi_level_irradiance,8,oscillation_peak_to_peak_w,0.0,not_applicable
q_learning,multi_level_irradiance,8,oscillation_std_w,0.0,not_applicable
q_learning,multi_level_irradiance,8,energy_yield_j,33.74609142990504,not_applicable
q_learning,multi_level_irradiance,8,energy_yield_ratio,0.38806657645276926,not_applicable
q_learning,multi_level_irradiance,9,tracking_efficiency_pct,38.18554472174455,not_applicable
q_learning,multi_level_irradiance,9,convergence_time_s,,not_applicable
q_learning,multi_level_irradiance,9,settling_time_s,,not_applicable
q_learning,multi_level_irradiance,9,oscillation_peak_to_peak_w,0.0,not_applicable
q_learning,multi_level_irradiance,9,oscillation_std_w,0.0,not_applicable
q_learning,multi_level_irradiance,9,energy_yield_j,30.764126114915364,not_applicable
q_learning,multi_level_irradiance,9,energy_yield_ratio,0.3818554472174455,not_applicable
q_learning,temperature_variation,0,tracking_efficiency_pct,32.45306966787097,not_applicable
q_learning,temperature_variation,0,convergence_time_s,,not_applicable
q_learning,temperature_variation,0,settling_time_s,,not_applicable
q_learning,temperature_variation,0,oscillation_peak_to_peak_w,0.0,not_applicable
q_learning,temperature_variation,0,oscillation_std_w,0.0,not_applicable
q_learning,temperature_variation,0,energy_yield_j,41.42372562186263,not_applicable
q_learning,temperature_variation,0,energy_yield_ratio,0.3245306966787097,not_applicable
q_learning,temperature_variation,1,tracking_efficiency_pct,30.871786009326357,not_applicable
q_learning,temperature_variation,1,convergence_time_s,,not_applicable
q_learning,temperature_variation,1,settling_time_s,,not_applicable
q_learning,temperature_variation,1,oscillation_peak_to_peak_w,0.0,not_applicable
q_learning,temperature_variation,1,oscillation_std_w,0.0,not_applicable
q_learning,temperature_variation,1,energy_yield_j,40.08241940636513,not_applicable
q_learning,temperature_variation,1,energy_yield_ratio,0.3087178600932636,not_applicable
q_learning,temperature_variation,2,tracking_efficiency_pct,32.7651211368087,not_applicable
q_learning,temperature_variation,2,convergence_time_s,,not_applicable
q_learning,temperature_variation,2,settling_time_s,,not_applicable
q_learning,temperature_variation,2,oscillation_peak_to_peak_w,0.0,not_applicable
q_learning,temperature_variation,2,oscillation_std_w,0.0,not_applicable
q_learning,temperature_variation,2,energy_yield_j,41.77419530386146,not_applicable
q_learning,temperature_variation,2,energy_yield_ratio,0.327651211368087,not_applicable
q_learning,temperature_variation,3,tracking_efficiency_pct,31.412037116356878,not_applicable
q_learning,temperature_variation,3,convergence_time_s,,not_applicable
q_learning,temperature_variation,3,settling_time_s,,not_applicable
q_learning,temperature_variation,3,oscillation_peak_to_peak_w,0.0,not_applicable
q_learning,temperature_variation,3,oscillation_std_w,0.0,not_applicable
q_learning,temperature_variation,3,energy_yield_j,43.534072873979895,not_applicable
q_learning,temperature_variation,3,energy_yield_ratio,0.3141203711635688,not_applicable
q_learning,temperature_variation,4,tracking_efficiency_pct,32.0250870573041,not_applicable
q_learning,temperature_variation,4,convergence_time_s,,not_applicable
q_learning,temperature_variation,4,settling_time_s,,not_applicable
q_learning,temperature_variation,4,oscillation_peak_to_peak_w,0.0,not_applicable
q_learning,temperature_variation,4,oscillation_std_w,0.0,not_applicable
q_learning,temperature_variation,4,energy_yield_j,40.635561259497194,not_applicable
q_learning,temperature_variation,4,energy_yield_ratio,0.32025087057304097,not_applicable
q_learning,temperature_variation,5,tracking_efficiency_pct,33.04998443959691,not_applicable
q_learning,temperature_variation,5,convergence_time_s,,not_applicable
q_learning,temperature_variation,5,settling_time_s,,not_applicable
q_learning,temperature_variation,5,oscillation_peak_to_peak_w,0.0,not_applicable
q_learning,temperature_variation,5,oscillation_std_w,0.0,not_applicable
q_learning,temperature_variation,5,energy_yield_j,46.72914608523676,not_applicable
q_learning,temperature_variation,5,energy_yield_ratio,0.33049984439596913,not_applicable
q_learning,temperature_variation,6,tracking_efficiency_pct,32.703490653045996,not_applicable
q_learning,temperature_variation,6,convergence_time_s,,not_applicable
q_learning,temperature_variation,6,settling_time_s,,not_applicable
q_learning,temperature_variation,6,oscillation_peak_to_peak_w,0.0,not_applicable
q_learning,temperature_variation,6,oscillation_std_w,0.0,not_applicable
q_learning,temperature_variation,6,energy_yield_j,45.41652878535459,not_applicable
q_learning,temperature_variation,6,energy_yield_ratio,0.32703490653045997,not_applicable
q_learning,temperature_variation,7,tracking_efficiency_pct,32.316358831255556,not_applicable
q_learning,temperature_variation,7,convergence_time_s,,not_applicable
q_learning,temperature_variation,7,settling_time_s,,not_applicable
q_learning,temperature_variation,7,oscillation_peak_to_peak_w,0.0,not_applicable
q_learning,temperature_variation,7,oscillation_std_w,0.0,not_applicable
q_learning,temperature_variation,7,energy_yield_j,43.76121977958476,not_applicable
q_learning,temperature_variation,7,energy_yield_ratio,0.32316358831255554,not_applicable
q_learning,temperature_variation,8,tracking_efficiency_pct,33.12993476490588,not_applicable
q_learning,temperature_variation,8,convergence_time_s,,not_applicable
q_learning,temperature_variation,8,settling_time_s,,not_applicable
q_learning,temperature_variation,8,oscillation_peak_to_peak_w,0.0,not_applicable
q_learning,temperature_variation,8,oscillation_std_w,0.0,not_applicable
q_learning,temperature_variation,8,energy_yield_j,48.284820374223,not_applicable
q_learning,temperature_variation,8,energy_yield_ratio,0.33129934764905883,not_applicable
q_learning,temperature_variation,9,tracking_efficiency_pct,32.31422101829723,not_applicable
q_learning,temperature_variation,9,convergence_time_s,,not_applicable
q_learning,temperature_variation,9,settling_time_s,,not_applicable
q_learning,temperature_variation,9,oscillation_peak_to_peak_w,0.0,not_applicable
q_learning,temperature_variation,9,oscillation_std_w,0.0,not_applicable
q_learning,temperature_variation,9,energy_yield_j,42.88179312749839,not_applicable
q_learning,temperature_variation,9,energy_yield_ratio,0.32314221018297234,not_applicable
q_learning,partial_shading_pattern_a,0,tracking_efficiency_pct,44.84341914166837,not_applicable
q_learning,partial_shading_pattern_a,0,convergence_time_s,,not_applicable
q_learning,partial_shading_pattern_a,0,settling_time_s,,not_applicable
q_learning,partial_shading_pattern_a,0,oscillation_peak_to_peak_w,0.0,not_applicable
q_learning,partial_shading_pattern_a,0,oscillation_std_w,0.0,not_applicable
q_learning,partial_shading_pattern_a,0,energy_yield_j,41.27851471309517,not_applicable
q_learning,partial_shading_pattern_a,0,energy_yield_ratio,0.4484341914166837,not_applicable
q_learning,partial_shading_pattern_a,1,tracking_efficiency_pct,43.2647441520035,not_applicable
q_learning,partial_shading_pattern_a,1,convergence_time_s,,not_applicable
q_learning,partial_shading_pattern_a,1,settling_time_s,,not_applicable
q_learning,partial_shading_pattern_a,1,oscillation_peak_to_peak_w,0.0,not_applicable
q_learning,partial_shading_pattern_a,1,oscillation_std_w,0.0,not_applicable
q_learning,partial_shading_pattern_a,1,energy_yield_j,40.05202969820964,not_applicable
q_learning,partial_shading_pattern_a,1,energy_yield_ratio,0.43264744152003504,not_applicable
q_learning,partial_shading_pattern_a,2,tracking_efficiency_pct,45.518081894442886,not_applicable
q_learning,partial_shading_pattern_a,2,convergence_time_s,,not_applicable
q_learning,partial_shading_pattern_a,2,settling_time_s,,not_applicable
q_learning,partial_shading_pattern_a,2,oscillation_peak_to_peak_w,0.0,not_applicable
q_learning,partial_shading_pattern_a,2,oscillation_std_w,0.0,not_applicable
q_learning,partial_shading_pattern_a,2,energy_yield_j,41.59176017146768,not_applicable
q_learning,partial_shading_pattern_a,2,energy_yield_ratio,0.45518081894442886,not_applicable
q_learning,partial_shading_pattern_a,3,tracking_efficiency_pct,44.28861532779147,not_applicable
q_learning,partial_shading_pattern_a,3,convergence_time_s,,not_applicable
q_learning,partial_shading_pattern_a,3,settling_time_s,,not_applicable
q_learning,partial_shading_pattern_a,3,oscillation_peak_to_peak_w,0.0,not_applicable
q_learning,partial_shading_pattern_a,3,oscillation_std_w,0.0,not_applicable
q_learning,partial_shading_pattern_a,3,energy_yield_j,43.31325329588934,not_applicable
q_learning,partial_shading_pattern_a,3,energy_yield_ratio,0.4428861532779147,not_applicable
q_learning,partial_shading_pattern_a,4,tracking_efficiency_pct,44.60321671715636,not_applicable
q_learning,partial_shading_pattern_a,4,convergence_time_s,,not_applicable
q_learning,partial_shading_pattern_a,4,settling_time_s,,not_applicable
q_learning,partial_shading_pattern_a,4,oscillation_peak_to_peak_w,0.0,not_applicable
q_learning,partial_shading_pattern_a,4,oscillation_std_w,0.0,not_applicable
q_learning,partial_shading_pattern_a,4,energy_yield_j,40.533819449197836,not_applicable
q_learning,partial_shading_pattern_a,4,energy_yield_ratio,0.4460321671715636,not_applicable
q_learning,partial_shading_pattern_a,5,tracking_efficiency_pct,46.420493929350535,not_applicable
q_learning,partial_shading_pattern_a,5,convergence_time_s,,not_applicable
q_learning,partial_shading_pattern_a,5,settling_time_s,,not_applicable
q_learning,partial_shading_pattern_a,5,oscillation_peak_to_peak_w,0.0,not_applicable
q_learning,partial_shading_pattern_a,5,oscillation_std_w,0.0,not_applicable
q_learning,partial_shading_pattern_a,5,energy_yield_j,46.28434977055798,not_applicable
q_learning,partial_shading_pattern_a,5,energy_yield_ratio,0.46420493929350537,not_applicable
q_learning,partial_shading_pattern_a,6,tracking_efficiency_pct,46.05130181515161,not_applicable
q_learning,partial_shading_pattern_a,6,convergence_time_s,,not_applicable
q_learning,partial_shading_pattern_a,6,settling_time_s,,not_applicable
q_learning,partial_shading_pattern_a,6,oscillation_peak_to_peak_w,0.0,not_applicable
q_learning,partial_shading_pattern_a,6,oscillation_std_w,0.0,not_applicable
q_learning,partial_shading_pattern_a,6,energy_yield_j,45.043316661253726,not_applicable
q_learning,partial_shading_pattern_a,6,energy_yield_ratio,0.4605130181515161,not_applicable
q_learning,partial_shading_pattern_a,7,tracking_efficiency_pct,45.13536648978518,not_applicable
q_learning,partial_shading_pattern_a,7,convergence_time_s,,not_applicable
q_learning,partial_shading_pattern_a,7,settling_time_s,,not_applicable
q_learning,partial_shading_pattern_a,7,oscillation_peak_to_peak_w,0.0,not_applicable
q_learning,partial_shading_pattern_a,7,oscillation_std_w,0.0,not_applicable
q_learning,partial_shading_pattern_a,7,energy_yield_j,43.50156338784167,not_applicable
q_learning,partial_shading_pattern_a,7,energy_yield_ratio,0.4513536648978518,not_applicable
q_learning,partial_shading_pattern_a,8,tracking_efficiency_pct,46.804127066551224,not_applicable
q_learning,partial_shading_pattern_a,8,convergence_time_s,,not_applicable
q_learning,partial_shading_pattern_a,8,settling_time_s,,not_applicable
q_learning,partial_shading_pattern_a,8,oscillation_peak_to_peak_w,0.0,not_applicable
q_learning,partial_shading_pattern_a,8,oscillation_std_w,0.0,not_applicable
q_learning,partial_shading_pattern_a,8,energy_yield_j,47.74232635026618,not_applicable
q_learning,partial_shading_pattern_a,8,energy_yield_ratio,0.4680412706655122,not_applicable
q_learning,partial_shading_pattern_a,9,tracking_efficiency_pct,45.23625577480473,not_applicable
q_learning,partial_shading_pattern_a,9,convergence_time_s,,not_applicable
q_learning,partial_shading_pattern_a,9,settling_time_s,,not_applicable
q_learning,partial_shading_pattern_a,9,oscillation_peak_to_peak_w,0.0,not_applicable
q_learning,partial_shading_pattern_a,9,oscillation_std_w,0.0,not_applicable
q_learning,partial_shading_pattern_a,9,energy_yield_j,42.66115235400616,not_applicable
q_learning,partial_shading_pattern_a,9,energy_yield_ratio,0.4523625577480473,not_applicable
q_learning,partial_shading_pattern_b,0,tracking_efficiency_pct,44.328855324545756,not_applicable
q_learning,partial_shading_pattern_b,0,convergence_time_s,,not_applicable
q_learning,partial_shading_pattern_b,0,settling_time_s,,not_applicable
q_learning,partial_shading_pattern_b,0,oscillation_peak_to_peak_w,0.0,not_applicable
q_learning,partial_shading_pattern_b,0,oscillation_std_w,0.0,not_applicable
q_learning,partial_shading_pattern_b,0,energy_yield_j,41.48383173648503,not_applicable
q_learning,partial_shading_pattern_b,0,energy_yield_ratio,0.4432885532454576,not_applicable
q_learning,partial_shading_pattern_b,1,tracking_efficiency_pct,42.878455368586344,not_applicable
q_learning,partial_shading_pattern_b,1,convergence_time_s,,not_applicable
q_learning,partial_shading_pattern_b,1,settling_time_s,,not_applicable
q_learning,partial_shading_pattern_b,1,oscillation_peak_to_peak_w,0.0,not_applicable
q_learning,partial_shading_pattern_b,1,oscillation_std_w,0.0,not_applicable
q_learning,partial_shading_pattern_b,1,energy_yield_j,40.24252903319729,not_applicable
q_learning,partial_shading_pattern_b,1,energy_yield_ratio,0.42878455368586343,not_applicable
q_learning,partial_shading_pattern_b,2,tracking_efficiency_pct,45.05017531875141,not_applicable
q_learning,partial_shading_pattern_b,2,convergence_time_s,,not_applicable
q_learning,partial_shading_pattern_b,2,settling_time_s,,not_applicable
q_learning,partial_shading_pattern_b,2,oscillation_peak_to_peak_w,0.0,not_applicable
q_learning,partial_shading_pattern_b,2,oscillation_std_w,0.0,not_applicable
q_learning,partial_shading_pattern_b,2,energy_yield_j,41.80335006136023,not_applicable
q_learning,partial_shading_pattern_b,2,energy_yield_ratio,0.45050175318751406,not_applicable
q_learning,partial_shading_pattern_b,3,tracking_efficiency_pct,43.961506665376895,not_applicable
q_learning,partial_shading_pattern_b,3,convergence_time_s,,not_applicable
q_learning,partial_shading_pattern_b,3,settling_time_s,,not_applicable
q_learning,partial_shading_pattern_b,3,oscillation_peak_to_peak_w,0.0,not_applicable
q_learning,partial_shading_pattern_b,3,oscillation_std_w,0.0,not_applicable
q_learning,partial_shading_pattern_b,3,energy_yield_j,43.52493668038787,not_applicable
q_learning,partial_shading_pattern_b,3,energy_yield_ratio,0.439615066653769,not_applicable
q_learning,partial_shading_pattern_b,4,tracking_efficiency_pct,44.1607702277735,not_applicable
q_learning,partial_shading_pattern_b,4,convergence_time_s,,not_applicable
q_learning,partial_shading_pattern_b,4,settling_time_s,,not_applicable
q_learning,partial_shading_pattern_b,4,oscillation_peak_to_peak_w,0.0,not_applicable
q_learning,partial_shading_pattern_b,4,oscillation_std_w,0.0,not_applicable
q_learning,partial_shading_pattern_b,4,energy_yield_j,40.734619139603645,not_applicable
q_learning,partial_shading_pattern_b,4,energy_yield_ratio,0.44160770227773494,not_applicable
q_learning,partial_shading_pattern_b,5,tracking_efficiency_pct,46.0644868921335,not_applicable
q_learning,partial_shading_pattern_b,5,convergence_time_s,,not_applicable
q_learning,partial_shading_pattern_b,5,settling_time_s,,not_applicable
q_learning,partial_shading_pattern_b,5,oscillation_peak_to_peak_w,0.0,not_applicable
q_learning,partial_shading_pattern_b,5,oscillation_std_w,0.0,not_applicable
q_learning,partial_shading_pattern_b,5,energy_yield_j,46.52393806135956,not_applicable
q_learning,partial_shading_pattern_b,5,energy_yield_ratio,0.460644868921335,not_applicable
q_learning,partial_shading_pattern_b,6,tracking_efficiency_pct,45.71738391747081,not_applicable
q_learning,partial_shading_pattern_b,6,convergence_time_s,,not_applicable
q_learning,partial_shading_pattern_b,6,settling_time_s,,not_applicable
q_learning,partial_shading_pattern_b,6,oscillation_peak_to_peak_w,0.0,not_applicable
q_learning,partial_shading_pattern_b,6,oscillation_std_w,0.0,not_applicable
q_learning,partial_shading_pattern_b,6,energy_yield_j,45.27529512817188,not_applicable
q_learning,partial_shading_pattern_b,6,energy_yield_ratio,0.4571738391747081,not_applicable
q_learning,partial_shading_pattern_b,7,tracking_efficiency_pct,44.7187840205536,not_applicable
q_learning,partial_shading_pattern_b,7,convergence_time_s,,not_applicable
q_learning,partial_shading_pattern_b,7,settling_time_s,,not_applicable
q_learning,partial_shading_pattern_b,7,oscillation_peak_to_peak_w,0.0,not_applicable
q_learning,partial_shading_pattern_b,7,oscillation_std_w,0.0,not_applicable
q_learning,partial_shading_pattern_b,7,energy_yield_j,43.71970223720289,not_applicable
q_learning,partial_shading_pattern_b,7,energy_yield_ratio,0.447187840205536,not_applicable
q_learning,partial_shading_pattern_b,8,tracking_efficiency_pct,46.508662843358735,not_applicable
q_learning,partial_shading_pattern_b,8,convergence_time_s,,not_applicable
q_learning,partial_shading_pattern_b,8,settling_time_s,,not_applicable
q_learning,partial_shading_pattern_b,8,oscillation_peak_to_peak_w,0.0,not_applicable
q_learning,partial_shading_pattern_b,8,oscillation_std_w,0.0,not_applicable
q_learning,partial_shading_pattern_b,8,energy_yield_j,47.99279871368941,not_applicable
q_learning,partial_shading_pattern_b,8,energy_yield_ratio,0.46508662843358733,not_applicable
q_learning,partial_shading_pattern_b,9,tracking_efficiency_pct,44.84242250973781,not_applicable
q_learning,partial_shading_pattern_b,9,convergence_time_s,,not_applicable
q_learning,partial_shading_pattern_b,9,settling_time_s,,not_applicable
q_learning,partial_shading_pattern_b,9,oscillation_peak_to_peak_w,0.0,not_applicable
q_learning,partial_shading_pattern_b,9,oscillation_std_w,0.0,not_applicable
q_learning,partial_shading_pattern_b,9,energy_yield_j,42.875523565464306,not_applicable
q_learning,partial_shading_pattern_b,9,energy_yield_ratio,0.44842422509737806,not_applicable
sliding_mode,steady_state_stc,0,tracking_efficiency_pct,99.01255787247074,not_applicable
sliding_mode,steady_state_stc,0,convergence_time_s,0.06060606060606061,not_applicable
sliding_mode,steady_state_stc,0,settling_time_s,0.06060606060606061,not_applicable
sliding_mode,steady_state_stc,0,oscillation_peak_to_peak_w,0.33790053683941323,not_applicable
sliding_mode,steady_state_stc,0,oscillation_std_w,0.03854149204879363,not_applicable
sliding_mode,steady_state_stc,0,energy_yield_j,66.04428811250823,not_applicable
sliding_mode,steady_state_stc,0,energy_yield_ratio,0.9901255787247074,not_applicable
sliding_mode,steady_state_stc,1,tracking_efficiency_pct,98.93872526786008,not_applicable
sliding_mode,steady_state_stc,1,convergence_time_s,0.06060606060606061,not_applicable
sliding_mode,steady_state_stc,1,settling_time_s,0.06060606060606061,not_applicable
sliding_mode,steady_state_stc,1,oscillation_peak_to_peak_w,0.6705438084671869,not_applicable
sliding_mode,steady_state_stc,1,oscillation_std_w,0.07177749220622921,not_applicable
sliding_mode,steady_state_stc,1,energy_yield_j,67.1612861753563,not_applicable
sliding_mode,steady_state_stc,1,energy_yield_ratio,0.9893872526786007,not_applicable
sliding_mode,steady_state_stc,2,tracking_efficiency_pct,99.06456983782522,not_applicable
sliding_mode,steady_state_stc,2,convergence_time_s,0.06060606060606061,not_applicable
sliding_mode,steady_state_stc,2,settling_time_s,0.06060606060606061,not_applicable
sliding_mode,steady_state_stc,2,oscillation_peak_to_peak_w,0.4778832070065846,not_applicable
sliding_mode,steady_state_stc,2,oscillation_std_w,0.050085358275515426,not_applicable
sliding_mode,steady_state_stc,2,energy_yield_j,65.9394068760665,not_applicable
sliding_mode,steady_state_stc,2,energy_yield_ratio,0.9906456983782522,not_applicable
sliding_mode,steady_state_stc,3,tracking_efficiency_pct,99.02324355418139,not_applicable
sliding_mode,steady_state_stc,3,convergence_time_s,0.06060606060606061,not_applicable
sliding_mode,steady_state_stc,3,settling_time_s,0.06060606060606061,not_applicable
sliding_mode,steady_state_stc,3,oscillation_peak_to_peak_w,0.8626939120149331,not_applicable
sliding_mode,steady_state_stc,3,oscillation_std_w,0.09081906251278472,not_applicable
sliding_mode,steady_state_stc,3,energy_yield_j,71.45023611543962,not_applicable
sliding_mode,steady_state_stc,3,energy_yield_ratio,0.990232435541814,not_applicable
sliding_mode,steady_state_stc,4,tracking_efficiency_pct,99.01309604863606,not_applicable
sliding_mode,steady_state_stc,4,convergence_time_s,0.06060606060606061,not_applicable
sliding_mode,steady_state_stc,4,settling_time_s,0.06060606060606061,not_applicable
sliding_mode,steady_state_stc,4,oscillation_peak_to_peak_w,0.49882745977565435,not_applicable
sliding_mode,steady_state_stc,4,oscillation_std_w,0.053043504862873854,not_applicable
sliding_mode,steady_state_stc,4,energy_yield_j,65.666226818958,not_applicable
sliding_mode,steady_state_stc,4,energy_yield_ratio,0.9901309604863606,not_applicable
sliding_mode,steady_state_stc,5,tracking_efficiency_pct,99.14720841066377,not_applicable
sliding_mode,steady_state_stc,5,convergence_time_s,0.05050505050505051,not_applicable
sliding_mode,steady_state_stc,5,settling_time_s,0.05050505050505051,not_applicable
sliding_mode,steady_state_stc,5,oscillation_peak_to_peak_w,0.8451128876278773,not_applicable
sliding_mode,steady_state_stc,5,oscillation_std_w,0.11442981624533839,not_applicable
sliding_mode,steady_state_stc,5,energy_yield_j,72.77042254702899,not_applicable
sliding_mode,steady_state_stc,5,energy_yield_ratio,0.9914720841066377,not_applicable
sliding_mode,steady_state_stc,6,tracking_efficiency_pct,99.12905676883929,not_applicable
sliding_mode,steady_state_stc,6,convergence_time_s,0.05050505050505051,not_applicable
sliding_mode,steady_state_stc,6,settling_time_s,0.05050505050505051,not_applicable
sliding_mode,steady_state_stc,6,oscillation_peak_to_peak_w,0.8772569415806544,not_applicable
sliding_mode,steady_state_stc,6,oscillation_std_w,0.1210128804419835,not_applicable
sliding_mode,steady_state_stc,6,energy_yield_j,71.53451115987684,not_applicable
sliding_mode,steady_state_stc,6,energy_yield_ratio,0.991290567688393,not_applicable
sliding_mode,steady_state_stc,7,tracking_efficiency_pct,99.05347355538456,not_applicable
sliding_mode,steady_state_stc,7,convergence_time_s,0.06060606060606061,not_applicable
sliding_mode,steady_state_stc,7,settling_time_s,0.06060606060606061,not_applicable
sliding_mode,steady_state_stc,7,oscillation_peak_to_peak_w,0.650307433436268,not_applicable
sliding_mode,steady_state_stc,7,oscillation_std_w,0.06757022379024157,not_applicable
sliding_mode,steady_state_stc,7,energy_yield_j,69.8641888618868,not_applicable
sliding_mode,steady_state_stc,7,energy_yield_ratio,0.9905347355538456,not_applicable
sliding_mode,steady_state_stc,8,tracking_efficiency_pct,99.18519012287918,not_applicable
sliding_mode,steady_state_stc,8,convergence_time_s,0.05050505050505051,not_applicable
sliding_mode,steady_state_stc,8,settling_time_s,0.05050505050505051,not_applicable
sliding_mode,steady_state_stc,8,oscillation_peak_to_peak_w,0.7070212038360921,not_applicable
sliding_mode,steady_state_stc,8,oscillation_std_w,0.10221151686212714,not_applicable
sliding_mode,steady_state_stc,8,energy_yield_j,74.90689186161825,not_applicable
sliding_mode,steady_state_stc,8,energy_yield_ratio,0.9918519012287917,not_applicable
sliding_mode,steady_state_stc,9,tracking_efficiency_pct,99.06486026101665,not_applicable
sliding_mode,steady_state_stc,9,convergence_time_s,0.06060606060606061,not_applicable
sliding_mode,steady_state_stc,9,settling_time_s,0.06060606060606061,not_applicable
sliding_mode,steady_state_stc,9,oscillation_peak_to_peak_w,0.6716909051355628,not_applicable
sliding_mode,steady_state_stc,9,oscillation_std_w,0.07019278983958704,not_applicable
sliding_mode,steady_state_stc,9,energy_yield_j,68.51530829431786,not_applicable
sliding_mode,steady_state_stc,9,energy_yield_ratio,0.9906486026101665,not_applicable
sliding_mode,multi_level_irradiance,0,tracking_efficiency_pct,93.57659534285318,not_applicable
sliding_mode,multi_level_irradiance,0,convergence_time_s,0.4020100502512563,not_applicable
sliding_mode,multi_level_irradiance,0,settling_time_s,0.6130653266331658,not_applicable
sliding_mode,multi_level_irradiance,0,oscillation_peak_to_peak_w,53.91936627022776,not_applicable
sliding_mode,multi_level_irradiance,0,oscillation_std_w,16.2310409686567,not_applicable
sliding_mode,multi_level_irradiance,0,energy_yield_j,73.77327324219448,not_applicable
sliding_mode,multi_level_irradiance,0,energy_yield_ratio,0.9357659534285317,not_applicable
sliding_mode,multi_level_irradiance,1,tracking_efficiency_pct,93.6806786201577,not_applicable
sliding_mode,multi_level_irradiance,1,convergence_time_s,0.3919597989949749,not_applicable
sliding_mode,multi_level_irradiance,1,settling_time_s,0.3919597989949749,not_applicable
sliding_mode,multi_level_irradiance,1,oscillation_peak_to_peak_w,55.11342867715922,not_applicable
sliding_mode,multi_level_irradiance,1,oscillation_std_w,17.970743631644716,not_applicable
sliding_mode,multi_level_irradiance,1,energy_yield_j,74.09515214303897,not_applicable
sliding_mode,multi_level_irradiance,1,energy_yield_ratio,0.9368067862015771,not_applicable
sliding_mode,multi_level_irradiance,2,tracking_efficiency_pct,93.34096710727863,not_applicable
sliding_mode,multi_level_irradiance,2,convergence_time_s,0.4221105527638191,not_applicable
sliding_mode,multi_level_irradiance,2,settling_time_s,0.6130653266331658,not_applicable
sliding_mode,multi_level_irradiance,2,oscillation_peak_to_peak_w,53.906740210169474,not_applicable
sliding_mode,multi_level_irradiance,2,oscillation_std_w,16.366648349135065,not_applicable
sliding_mode,multi_level_irradiance,2,energy_yield_j,72.95690089162338,not_applicable
sliding_mode,multi_level_irradiance,2,energy_yield_ratio,0.9334096710727863,not_applicable
sliding_mode,multi_level_irradiance,3,tracking_efficiency_pct,93.46008169213812,not_applicable
sliding_mode,multi_level_irradiance,3,convergence_time_s,0.4120603015075377,not_applicable
sliding_mode,multi_level_irradiance,3,settling_time_s,0.6130653266331658,not_applicable
sliding_mode,multi_level_irradiance,3,oscillation_peak_to_peak_w,58.691595822509115,not_applicable
sliding_mode,multi_level_irradiance,3,oscillation_std_w,18.052712096598867,not_applicable
sliding_mode,multi_level_irradiance,3,energy_yield_j,77.98783559405142,not_applicable
sliding_mode,multi_level_irradiance,3,energy_yield_ratio,0.9346008169213812,not_applicable
sliding_mode,multi_level_irradiance,4,tracking_efficiency_pct,93.48567595229123,not_applicable
sliding_mode,multi_level_irradiance,4,convergence_time_s,0.4120603015075377,not_applicable
sliding_mode,multi_level_irradiance,4,settling_time_s,0.6130653266331658,not_applicable
sliding_mode,multi_level_irradiance,4,oscillation_peak_to_peak_w,53.747313151050044,not_applicable
sliding_mode,multi_level_irradiance,4,oscillation_std_w,16.334515066229987,not_applicable
sliding_mode,multi_level_irradiance,4,energy_yield_j,72.65012950578624,not_applicable
sliding_mode,multi_level_irradiance,4,energy_yield_ratio,0.9348567595229123,not_applicable
sliding_mode,multi_level_irradiance,5,tracking_efficiency_pct,93.12359920498142,not_applicable
sliding_mode,multi_level_irradiance,5,convergence_time_s,0.45226130653266333,not_applicable
sliding_mode,multi_level_irradiance,5,settling_time_s,0.6130653266331658,not_applicable
sliding_mode,multi_level_irradiance,5,oscillation_peak_to_peak_w,59.659070974783816,not_applicable
sliding_mode,multi_level_irradiance,5,oscillation_std_w,18.346553992980173,not_applicable
sliding_mode,multi_level_irradiance,5,energy_yield_j,79.25874813653195,not_applicable
sliding_mode,multi_level_irradiance,5,energy_yield_ratio,0.9312359920498142,not_applicable
sliding_mode,multi_level_irradiance,6,tracking_efficiency_pct,93.14331675937515,not_applicable
sliding_mode,multi_level_irradiance,6,convergence_time_s,0.45226130653266333,not_applicable
sliding_mode,multi_level_irradiance,6,settling_time_s,0.6130653266331658,not_applicable
sliding_mode,multi_level_irradiance,6,oscillation_peak_to_peak_w,58.689195975065644,not_applicable
sliding_mode,multi_level_irradiance,6,oscillation_std_w,18.10263654905639,not_applicable
sliding_mode,multi_level_irradiance,6,energy_yield_j,77.72408372684176,not_applicable
sliding_mode,multi_level_irradiance,6,energy_yield_ratio,0.9314331675937515,not_applicable
sliding_mode,multi_level_irradiance,7,tracking_efficiency_pct,93.40239772899857,not_applicable
sliding_mode,multi_level_irradiance,7,convergence_time_s,0.4120603015075377,not_applicable
sliding_mode,multi_level_irradiance,7,settling_time_s,0.6130653266331658,not_applicable
sliding_mode,multi_level_irradiance,7,oscillation_peak_to_peak_w,57.221382903747966,not_applicable
sliding_mode,multi_level_irradiance,7,oscillation_std_w,17.442411877923302,not_applicable
sliding_mode,multi_level_irradiance,7,energy_yield_j,76.93613023147385,not_applicable
sliding_mode,multi_level_irradiance,7,energy_yield_ratio,0.9340239772899857,not_applicable
sliding_mode,multi_level_irradiance,8,tracking_efficiency_pct,93.02101451119535,not_applicable
sliding_mode,multi_level_irradiance,8,convergence_time_s,0.4623115577889447,not_applicable
sliding_mode,multi_level_irradiance,8,settling_time_s,0.6130653266331658,not_applicable
sliding_mode,multi_level_irradiance,8,oscillation_peak_to_peak_w,61.485891886772,not_applicable
sliding_mode,multi_level_irradiance,8,oscillation_std_w,19.052531030965184,not_applicable
sliding_mode,multi_level_irradiance,8,energy_yield_j,80.89064740620285,not_applicable
sliding_mode,multi_level_irradiance,8,energy_yield_ratio,0.9302101451119534,not_applicable
sliding_mode,multi_level_irradiance,9,tracking_efficiency_pct,93.32572258698197,not_applicable
sliding_mode,multi_level_irradiance,9,convergence_time_s,0.4221105527638191,not_applicable
sliding_mode,multi_level_irradiance,9,settling_time_s,0.6130653266331658,not_applicable
sliding_mode,multi_level_irradiance,9,oscillation_peak_to_peak_w,56.148413597062174,not_applicable
sliding_mode,multi_level_irradiance,9,oscillation_std_w,17.175812125739313,not_applicable
sliding_mode,multi_level_irradiance,9,energy_yield_j,75.18772667387393,not_applicable
sliding_mode,multi_level_irradiance,9,energy_yield_ratio,0.9332572258698196,not_applicable
sliding_mode,temperature_variation,0,tracking_efficiency_pct,99.40919384540857,not_applicable
sliding_mode,temperature_variation,0,convergence_time_s,0.06030150753768844,not_applicable
sliding_mode,temperature_variation,0,settling_time_s,0.06030150753768844,not_applicable
sliding_mode,temperature_variation,0,oscillation_peak_to_peak_w,8.92087534733367,not_applicable
sliding_mode,temperature_variation,0,oscillation_std_w,2.450041531206168,not_applicable
sliding_mode,temperature_variation,0,energy_yield_j,126.88781715523024,not_applicable
sliding_mode,temperature_variation,0,energy_yield_ratio,0.9940919384540857,not_applicable
sliding_mode,temperature_variation,1,tracking_efficiency_pct,99.3582695429153,not_applicable
sliding_mode,temperature_variation,1,convergence_time_s,0.06030150753768844,not_applicable
sliding_mode,temperature_variation,1,settling_time_s,0.06030150753768844,not_applicable
sliding_mode,temperature_variation,1,oscillation_peak_to_peak_w,9.529502143467376,not_applicable
sliding_mode,temperature_variation,1,oscillation_std_w,2.525855856166014,not_applicable
sliding_mode,temperature_variation,1,energy_yield_j,129.00192525650078,not_applicable
sliding_mode,temperature_variation,1,energy_yield_ratio,0.9935826954291529,not_applicable
sliding_mode,temperature_variation,2,tracking_efficiency_pct,99.4349008076859,not_applicable
sliding_mode,temperature_variation,2,convergence_time_s,0.06030150753768844,not_applicable
sliding_mode,temperature_variation,2,settling_time_s,0.06030150753768844,not_applicable
sliding_mode,temperature_variation,2,oscillation_peak_to_peak_w,8.83619601764812,not_applicable
sliding_mode,temperature_variation,2,oscillation_std_w,2.3952346140819722,not_applicable
sliding_mode,temperature_variation,2,energy_yield_j,126.77544969287243,not_applicable
sliding_mode,temperature_variation,2,energy_yield_ratio,0.994349008076859,not_applicable
sliding_mode,temperature_variation,3,tracking_efficiency_pct,99.40139185800201,not_applicable
sliding_mode,temperature_variation,3,convergence_time_s,0.06030150753768844,not_applicable
sliding_mode,temperature_variation,3,settling_time_s,0.06030150753768844,not_applicable
sliding_mode,temperature_variation,3,oscillation_peak_to_peak_w,9.541479184603354,not_applicable
sliding_mode,temperature_variation,3,oscillation_std_w,2.4448871371504657,not_applicable
sliding_mode,temperature_variation,3,energy_yield_j,137.76080236031413,not_applicable
sliding_mode,temperature_variation,3,energy_yield_ratio,0.9940139185800202,not_applicable
sliding_mode,temperature_variation,4,tracking_efficiency_pct,99.4043967504346,not_applicable
sliding_mode,temperature_variation,4,convergence_time_s,0.06030150753768844,not_applicable
sliding_mode,temperature_variation,4,settling_time_s,0.06030150753768844,not_applicable
sliding_mode,temperature_variation,4,oscillation_peak_to_peak_w,9.068244655093466,not_applicable
sliding_mode,temperature_variation,4,oscillation_std_w,2.4493338579537505,not_applicable
sliding_mode,temperature_variation,4,energy_yield_j,126.13091250580618,not_applicable
sliding_mode,temperature_variation,4,energy_yield_ratio,0.994043967504346,not_applicable
sliding_mode,temperature_variation,5,tracking_efficiency_pct,99.47496833503882,not_applicable
sliding_mode,temperature_variation,5,convergence_time_s,0.05025125628140704,not_applicable
sliding_mode,temperature_variation,5,settling_time_s,0.05025125628140704,not_applicable
sliding_mode,temperature_variation,5,oscillation_peak_to_peak_w,9.025254898297717,not_applicable
sliding_mode,temperature_variation,5,oscillation_std_w,2.3086846535129824,not_applicable
sliding_mode,temperature_variation,5,energy_yield_j,140.646974755702,not_applicable
sliding_mode,temperature_variation,5,energy_yield_ratio,0.9947496833503883,not_applicable
sliding_mode,temperature_variation,6,tracking_efficiency_pct,99.46259523207446,not_applicable
sliding_mode,temperature_variation,6,convergence_time_s,0.05025125628140704,not_applicable
sliding_mode,temperature_variation,6,settling_time_s,0.05025125628140704,not_applicable
sliding_mode,temperature_variation,6,oscillation_peak_to_peak_w,9.10802417789209,not_applicable
sliding_mode,temperature_variation,6,oscillation_std_w,2.3290237742278204,not_applicable
sliding_mode,temperature_variation,6,energy_yield_j,138.12732920003592,not_applicable
sliding_mode,temperature_variation,6,energy_yield_ratio,0.9946259523207446,not_applicable
sliding_mode,temperature_variation,7,tracking_efficiency_pct,99.426580620726,not_applicable
sliding_mode,temperature_variation,7,convergence_time_s,0.06030150753768844,not_applicable
sliding_mode,temperature_variation,7,settling_time_s,0.06030150753768844,not_applicable
sliding_mode,temperature_variation,7,oscillation_peak_to_peak_w,9.133831776955361,not_applicable
sliding_mode,temperature_variation,7,oscillation_std_w,2.408897473413155,not_applicable
sliding_mode,temperature_variation,7,energy_yield_j,134.63857327478337,not_applicable
sliding_mode,temperature_variation,7,energy_yield_ratio,0.99426580620726,not_applicable
sliding_mode,temperature_variation,8,tracking_efficiency_pct,99.49133067915736,not_applicable
sliding_mode,temperature_variation,8,convergence_time_s,0.05025125628140704,not_applicable
sliding_mode,temperature_variation,8,settling_time_s,0.05025125628140704,not_applicable
sliding_mode,temperature_variation,8,oscillation_peak_to_peak_w,9.101177849027152,not_applicable
sliding_mode,temperature_variation,8,oscillation_std_w,2.2722261844669664,not_applicable
sliding_mode,temperature_variation,8,energy_yield_j,145.00242951653098,not_applicable
sliding_mode,temperature_variation,8,energy_yield_ratio,0.9949133067915735,not_applicable
sliding_mode,temperature_variation,9,tracking_efficiency_pct,99.43063643296117,not_applicable
sliding_mode,temperature_variation,9,convergence_time_s,0.06030150753768844,not_applicable
sliding_mode,temperature_variation,9,settling_time_s,0.06030150753768844,not_applicable
sliding_mode,temperature_variation,9,oscillation_peak_to_peak_w,9.100942661080438,not_applicable
sliding_mode,temperature_variation,9,oscillation_std_w,2.3973334154471884,not_applicable
sliding_mode,temperature_variation,9,energy_yield_j,131.94698333094522,not_applicable
sliding_mode,temperature_variation,9,energy_yield_ratio,0.9943063643296116,not_applicable
sliding_mode,partial_shading_pattern_a,0,tracking_efficiency_pct,96.5076961604199,not_applicable
sliding_mode,partial_shading_pattern_a,0,convergence_time_s,0.06030150753768844,not_applicable
sliding_mode,partial_shading_pattern_a,0,settling_time_s,0.06030150753768844,not_applicable
sliding_mode,partial_shading_pattern_a,0,oscillation_peak_to_peak_w,57.45151378950843,not_applicable
sliding_mode,partial_shading_pattern_a,0,oscillation_std_w,17.861596993566696,not_applicable
sliding_mode,partial_shading_pattern_a,0,energy_yield_j,88.83565152112084,not_applicable
sliding_mode,partial_shading_pattern_a,0,energy_yield_ratio,0.965076961604199,not_applicable
sliding_mode,partial_shading_pattern_a,1,tracking_efficiency_pct,96.50823429029386,not_applicable
sliding_mode,partial_shading_pattern_a,1,convergence_time_s,0.06030150753768844,not_applicable
sliding_mode,partial_shading_pattern_a,1,settling_time_s,0.06030150753768844,not_applicable
sliding_mode,partial_shading_pattern_a,1,oscillation_peak_to_peak_w,58.67049298586048,not_applicable
sliding_mode,partial_shading_pattern_a,1,oscillation_std_w,18.3605568485259,not_applicable
sliding_mode,partial_shading_pattern_a,1,energy_yield_j,89.34181263932487,not_applicable
sliding_mode,partial_shading_pattern_a,1,energy_yield_ratio,0.9650823429029386,not_applicable
sliding_mode,partial_shading_pattern_a,2,tracking_efficiency_pct,96.47633818001044,not_applicable
sliding_mode,partial_shading_pattern_a,2,convergence_time_s,0.06030150753768844,not_applicable
sliding_mode,partial_shading_pattern_a,2,settling_time_s,0.06030150753768844,not_applicable
sliding_mode,partial_shading_pattern_a,2,oscillation_peak_to_peak_w,57.41580309400479,not_applicable
sliding_mode,partial_shading_pattern_a,2,oscillation_std_w,17.961372227600496,not_applicable
sliding_mode,partial_shading_pattern_a,2,energy_yield_j,88.15443342076085,not_applicable
sliding_mode,partial_shading_pattern_a,2,energy_yield_ratio,0.9647633818001045,not_applicable
sliding_mode,partial_shading_pattern_a,3,tracking_efficiency_pct,96.54372019284033,not_applicable
sliding_mode,partial_shading_pattern_a,3,convergence_time_s,0.06030150753768844,not_applicable
sliding_mode,partial_shading_pattern_a,3,settling_time_s,0.06030150753768844,not_applicable
sliding_mode,partial_shading_pattern_a,3,oscillation_peak_to_peak_w,62.46426189091925,not_applicable
sliding_mode,partial_shading_pattern_a,3,oscillation_std_w,19.651116677367025,not_applicable
sliding_mode,partial_shading_pattern_a,3,energy_yield_j,94.41755123502261,not_applicable
sliding_mode,partial_shading_pattern_a,3,energy_yield_ratio,0.9654372019284032,not_applicable
sliding_mode,partial_shading_pattern_a,4,tracking_efficiency_pct,96.48602235484748,not_applicable
sliding_mode,partial_shading_pattern_a,4,convergence_time_s,0.06030150753768844,not_applicable
sliding_mode,partial_shading_pattern_a,4,settling_time_s,0.06030150753768844,not_applicable
sliding_mode,partial_shading_pattern_a,4,oscillation_peak_to_peak_w,57.23792110401965,not_applicable
sliding_mode,partial_shading_pattern_a,4,oscillation_std_w,17.90041661985586,not_applicable
sliding_mode,partial_shading_pattern_a,4,energy_yield_j,87.68307080413624,not_applicable
sliding_mode,partial_shading_pattern_a,4,energy_yield_ratio,0.9648602235484748,not_applicable
sliding_mode,partial_shading_pattern_a,5,tracking_efficiency_pct,96.53166774511321,not_applicable
sliding_mode,partial_shading_pattern_a,5,convergence_time_s,0.05025125628140704,not_applicable
sliding_mode,partial_shading_pattern_a,5,settling_time_s,0.05025125628140704,not_applicable
sliding_mode,partial_shading_pattern_a,5,oscillation_peak_to_peak_w,63.50006585162956,not_applicable
sliding_mode,partial_shading_pattern_a,5,oscillation_std_w,20.033609534441318,not_applicable
sliding_mode,partial_shading_pattern_a,5,energy_yield_j,96.24855523187708,not_applicable
sliding_mode,partial_shading_pattern_a,5,energy_yield_ratio,0.9653166774511321,not_applicable
sliding_mode,partial_shading_pattern_a,6,tracking_efficiency_pct,96.51927116175582,not_applicable
sliding_mode,partial_shading_pattern_a,6,convergence_time_s,0.05025125628140704,not_applicable
sliding_mode,partial_shading_pattern_a,6,settling_time_s,0.05025125628140704,not_applicable
sliding_mode,partial_shading_pattern_a,6,oscillation_peak_to_peak_w,62.46544311391156,not_applicable
sliding_mode,partial_shading_pattern_a,6,oscillation_std_w,19.744433712132267,not_applicable
sliding_mode,partial_shading_pattern_a,6,energy_yield_j,94.40662746741224,not_applicable
sliding_mode,partial_shading_pattern_a,6,energy_yield_ratio,0.9651927116175583,not_applicable
sliding_mode,partial_shading_pattern_a,7,tracking_efficiency_pct,96.52336993880083,not_applicable
sliding_mode,partial_shading_pattern_a,7,convergence_time_s,0.06030150753768844,not_applicable
sliding_mode,partial_shading_pattern_a,7,settling_time_s,0.06030150753768844,not_applicable
sliding_mode,partial_shading_pattern_a,7,oscillation_peak_to_peak_w,60.92395947427104,not_applicable
sliding_mode,partial_shading_pattern_a,7,oscillation_std_w,19.082976767173438,not_applicable
sliding_mode,partial_shading_pattern_a,7,energy_yield_j,93.02943173732984,not_applicable
sliding_mode,partial_shading_pattern_a,7,energy_yield_ratio,0.9652336993880083,not_applicable
sliding_mode,partial_shading_pattern_a,8,tracking_efficiency_pct,96.54795084336185,not_applicable
sliding_mode,partial_shading_pattern_a,8,convergence_time_s,0.05025125628140704,not_applicable
sliding_mode,partial_shading_pattern_a,8,settling_time_s,0.05025125628140704,not_applicable
sliding_mode,partial_shading_pattern_a,8,oscillation_peak_to_peak_w,65.43386167203093,not_applicable
sliding_mode,partial_shading_pattern_a,8,oscillation_std_w,20.744214710162996,not_applicable
sliding_mode,partial_shading_pattern_a,8,energy_yield_j,98.4832762943972,not_applicable
sliding_mode,partial_shading_pattern_a,8,energy_yield_ratio,0.9654795084336184,not_applicable
sliding_mode,partial_shading_pattern_a,9,tracking_efficiency_pct,96.5010031538998,not_applicable
sliding_mode,partial_shading_pattern_a,9,convergence_time_s,0.06030150753768844,not_applicable
sliding_mode,partial_shading_pattern_a,9,settling_time_s,0.06030150753768844,not_applicable
sliding_mode,partial_shading_pattern_a,9,oscillation_peak_to_peak_w,59.774959962949744,not_applicable
sliding_mode,partial_shading_pattern_a,9,oscillation_std_w,18.768446460970473,not_applicable
sliding_mode,partial_shading_pattern_a,9,energy_yield_j,91.00762048825248,not_applicable
sliding_mode,partial_shading_pattern_a,9,energy_yield_ratio,0.965010031538998,not_applicable
sliding_mode,partial_shading_pattern_b,0,tracking_efficiency_pct,98.63280275886713,not_applicable
sliding_mode,partial_shading_pattern_b,0,convergence_time_s,0.05025125628140704,not_applicable
sliding_mode,partial_shading_pattern_b,0,settling_time_s,0.05025125628140704,not_applicable
sliding_mode,partial_shading_pattern_b,0,oscillation_peak_to_peak_w,42.64379982234571,not_applicable
sliding_mode,partial_shading_pattern_b,0,oscillation_std_w,11.5175230497112,not_applicable
sliding_mode,partial_shading_pattern_b,0,energy_yield_j,92.30255469919894,not_applicable
sliding_mode,partial_shading_pattern_b,0,energy_yield_ratio,0.9863280275886713,not_applicable
sliding_mode,partial_shading_pattern_b,1,tracking_efficiency_pct,98.59397833604527,not_applicable
sliding_mode,partial_shading_pattern_b,1,convergence_time_s,0.05025125628140704,not_applicable
sliding_mode,partial_shading_pattern_b,1,settling_time_s,0.05025125628140704,not_applicable
sliding_mode,partial_shading_pattern_b,1,oscillation_peak_to_peak_w,43.54813402805898,not_applicable
sliding_mode,partial_shading_pattern_b,1,oscillation_std_w,11.883526008327125,not_applicable
sliding_mode,partial_shading_pattern_b,1,energy_yield_j,92.53297493065773,not_applicable
sliding_mode,partial_shading_pattern_b,1,energy_yield_ratio,0.9859397833604526,not_applicable
sliding_mode,partial_shading_pattern_b,2,tracking_efficiency_pct,98.65051125842274,not_applicable
sliding_mode,partial_shading_pattern_b,2,convergence_time_s,0.05025125628140704,not_applicable
sliding_mode,partial_shading_pattern_b,2,settling_time_s,0.05025125628140704,not_applicable
sliding_mode,partial_shading_pattern_b,2,oscillation_peak_to_peak_w,42.62111144448707,not_applicable
sliding_mode,partial_shading_pattern_b,2,oscillation_std_w,11.58430498571457,not_applicable
sliding_mode,partial_shading_pattern_b,2,energy_yield_j,91.54063944677898,not_applicable
sliding_mode,partial_shading_pattern_b,2,energy_yield_ratio,0.9865051125842274,not_applicable
sliding_mode,partial_shading_pattern_b,3,tracking_efficiency_pct,98.63716800630044,not_applicable
sliding_mode,partial_shading_pattern_b,3,convergence_time_s,0.05025125628140704,not_applicable
sliding_mode,partial_shading_pattern_b,3,settling_time_s,0.05025125628140704,not_applicable
sliding_mode,partial_shading_pattern_b,3,oscillation_peak_to_peak_w,46.35430344704329,not_applicable
sliding_mode,partial_shading_pattern_b,3,oscillation_std_w,12.735165942445002,not_applicable
sliding_mode,partial_shading_pattern_b,3,energy_yield_j,97.65762862691457,not_applicable
sliding_mode,partial_shading_pattern_b,3,energy_yield_ratio,0.9863716800630044,not_applicable
sliding_mode,partial_shading_pattern_b,4,tracking_efficiency_pct,98.62850644517658,not_applicable
sliding_mode,partial_shading_pattern_b,4,convergence_time_s,0.05025125628140704,not_applicable
sliding_mode,partial_shading_pattern_b,4,settling_time_s,0.05025125628140704,not_applicable
sliding_mode,partial_shading_pattern_b,4,oscillation_peak_to_peak_w,42.484428626987906,not_applicable
sliding_mode,partial_shading_pattern_b,4,oscillation_std_w,11.557972385252825,not_applicable
sliding_mode,partial_shading_pattern_b,4,energy_yield_j,90.97655284611577,not_applicable
sliding_mode,partial_shading_pattern_b,4,energy_yield_ratio,0.9862850644517658,not_applicable
sliding_mode,partial_shading_pattern_b,5,tracking_efficiency_pct,98.69109106884396,not_applicable
sliding_mode,partial_shading_pattern_b,5,convergence_time_s,0.05025125628140704,not_applicable
sliding_mode,partial_shading_pattern_b,5,settling_time_s,0.05025125628140704,not_applicable
sliding_mode,partial_shading_pattern_b,5,oscillation_peak_to_peak_w,47.12806295403136,not_applicable
sliding_mode,partial_shading_pattern_b,5,oscillation_std_w,12.938038247159906,not_applicable
sliding_mode,partial_shading_pattern_b,5,energy_yield_j,99.67544453163092,not_applicable
sliding_mode,partial_shading_pattern_b,5,energy_yield_ratio,0.9869109106884396,not_applicable
sliding_mode,partial_shading_pattern_b,6,tracking_efficiency_pct,98.68220422230135,not_applicable
sliding_mode,partial_shading_pattern_b,6,convergence_time_s,0.05025125628140704,not_applicable
sliding_mode,partial_shading_pattern_b,6,settling_time_s,0.05025125628140704,not_applicable
sliding_mode,partial_shading_pattern_b,6,oscillation_peak_to_peak_w,46.35657475100722,not_applicable
sliding_mode,partial_shading_pattern_b,6,oscillation_std_w,12.757216605392578,not_applicable
sliding_mode,partial_shading_pattern_b,6,energy_yield_j,97.7279436664318,not_applicable
sliding_mode,partial_shading_pattern_b,6,energy_yield_ratio,0.9868220422230135,not_applicable
sliding_mode,partial_shading_pattern_b,7,tracking_efficiency_pct,98.64965135986907,not_applicable
sliding_mode,partial_shading_pattern_b,7,convergence_time_s,0.05025125628140704,not_applicable
sliding_mode,partial_shading_pattern_b,7,settling_time_s,0.05025125628140704,not_applicable
sliding_mode,partial_shading_pattern_b,7,oscillation_peak_to_peak_w,45.22437995302289,not_applicable
sliding_mode,partial_shading_pattern_b,7,oscillation_std_w,12.335497542374258,not_applicable
sliding_mode,partial_shading_pattern_b,7,energy_yield_j,96.44567663725039,not_applicable
sliding_mode,partial_shading_pattern_b,7,energy_yield_ratio,0.9864965135986906,not_applicable
sliding_mode,partial_shading_pattern_b,8,tracking_efficiency_pct,98.70705300419189,not_applicable
sliding_mode,partial_shading_pattern_b,8,convergence_time_s,0.04020100502512563,not_applicable
sliding_mode,partial_shading_pattern_b,8,settling_time_s,0.04020100502512563,not_applicable
sliding_mode,partial_shading_pattern_b,8,oscillation_peak_to_peak_w,48.55305315540654,not_applicable
sliding_mode,partial_shading_pattern_b,8,oscillation_std_w,13.430407974588984,not_applicable
sliding_mode,partial_shading_pattern_b,8,energy_yield_j,101.85688938008485,not_applicable
sliding_mode,partial_shading_pattern_b,8,energy_yield_ratio,0.9870705300419189,not_applicable
sliding_mode,partial_shading_pattern_b,9,tracking_efficiency_pct,98.65261695920043,not_applicable
sliding_mode,partial_shading_pattern_b,9,convergence_time_s,0.05025125628140704,not_applicable
sliding_mode,partial_shading_pattern_b,9,settling_time_s,0.05025125628140704,not_applicable
sliding_mode,partial_shading_pattern_b,9,oscillation_peak_to_peak_w,44.36719553663123,not_applicable
sliding_mode,partial_shading_pattern_b,9,oscillation_std_w,12.130892465024408,not_applicable
sliding_mode,partial_shading_pattern_b,9,energy_yield_j,94.32547053653042,not_applicable
sliding_mode,partial_shading_pattern_b,9,energy_yield_ratio,0.9865261695920043,not_applicable
pso,steady_state_stc,0,tracking_efficiency_pct,24.782454181505525,not_applicable
pso,steady_state_stc,0,convergence_time_s,,not_applicable
pso,steady_state_stc,0,settling_time_s,,not_applicable
pso,steady_state_stc,0,oscillation_peak_to_peak_w,0.0,not_applicable
pso,steady_state_stc,0,oscillation_std_w,0.0,not_applicable
pso,steady_state_stc,0,energy_yield_j,16.530625804117935,not_applicable
pso,steady_state_stc,0,energy_yield_ratio,0.24782454181505525,not_applicable
pso,steady_state_stc,1,tracking_efficiency_pct,80.38358157953998,not_applicable
pso,steady_state_stc,1,convergence_time_s,,not_applicable
pso,steady_state_stc,1,settling_time_s,,not_applicable
pso,steady_state_stc,1,oscillation_peak_to_peak_w,0.0,not_applicable
pso,steady_state_stc,1,oscillation_std_w,0.0,not_applicable
pso,steady_state_stc,1,energy_yield_j,54.5657396701605,not_applicable
pso,steady_state_stc,1,energy_yield_ratio,0.8038358157953998,not_applicable
pso,steady_state_stc,2,tracking_efficiency_pct,49.79365472201302,not_applicable
pso,steady_state_stc,2,convergence_time_s,,not_applicable
pso,steady_state_stc,2,settling_time_s,,not_applicable
pso,steady_state_stc,2,oscillation_peak_to_peak_w,0.0,not_applicable
pso,steady_state_stc,2,oscillation_std_w,0.0,not_applicable
pso,steady_state_stc,2,energy_yield_j,33.14367653275288,not_applicable
pso,steady_state_stc,2,energy_yield_ratio,0.4979365472201302,not_applicable
pso,steady_state_stc,3,tracking_efficiency_pct,22.810181431335565,not_applicable
pso,steady_state_stc,3,convergence_time_s,,not_applicable
pso,steady_state_stc,3,settling_time_s,,not_applicable
pso,steady_state_stc,3,oscillation_peak_to_peak_w,0.0,not_applicable
pso,steady_state_stc,3,oscillation_std_w,0.0,not_applicable
pso,steady_state_stc,3,energy_yield_j,16.458689804613275,not_applicable
pso,steady_state_stc,3,energy_yield_ratio,0.22810181431335563,not_applicable
pso,steady_state_stc,4,tracking_efficiency_pct,30.276965797560507,not_applicable
pso,steady_state_stc,4,convergence_time_s,,not_applicable
pso,steady_state_stc,4,settling_time_s,,not_applicable
pso,steady_state_stc,4,oscillation_peak_to_peak_w,0.0,not_applicable
pso,steady_state_stc,4,oscillation_std_w,0.0,not_applicable
pso,steady_state_stc,4,energy_yield_j,20.079910464327202,not_applicable
pso,steady_state_stc,4,energy_yield_ratio,0.30276965797560507,not_applicable
pso,steady_state_stc,5,tracking_efficiency_pct,30.085641851774213,not_applicable
pso,steady_state_stc,5,convergence_time_s,,not_applicable
pso,steady_state_stc,5,settling_time_s,,not_applicable
pso,steady_state_stc,5,oscillation_peak_to_peak_w,0.0,not_applicable
pso,steady_state_stc,5,oscillation_std_w,0.0,not_applicable
pso,steady_state_stc,5,energy_yield_j,22.081760094384205,not_applicable
pso,steady_state_stc,5,energy_yield_ratio,0.30085641851774214,not_applicable
pso,steady_state_stc,6,tracking_efficiency_pct,44.22328652741581,not_applicable
pso,steady_state_stc,6,convergence_time_s,,not_applicable
pso,steady_state_stc,6,settling_time_s,,not_applicable
pso,steady_state_stc,6,oscillation_peak_to_peak_w,0.0,not_applicable
pso,steady_state_stc,6,oscillation_std_w,0.0,not_applicable
pso,steady_state_stc,6,energy_yield_j,31.912854683958663,not_applicable
pso,steady_state_stc,6,energy_yield_ratio,0.44223286527415806,not_applicable
pso,steady_state_stc,7,tracking_efficiency_pct,84.60415094503836,not_applicable
pso,steady_state_stc,7,convergence_time_s,,not_applicable
pso,steady_state_stc,7,settling_time_s,,not_applicable
pso,steady_state_stc,7,oscillation_peak_to_peak_w,0.0,not_applicable
pso,steady_state_stc,7,oscillation_std_w,0.0,not_applicable
pso,steady_state_stc,7,energy_yield_j,59.67282284975887,not_applicable
pso,steady_state_stc,7,energy_yield_ratio,0.8460415094503836,not_applicable
pso,steady_state_stc,8,tracking_efficiency_pct,40.78830067171202,not_applicable
pso,steady_state_stc,8,convergence_time_s,,not_applicable
pso,steady_state_stc,8,settling_time_s,,not_applicable
pso,steady_state_stc,8,oscillation_peak_to_peak_w,0.0,not_applicable
pso,steady_state_stc,8,oscillation_std_w,0.0,not_applicable
pso,steady_state_stc,8,energy_yield_j,30.804244301492023,not_applicable
pso,steady_state_stc,8,energy_yield_ratio,0.40788300671712024,not_applicable
pso,steady_state_stc,9,tracking_efficiency_pct,24.78246552436459,not_applicable
pso,steady_state_stc,9,convergence_time_s,,not_applicable
pso,steady_state_stc,9,settling_time_s,,not_applicable
pso,steady_state_stc,9,oscillation_peak_to_peak_w,0.0,not_applicable
pso,steady_state_stc,9,oscillation_std_w,0.0,not_applicable
pso,steady_state_stc,9,energy_yield_j,17.14006622753316,not_applicable
pso,steady_state_stc,9,energy_yield_ratio,0.24782465524364589,not_applicable
pso,multi_level_irradiance,0,tracking_efficiency_pct,47.695177133182476,not_applicable
pso,multi_level_irradiance,0,convergence_time_s,,not_applicable
pso,multi_level_irradiance,0,settling_time_s,,not_applicable
pso,multi_level_irradiance,0,oscillation_peak_to_peak_w,0.0,not_applicable
pso,multi_level_irradiance,0,oscillation_std_w,0.0,not_applicable
pso,multi_level_irradiance,0,energy_yield_j,37.60159601970247,not_applicable
pso,multi_level_irradiance,0,energy_yield_ratio,0.47695177133182476,not_applicable
pso,multi_level_irradiance,1,tracking_efficiency_pct,5.5772804538237235,not_applicable
pso,multi_level_irradiance,1,convergence_time_s,,not_applicable
pso,multi_level_irradiance,1,settling_time_s,,not_applicable
pso,multi_level_irradiance,1,oscillation_peak_to_peak_w,0.0,not_applicable
pso,multi_level_irradiance,1,oscillation_std_w,0.0,not_applicable
pso,multi_level_irradiance,1,energy_yield_j,4.411255873220643,not_applicable
pso,multi_level_irradiance,1,energy_yield_ratio,0.055772804538237235,not_applicable
pso,multi_level_irradiance,2,tracking_efficiency_pct,54.20057270931593,not_applicable
pso,multi_level_irradiance,2,convergence_time_s,,not_applicable
pso,multi_level_irradiance,2,settling_time_s,,not_applicable
pso,multi_level_irradiance,2,oscillation_peak_to_peak_w,0.0,not_applicable
pso,multi_level_irradiance,2,oscillation_std_w,0.0,not_applicable
pso,multi_level_irradiance,2,energy_yield_j,42.36409728729323,not_applicable
pso,multi_level_irradiance,2,energy_yield_ratio,0.5420057270931593,not_applicable
pso,multi_level_irradiance,3,tracking_efficiency_pct,68.05573530162488,not_applicable
pso,multi_level_irradiance,3,convergence_time_s,,not_applicable
pso,multi_level_irradiance,3,settling_time_s,,not_applicable
pso,multi_level_irradiance,3,oscillation_peak_to_peak_w,0.0,not_applicable
pso,multi_level_irradiance,3,oscillation_std_w,0.0,not_applicable
pso,multi_level_irradiance,3,energy_yield_j,56.78915960525928,not_applicable
pso,multi_level_irradiance,3,energy_yield_ratio,0.6805573530162488,not_applicable
pso,multi_level_irradiance,4,tracking_efficiency_pct,47.68679440824041,not_applicable
pso,multi_level_irradiance,4,convergence_time_s,0.010050251256281407,not_applicable
pso,multi_level_irradiance,4,settling_time_s,0.010050251256281407,not_applicable
pso,multi_level_irradiance,4,oscillation_peak_to_peak_w,5.975370142175203,not_applicable
pso,multi_level_irradiance,4,oscillation_std_w,2.2263255906911774,not_applicable
pso,multi_level_irradiance,4,energy_yield_j,37.05863763816064,not_applicable
pso,multi_level_irradiance,4,energy_yield_ratio,0.47686794408240407,not_applicable
pso,multi_level_irradiance,5,tracking_efficiency_pct,54.00280441304315,not_applicable
pso,multi_level_irradiance,5,convergence_time_s,,not_applicable
pso,multi_level_irradiance,5,settling_time_s,,not_applicable
pso,multi_level_irradiance,5,oscillation_peak_to_peak_w,0.0,not_applicable
pso,multi_level_irradiance,5,oscillation_std_w,0.0,not_applicable
pso,multi_level_irradiance,5,energy_yield_j,45.96251337127039,not_applicable
pso,multi_level_irradiance,5,energy_yield_ratio,0.5400280441304315,not_applicable
pso,multi_level_irradiance,6,tracking_efficiency_pct,55.53572816882506,not_applicable
pso,multi_level_irradiance,6,convergence_time_s,,not_applicable
pso,multi_level_irradiance,6,settling_time_s,,not_applicable
pso,multi_level_irradiance,6,oscillation_peak_to_peak_w,0.0,not_applicable
pso,multi_level_irradiance,6,oscillation_std_w,0.0,not_applicable
pso,multi_level_irradiance,6,energy_yield_j,46.34217178647354,not_applicable
pso,multi_level_irradiance,6,energy_yield_ratio,0.5553572816882506,not_applicable
pso,multi_level_irradiance,7,tracking_efficiency_pct,77.6194386865927,not_applicable
pso,multi_level_irradiance,7,convergence_time_s,,not_applicable
pso,multi_level_irradiance,7,settling_time_s,,not_applicable
pso,multi_level_irradiance,7,oscillation_peak_to_peak_w,0.0,not_applicable
pso,multi_level_irradiance,7,oscillation_std_w,0.0,not_applicable
pso,multi_level_irradiance,7,energy_yield_j,63.935609668311066,not_applicable
pso,multi_level_irradiance,7,energy_yield_ratio,0.776194386865927,not_applicable
pso,multi_level_irradiance,8,tracking_efficiency_pct,59.470416733484754,not_applicable
pso,multi_level_irradiance,8,convergence_time_s,,not_applicable
pso,multi_level_irradiance,8,settling_time_s,,not_applicable
pso,multi_level_irradiance,8,oscillation_peak_to_peak_w,0.0,not_applicable
pso,multi_level_irradiance,8,oscillation_std_w,0.0,not_applicable
pso,multi_level_irradiance,8,energy_yield_j,51.71520152050472,not_applicable
pso,multi_level_irradiance,8,energy_yield_ratio,0.5947041673348475,not_applicable
pso,multi_level_irradiance,9,tracking_efficiency_pct,49.06178247382497,not_applicable
pso,multi_level_irradiance,9,convergence_time_s,0.010050251256281407,not_applicable
pso,multi_level_irradiance,9,settling_time_s,0.010050251256281407,not_applicable
pso,multi_level_irradiance,9,oscillation_peak_to_peak_w,6.945289146602196,not_applicable
pso,multi_level_irradiance,9,oscillation_std_w,2.599641322304369,not_applicable
pso,multi_level_irradiance,9,energy_yield_j,39.526550542771446,not_applicable
pso,multi_level_irradiance,9,energy_yield_ratio,0.49061782473824966,not_applicable
pso,temperature_variation,0,tracking_efficiency_pct,24.515058409785542,not_applicable
pso,temperature_variation,0,convergence_time_s,,not_applicable
pso,temperature_variation,0,settling_time_s,,not_applicable
pso,temperature_variation,0,oscillation_peak_to_peak_w,0.0,not_applicable
pso,temperature_variation,0,oscillation_std_w,0.0,not_applicable
pso,temperature_variation,0,energy_yield_j,31.291494566267723,not_applicable
pso,temperature_variation,0,energy_yield_ratio,0.24515058409785542,not_applicable
pso,temperature_variation,1,tracking_efficiency_pct,31.377082701687627,not_applicable
pso,temperature_variation,1,convergence_time_s,,not_applicable
pso,temperature_variation,1,settling_time_s,,not_applicable
pso,temperature_variation,1,oscillation_peak_to_peak_w,0.0,not_applicable
pso,temperature_variation,1,oscillation_std_w,0.0,not_applicable
pso,temperature_variation,1,energy_yield_j,40.7384719567992,not_applicable
pso,temperature_variation,1,energy_yield_ratio,0.31377082701687625,not_applicable
pso,temperature_variation,2,tracking_efficiency_pct,5.831123851839429,not_applicable
pso,temperature_variation,2,convergence_time_s,,not_applicable
pso,temperature_variation,2,settling_time_s,,not_applicable
pso,temperature_variation,2,oscillation_peak_to_peak_w,0.0,not_applicable
pso,temperature_variation,2,oscillation_std_w,0.0,not_applicable
pso,temperature_variation,2,energy_yield_j,7.434445476659414,not_applicable
pso,temperature_variation,2,energy_yield_ratio,0.05831123851839429,not_applicable
pso,temperature_variation,3,tracking_efficiency_pct,46.44248448476692,not_applicable
pso,temperature_variation,3,convergence_time_s,,not_applicable
pso,temperature_variation,3,settling_time_s,,not_applicable
pso,temperature_variation,3,oscillation_peak_to_peak_w,0.0,not_applicable
pso,temperature_variation,3,oscillation_std_w,0.0,not_applicable
pso,temperature_variation,3,energy_yield_j,64.36483238954649,not_applicable
pso,temperature_variation,3,energy_yield_ratio,0.4644248448476692,not_applicable
pso,temperature_variation,4,tracking_efficiency_pct,31.794580760489144,not_applicable
pso,temperature_variation,4,convergence_time_s,,not_applicable
pso,temperature_variation,4,settling_time_s,,not_applicable
pso,temperature_variation,4,oscillation_peak_to_peak_w,0.0,not_applicable
pso,temperature_variation,4,oscillation_std_w,0.0,not_applicable
pso,temperature_variation,4,energy_yield_j,40.34307953327539,not_applicable
pso,temperature_variation,4,energy_yield_ratio,0.31794580760489144,not_applicable
pso,temperature_variation,5,tracking_efficiency_pct,50.43105254297715,not_applicable
pso,temperature_variation,5,convergence_time_s,,not_applicable
pso,temperature_variation,5,settling_time_s,,not_applicable
pso,temperature_variation,5,oscillation_peak_to_peak_w,0.0,not_applicable
pso,temperature_variation,5,oscillation_std_w,0.0,not_applicable
pso,temperature_variation,5,energy_yield_j,71.30411894202308,not_applicable
pso,temperature_variation,5,energy_yield_ratio,0.5043105254297715,not_applicable
pso,temperature_variation,6,tracking_efficiency_pct,11.223658645241397,not_applicable
pso,temperature_variation,6,convergence_time_s,,not_applicable
pso,temperature_variation,6,settling_time_s,,not_applicable
pso,temperature_variation,6,oscillation_peak_to_peak_w,0.0,not_applicable
pso,temperature_variation,6,oscillation_std_w,0.0,not_applicable
pso,temperature_variation,6,energy_yield_j,15.586703613582692,not_applicable
pso,temperature_variation,6,energy_yield_ratio,0.11223658645241397,not_applicable
pso,temperature_variation,7,tracking_efficiency_pct,24.23753948604579,not_applicable
pso,temperature_variation,7,convergence_time_s,,not_applicable
pso,temperature_variation,7,settling_time_s,,not_applicable
pso,temperature_variation,7,oscillation_peak_to_peak_w,0.0,not_applicable
pso,temperature_variation,7,oscillation_std_w,0.0,not_applicable
pso,temperature_variation,7,energy_yield_j,32.82128094639692,not_applicable
pso,temperature_variation,7,energy_yield_ratio,0.2423753948604579,not_applicable
pso,temperature_variation,8,tracking_efficiency_pct,25.53481456175636,not_applicable
pso,temperature_variation,8,convergence_time_s,,not_applicable
pso,temperature_variation,8,settling_time_s,,not_applicable
pso,temperature_variation,8,oscillation_peak_to_peak_w,0.0,not_applicable
pso,temperature_variation,8,oscillation_std_w,0.0,not_applicable
pso,temperature_variation,8,energy_yield_j,37.21540483410614,not_applicable
pso,temperature_variation,8,energy_yield_ratio,0.2553481456175636,not_applicable
pso,temperature_variation,9,tracking_efficiency_pct,72.5946670901738,not_applicable
pso,temperature_variation,9,convergence_time_s,,not_applicable
pso,temperature_variation,9,settling_time_s,,not_applicable
pso,temperature_variation,9,oscillation_peak_to_peak_w,0.0,not_applicable
pso,temperature_variation,9,oscillation_std_w,0.0,not_applicable
pso,temperature_variation,9,energy_yield_j,96.33496950329655,not_applicable
pso,temperature_variation,9,energy_yield_ratio,0.725946670901738,not_applicable
pso,partial_shading_pattern_a,0,tracking_efficiency_pct,39.38502879070448,not_applicable
pso,partial_shading_pattern_a,0,convergence_time_s,,not_applicable
pso,partial_shading_pattern_a,0,settling_time_s,,not_applicable
pso,partial_shading_pattern_a,0,oscillation_peak_to_peak_w,0.0,not_applicable
pso,partial_shading_pattern_a,0,oscillation_std_w,0.0,not_applicable
pso,partial_shading_pattern_a,0,energy_yield_j,36.25404845417161,not_applicable
pso,partial_shading_pattern_a,0,energy_yield_ratio,0.3938502879070448,not_applicable
pso,partial_shading_pattern_a,1,tracking_efficiency_pct,81.37784124382546,not_applicable
pso,partial_shading_pattern_a,1,convergence_time_s,0.5025125628140703,not_applicable
pso,partial_shading_pattern_a,1,settling_time_s,0.5025125628140703,not_applicable
pso,partial_shading_pattern_a,1,oscillation_peak_to_peak_w,34.77944631705348,not_applicable
pso,partial_shading_pattern_a,1,oscillation_std_w,14.433062367015067,not_applicable
pso,partial_shading_pattern_a,1,energy_yield_j,75.33495870962992,not_applicable
pso,partial_shading_pattern_a,1,energy_yield_ratio,0.8137784124382546,not_applicable
pso,partial_shading_pattern_a,2,tracking_efficiency_pct,77.29709067792461,not_applicable
pso,partial_shading_pattern_a,2,convergence_time_s,0.010050251256281407,not_applicable
pso,partial_shading_pattern_a,2,settling_time_s,0.010050251256281407,not_applicable
pso,partial_shading_pattern_a,2,oscillation_peak_to_peak_w,59.57465736559756,not_applicable
pso,partial_shading_pattern_a,2,oscillation_std_w,23.51321899619751,not_applicable
pso,partial_shading_pattern_a,2,energy_yield_j,70.62955914715131,not_applicable
pso,partial_shading_pattern_a,2,energy_yield_ratio,0.7729709067792462,not_applicable
pso,partial_shading_pattern_a,3,tracking_efficiency_pct,28.215535313818506,not_applicable
pso,partial_shading_pattern_a,3,convergence_time_s,,not_applicable
pso,partial_shading_pattern_a,3,settling_time_s,,not_applicable
pso,partial_shading_pattern_a,3,oscillation_peak_to_peak_w,0.0,not_applicable
pso,partial_shading_pattern_a,3,oscillation_std_w,0.0,not_applicable
pso,partial_shading_pattern_a,3,energy_yield_j,27.594148493498952,not_applicable
pso,partial_shading_pattern_a,3,energy_yield_ratio,0.28215535313818507,not_applicable
pso,partial_shading_pattern_a,4,tracking_efficiency_pct,33.39404925847279,not_applicable
pso,partial_shading_pattern_a,4,convergence_time_s,,not_applicable
pso,partial_shading_pattern_a,4,settling_time_s,,not_applicable
pso,partial_shading_pattern_a,4,oscillation_peak_to_peak_w,0.0,not_applicable
pso,partial_shading_pattern_a,4,oscillation_std_w,0.0,not_applicable
pso,partial_shading_pattern_a,4,energy_yield_j,30.347326111121163,not_applicable
pso,partial_shading_pattern_a,4,energy_yield_ratio,0.3339404925847279,not_applicable
pso,partial_shading_pattern_a,5,tracking_efficiency_pct,51.67831362485652,not_applicable
pso,partial_shading_pattern_a,5,convergence_time_s,,not_applicable
pso,partial_shading_pattern_a,5,settling_time_s,,not_applicable
pso,partial_shading_pattern_a,5,oscillation_peak_to_peak_w,0.0,not_applicable
pso,partial_shading_pattern_a,5,oscillation_std_w,0.0,not_applicable
pso,partial_shading_pattern_a,5,energy_yield_j,51.5267490907311,not_applicable
pso,partial_shading_pattern_a,5,energy_yield_ratio,0.5167831362485652,not_applicable
pso,partial_shading_pattern_a,6,tracking_efficiency_pct,65.54986400208898,not_applicable
pso,partial_shading_pattern_a,6,convergence_time_s,,not_applicable
pso,partial_shading_pattern_a,6,settling_time_s,,not_applicable
pso,partial_shading_pattern_a,6,oscillation_peak_to_peak_w,0.0,not_applicable
pso,partial_shading_pattern_a,6,oscillation_std_w,0.0,not_applicable
pso,partial_shading_pattern_a,6,energy_yield_j,64.11508828132116,not_applicable
pso,partial_shading_pattern_a,6,energy_yield_ratio,0.6554986400208899,not_applicable
pso,partial_shading_pattern_a,7,tracking_efficiency_pct,33.42660091542357,not_applicable
pso,partial_shading_pattern_a,7,convergence_time_s,,not_applicable
pso,partial_shading_pattern_a,7,settling_time_s,,not_applicable
pso,partial_shading_pattern_a,7,oscillation_peak_to_peak_w,0.0,not_applicable
pso,partial_shading_pattern_a,7,oscillation_std_w,0.0,not_applicable
pso,partial_shading_pattern_a,7,energy_yield_j,32.21662992127187,not_applicable
pso,partial_shading_pattern_a,7,energy_yield_ratio,0.3342660091542357,not_applicable
pso,partial_shading_pattern_a,8,tracking_efficiency_pct,51.42622973079354,not_applicable
pso,partial_shading_pattern_a,8,convergence_time_s,,not_applicable
pso,partial_shading_pattern_a,8,settling_time_s,,not_applicable
pso,partial_shading_pattern_a,8,oscillation_peak_to_peak_w,0.0,not_applicable
pso,partial_shading_pattern_a,8,oscillation_std_w,0.0,not_applicable
pso,partial_shading_pattern_a,8,energy_yield_j,52.45708010492801,not_applicable
pso,partial_shading_pattern_a,8,energy_yield_ratio,0.5142622973079354,not_applicable
pso,partial_shading_pattern_a,9,tracking_efficiency_pct,39.78308232045676,not_applicable
pso,partial_shading_pattern_a,9,convergence_time_s,,not_applicable
pso,partial_shading_pattern_a,9,settling_time_s,,not_applicable
pso,partial_shading_pattern_a,9,oscillation_peak_to_peak_w,0.0,not_applicable
pso,partial_shading_pattern_a,9,oscillation_std_w,0.0,not_applicable
pso,partial_shading_pattern_a,9,energy_yield_j,37.518404362066164,not_applicable
pso,partial_shading_pattern_a,9,energy_yield_ratio,0.39783082320456753,not_applicable
pso,partial_shading_pattern_b,0,tracking_efficiency_pct,90.42459333202625,not_applicable
pso,partial_shading_pattern_b,0,convergence_time_s,0.5025125628140703,not_applicable
pso,partial_shading_pattern_b,0,settling_time_s,0.5025125628140703,not_applicable
pso,partial_shading_pattern_b,0,oscillation_peak_to_peak_w,31.02535399431168,not_applicable
pso,partial_shading_pattern_b,0,oscillation_std_w,13.144233032852496,not_applicable
pso,partial_shading_pattern_b,0,energy_yield_j,84.62114771884879,not_applicable
pso,partial_shading_pattern_b,0,energy_yield_ratio,0.9042459333202625,not_applicable
pso,partial_shading_pattern_b,1,tracking_efficiency_pct,86.27218977791307,not_applicable
pso,partial_shading_pattern_b,1,convergence_time_s,,not_applicable
pso,partial_shading_pattern_b,1,settling_time_s,,not_applicable
pso,partial_shading_pattern_b,1,oscillation_peak_to_peak_w,0.0,not_applicable
pso,partial_shading_pattern_b,1,oscillation_std_w,0.0,not_applicable
pso,partial_shading_pattern_b,1,energy_yield_j,80.96866064906561,not_applicable
pso,partial_shading_pattern_b,1,energy_yield_ratio,0.8627218977791307,not_applicable
pso,partial_shading_pattern_b,2,tracking_efficiency_pct,62.742612450154,not_applicable
pso,partial_shading_pattern_b,2,convergence_time_s,,not_applicable
pso,partial_shading_pattern_b,2,settling_time_s,,not_applicable
pso,partial_shading_pattern_b,2,oscillation_peak_to_peak_w,0.0,not_applicable
pso,partial_shading_pattern_b,2,oscillation_std_w,0.0,not_applicable
pso,partial_shading_pattern_b,2,energy_yield_j,58.220670029808446,not_applicable
pso,partial_shading_pattern_b,2,energy_yield_ratio,0.62742612450154,not_applicable
pso,partial_shading_pattern_b,3,tracking_efficiency_pct,62.82512255703671,not_applicable
pso,partial_shading_pattern_b,3,convergence_time_s,,not_applicable
pso,partial_shading_pattern_b,3,settling_time_s,,not_applicable
pso,partial_shading_pattern_b,3,oscillation_peak_to_peak_w,0.0,not_applicable
pso,partial_shading_pattern_b,3,oscillation_std_w,0.0,not_applicable
pso,partial_shading_pattern_b,3,energy_yield_j,62.20122303920556,not_applicable
pso,partial_shading_pattern_b,3,energy_yield_ratio,0.6282512255703671,not_applicable
pso,partial_shading_pattern_b,4,tracking_efficiency_pct,53.09673158559439,not_applicable
pso,partial_shading_pattern_b,4,convergence_time_s,,not_applicable
pso,partial_shading_pattern_b,4,settling_time_s,,not_applicable
pso,partial_shading_pattern_b,4,oscillation_peak_to_peak_w,0.0,not_applicable
pso,partial_shading_pattern_b,4,oscillation_std_w,0.0,not_applicable
pso,partial_shading_pattern_b,4,energy_yield_j,48.97729653584439,not_applicable
pso,partial_shading_pattern_b,4,energy_yield_ratio,0.5309673158559439,not_applicable
pso,partial_shading_pattern_b,5,tracking_efficiency_pct,57.10376282150017,not_applicable
pso,partial_shading_pattern_b,5,convergence_time_s,,not_applicable
pso,partial_shading_pattern_b,5,settling_time_s,,not_applicable
pso,partial_shading_pattern_b,5,oscillation_peak_to_peak_w,0.0,not_applicable
pso,partial_shading_pattern_b,5,oscillation_std_w,0.0,not_applicable
pso,partial_shading_pattern_b,5,energy_yield_j,57.67332068191837,not_applicable
pso,partial_shading_pattern_b,5,energy_yield_ratio,0.5710376282150017,not_applicable
pso,partial_shading_pattern_b,6,tracking_efficiency_pct,66.53737129401051,not_applicable
pso,partial_shading_pattern_b,6,convergence_time_s,,not_applicable
pso,partial_shading_pattern_b,6,settling_time_s,,not_applicable
pso,partial_shading_pattern_b,6,oscillation_peak_to_peak_w,0.0,not_applicable
pso,partial_shading_pattern_b,6,oscillation_std_w,0.0,not_applicable
pso,partial_shading_pattern_b,6,energy_yield_j,65.89395245859325,not_applicable
pso,partial_shading_pattern_b,6,energy_yield_ratio,0.665373712940105,not_applicable
pso,partial_shading_pattern_b,7,tracking_efficiency_pct,17.542504040900667,not_applicable
pso,partial_shading_pattern_b,7,convergence_time_s,,not_applicable
pso,partial_shading_pattern_b,7,settling_time_s,,not_applicable
pso,partial_shading_pattern_b,7,oscillation_peak_to_peak_w,0.0,not_applicable
pso,partial_shading_pattern_b,7,oscillation_std_w,0.0,not_applicable
pso,partial_shading_pattern_b,7,energy_yield_j,17.150579336204657,not_applicable
pso,partial_shading_pattern_b,7,energy_yield_ratio,0.17542504040900667,not_applicable
pso,partial_shading_pattern_b,8,tracking_efficiency_pct,49.25715234098973,not_applicable
pso,partial_shading_pattern_b,8,convergence_time_s,,not_applicable
pso,partial_shading_pattern_b,8,settling_time_s,,not_applicable
pso,partial_shading_pattern_b,8,oscillation_peak_to_peak_w,0.0,not_applicable
pso,partial_shading_pattern_b,8,oscillation_std_w,0.0,not_applicable
pso,partial_shading_pattern_b,8,energy_yield_j,50.82899513736986,not_applicable
pso,partial_shading_pattern_b,8,energy_yield_ratio,0.4925715234098973,not_applicable
pso,partial_shading_pattern_b,9,tracking_efficiency_pct,38.15239079870118,not_applicable
pso,partial_shading_pattern_b,9,convergence_time_s,,not_applicable
pso,partial_shading_pattern_b,9,settling_time_s,,not_applicable
pso,partial_shading_pattern_b,9,oscillation_peak_to_peak_w,0.0,not_applicable
pso,partial_shading_pattern_b,9,oscillation_std_w,0.0,not_applicable
pso,partial_shading_pattern_b,9,energy_yield_j,36.478933099863,not_applicable
pso,partial_shading_pattern_b,9,energy_yield_ratio,0.3815239079870118,not_applicable
neural_net,steady_state_stc,0,tracking_efficiency_pct,68.56890770733023,not_applicable
neural_net,steady_state_stc,0,convergence_time_s,0.14141414141414144,not_applicable
neural_net,steady_state_stc,0,settling_time_s,,not_applicable
neural_net,steady_state_stc,0,oscillation_peak_to_peak_w,0.0,not_applicable
neural_net,steady_state_stc,0,oscillation_std_w,0.0,not_applicable
neural_net,steady_state_stc,0,energy_yield_j,45.73747808854479,not_applicable
neural_net,steady_state_stc,0,energy_yield_ratio,0.6856890770733023,not_applicable
neural_net,steady_state_stc,1,tracking_efficiency_pct,63.85623904509327,not_applicable
neural_net,steady_state_stc,1,convergence_time_s,0.98989898989899,not_applicable
neural_net,steady_state_stc,1,settling_time_s,,not_applicable
neural_net,steady_state_stc,1,oscillation_peak_to_peak_w,0.0,not_applicable
neural_net,steady_state_stc,1,oscillation_std_w,0.0,not_applicable
neural_net,steady_state_stc,1,energy_yield_j,43.3466990097014,not_applicable
neural_net,steady_state_stc,1,energy_yield_ratio,0.6385623904509327,not_applicable
neural_net,steady_state_stc,2,tracking_efficiency_pct,42.767391782233815,not_applicable
neural_net,steady_state_stc,2,convergence_time_s,,not_applicable
neural_net,steady_state_stc,2,settling_time_s,,not_applicable
neural_net,steady_state_stc,2,oscillation_peak_to_peak_w,0.0,not_applicable
neural_net,steady_state_stc,2,oscillation_std_w,0.0,not_applicable
neural_net,steady_state_stc,2,energy_yield_j,28.46685199737367,not_applicable
neural_net,steady_state_stc,2,energy_yield_ratio,0.42767391782233816,not_applicable
neural_net,steady_state_stc,3,tracking_efficiency_pct,45.54535388495229,not_applicable
neural_net,steady_state_stc,3,convergence_time_s,,not_applicable
neural_net,steady_state_stc,3,settling_time_s,,not_applicable
neural_net,steady_state_stc,3,oscillation_peak_to_peak_w,0.0,not_applicable
neural_net,steady_state_stc,3,oscillation_std_w,0.0,not_applicable
neural_net,steady_state_stc,3,energy_yield_j,32.86325687019654,not_applicable
neural_net,steady_state_stc,3,energy_yield_ratio,0.4554535388495229,not_applicable
neural_net,steady_state_stc,4,tracking_efficiency_pct,83.62435175675661,not_applicable
neural_net,steady_state_stc,4,convergence_time_s,0.5454545454545455,not_applicable
neural_net,steady_state_stc,4,settling_time_s,,not_applicable
neural_net,steady_state_stc,4,oscillation_peak_to_peak_w,0.0,not_applicable
neural_net,steady_state_stc,4,oscillation_std_w,0.0,not_applicable
neural_net,steady_state_stc,4,energy_yield_j,55.460296356657075,not_applicable
neural_net,steady_state_stc,4,energy_yield_ratio,0.8362435175675661,not_applicable
neural_net,steady_state_stc,5,tracking_efficiency_pct,55.878598382297376,not_applicable
neural_net,steady_state_stc,5,convergence_time_s,,not_applicable
neural_net,steady_state_stc,5,settling_time_s,,not_applicable
neural_net,steady_state_stc,5,oscillation_peak_to_peak_w,0.0,not_applicable
neural_net,steady_state_stc,5,oscillation_std_w,0.0,not_applicable
neural_net,steady_state_stc,5,energy_yield_j,41.01284625960441,not_applicable
neural_net,steady_state_stc,5,energy_yield_ratio,0.5587859838229737,not_applicable
neural_net,steady_state_stc,6,tracking_efficiency_pct,42.44752091031113,not_applicable
neural_net,steady_state_stc,6,convergence_time_s,0.09090909090909091,not_applicable
neural_net,steady_state_stc,6,settling_time_s,,not_applicable
neural_net,steady_state_stc,6,oscillation_peak_to_peak_w,0.0,not_applicable
neural_net,steady_state_stc,6,oscillation_std_w,0.0,not_applicable
neural_net,steady_state_stc,6,energy_yield_j,30.631408763916063,not_applicable
neural_net,steady_state_stc,6,energy_yield_ratio,0.42447520910311126,not_applicable
neural_net,steady_state_stc,7,tracking_efficiency_pct,78.50200439816471,not_applicable
neural_net,steady_state_stc,7,convergence_time_s,0.8282828282828284,not_applicable
neural_net,steady_state_stc,7,settling_time_s,,not_applicable
neural_net,steady_state_stc,7,oscillation_peak_to_peak_w,0.0,not_applicable
neural_net,steady_state_stc,7,oscillation_std_w,0.0,not_applicable
neural_net,steady_state_stc,7,energy_yield_j,55.368869606005966,not_applicable
neural_net,steady_state_stc,7,energy_yield_ratio,0.7850200439816472,not_applicable
neural_net,steady_state_stc,8,tracking_efficiency_pct,65.91590788601665,not_applicable
neural_net,steady_state_stc,8,convergence_time_s,0.9494949494949496,not_applicable
neural_net,steady_state_stc,8,settling_time_s,,not_applicable
neural_net,steady_state_stc,8,oscillation_peak_to_peak_w,0.0,not_applicable
neural_net,steady_state_stc,8,oscillation_std_w,0.0,not_applicable
neural_net,steady_state_stc,8,energy_yield_j,49.78117980982009,not_applicable
neural_net,steady_state_stc,8,energy_yield_ratio,0.6591590788601666,not_applicable
neural_net,steady_state_stc,9,tracking_efficiency_pct,62.271591328085066,not_applicable
neural_net,steady_state_stc,9,convergence_time_s,0.18181818181818182,not_applicable
neural_net,steady_state_stc,9,settling_time_s,,not_applicable
neural_net,steady_state_stc,9,oscillation_peak_to_peak_w,0.0,not_applicable
neural_net,steady_state_stc,9,oscillation_std_w,0.0,not_applicable
neural_net,steady_state_stc,9,energy_yield_j,43.06832176999967,not_applicable
neural_net,steady_state_stc,9,energy_yield_ratio,0.6227159132808506,not_applicable
neural_net,multi_level_irradiance,0,tracking_efficiency_pct,60.101686899464056,not_applicable
neural_net,multi_level_irradiance,0,convergence_time_s,0.5025125628140703,not_applicable
neural_net,multi_level_irradiance,0,settling_time_s,,not_applicable
neural_net,multi_level_irradiance,0,oscillation_peak_to_peak_w,0.0,not_applicable
neural_net,multi_level_irradiance,0,oscillation_std_w,0.0,not_applicable
neural_net,multi_level_irradiance,0,energy_yield_j,47.382554940214725,not_applicable
neural_net,multi_level_irradiance,0,energy_yield_ratio,0.6010168689946406,not_applicable
neural_net,multi_level_irradiance,1,tracking_efficiency_pct,76.50081766063317,not_applicable
neural_net,multi_level_irradiance,1,convergence_time_s,0.7839195979899498,not_applicable
neural_net,multi_level_irradiance,1,settling_time_s,,not_applicable
neural_net,multi_level_irradiance,1,oscillation_peak_to_peak_w,0.0,not_applicable
neural_net,multi_level_irradiance,1,oscillation_std_w,0.0,not_applicable
neural_net,multi_level_irradiance,1,energy_yield_j,60.50703098143244,not_applicable
neural_net,multi_level_irradiance,1,energy_yield_ratio,0.7650081766063318,not_applicable
neural_net,multi_level_irradiance,2,tracking_efficiency_pct,48.381294614813086,not_applicable
neural_net,multi_level_irradiance,2,convergence_time_s,0.22110552763819097,not_applicable
neural_net,multi_level_irradiance,2,settling_time_s,0.22110552763819097,not_applicable
neural_net,multi_level_irradiance,2,oscillation_peak_to_peak_w,21.309348998747836,not_applicable
neural_net,multi_level_irradiance,2,oscillation_std_w,5.154440286824593,not_applicable
neural_net,multi_level_irradiance,2,energy_yield_j,37.815649715355306,not_applicable
neural_net,multi_level_irradiance,2,energy_yield_ratio,0.48381294614813086,not_applicable
neural_net,multi_level_irradiance,3,tracking_efficiency_pct,58.77081451760577,not_applicable
neural_net,multi_level_irradiance,3,convergence_time_s,1.5376884422110553,not_applicable
neural_net,multi_level_irradiance,3,settling_time_s,,not_applicable
neural_net,multi_level_irradiance,3,oscillation_peak_to_peak_w,0.0,not_applicable
neural_net,multi_level_irradiance,3,oscillation_std_w,0.0,not_applicable
neural_net,multi_level_irradiance,3,energy_yield_j,49.04135046046174,not_applicable
neural_net,multi_level_irradiance,3,energy_yield_ratio,0.5877081451760577,not_applicable
neural_net,multi_level_irradiance,4,tracking_efficiency_pct,55.9631728529228,not_applicable
neural_net,multi_level_irradiance,4,convergence_time_s,0.5125628140703518,not_applicable
neural_net,multi_level_irradiance,4,settling_time_s,,not_applicable
neural_net,multi_level_irradiance,4,oscillation_peak_to_peak_w,0.0,not_applicable
neural_net,multi_level_irradiance,4,oscillation_std_w,0.0,not_applicable
neural_net,multi_level_irradiance,4,energy_yield_j,43.49042475121448,not_applicable
neural_net,multi_level_irradiance,4,energy_yield_ratio,0.559631728529228,not_applicable
neural_net,multi_level_irradiance,5,tracking_efficiency_pct,76.06634245667348,not_applicable
neural_net,multi_level_irradiance,5,convergence_time_s,0.5527638190954774,not_applicable
neural_net,multi_level_irradiance,5,settling_time_s,,not_applicable
neural_net,multi_level_irradiance,5,oscillation_peak_to_peak_w,0.0,not_applicable
neural_net,multi_level_irradiance,5,oscillation_std_w,0.0,not_applicable
neural_net,multi_level_irradiance,5,energy_yield_j,64.74108743552695,not_applicable
neural_net,multi_level_irradiance,5,energy_yield_ratio,0.7606634245667347,not_applicable
neural_net,multi_level_irradiance,6,tracking_efficiency_pct,53.97350245444055,not_applicable
neural_net,multi_level_irradiance,6,convergence_time_s,1.1758793969849246,not_applicable
neural_net,multi_level_irradiance,6,settling_time_s,,not_applicable
neural_net,multi_level_irradiance,6,oscillation_peak_to_peak_w,0.0,not_applicable
neural_net,multi_level_irradiance,6,oscillation_std_w,0.0,not_applicable
neural_net,multi_level_irradiance,6,energy_yield_j,45.03856175357416,not_applicable
neural_net,multi_level_irradiance,6,energy_yield_ratio,0.5397350245444055,not_applicable
neural_net,multi_level_irradiance,7,tracking_efficiency_pct,81.45810894613422,not_applicable
neural_net,multi_level_irradiance,7,convergence_time_s,0.5125628140703518,not_applicable
neural_net,multi_level_irradiance,7,settling_time_s,,not_applicable
neural_net,multi_level_irradiance,7,oscillation_peak_to_peak_w,0.0,not_applicable
neural_net,multi_level_irradiance,7,oscillation_std_w,0.0,not_applicable
neural_net,multi_level_irradiance,7,energy_yield_j,67.09754600168722,not_applicable
neural_net,multi_level_irradiance,7,energy_yield_ratio,0.8145810894613421,not_applicable
neural_net,multi_level_irradiance,8,tracking_efficiency_pct,82.75072738852761,not_applicable
neural_net,multi_level_irradiance,8,convergence_time_s,0.7738693467336684,not_applicable
neural_net,multi_level_irradiance,8,settling_time_s,,not_applicable
neural_net,multi_level_irradiance,8,oscillation_peak_to_peak_w,0.0,not_applicable
neural_net,multi_level_irradiance,8,oscillation_std_w,0.0,not_applicable
neural_net,multi_level_irradiance,8,energy_yield_j,71.95965284797649,not_applicable
neural_net,multi_level_irradiance,8,energy_yield_ratio,0.8275072738852761,not_applicable
neural_net,multi_level_irradiance,9,tracking_efficiency_pct,51.231398416597806,not_applicable
neural_net,multi_level_irradiance,9,convergence_time_s,0.8241206030150754,not_applicable
neural_net,multi_level_irradiance,9,settling_time_s,,not_applicable
neural_net,multi_level_irradiance,9,oscillation_peak_to_peak_w,0.0,not_applicable
neural_net,multi_level_irradiance,9,oscillation_std_w,0.0,not_applicable
neural_net,multi_level_irradiance,9,energy_yield_j,41.27449833219728,not_applicable
neural_net,multi_level_irradiance,9,energy_yield_ratio,0.5123139841659781,not_applicable
neural_net,temperature_variation,0,tracking_efficiency_pct,66.12182367881864,not_applicable
neural_net,temperature_variation,0,convergence_time_s,0.1407035175879397,not_applicable
neural_net,temperature_variation,0,settling_time_s,,not_applicable
neural_net,temperature_variation,0,oscillation_peak_to_peak_w,0.0,not_applicable
neural_net,temperature_variation,0,oscillation_std_w,0.0,not_applicable
neural_net,temperature_variation,0,energy_yield_j,84.3991742451478,not_applicable
neural_net,temperature_variation,0,energy_yield_ratio,0.6612182367881865,not_applicable
neural_net,temperature_variation,1,tracking_efficiency_pct,61.66042599143942,not_applicable
neural_net,temperature_variation,1,convergence_time_s,0.9849246231155779,not_applicable
neural_net,temperature_variation,1,settling_time_s,,not_applicable
neural_net,temperature_variation,1,oscillation_peak_to_peak_w,0.0,not_applicable
neural_net,temperature_variation,1,oscillation_std_w,0.0,not_applicable
neural_net,temperature_variation,1,energy_yield_j,80.05688607122934,not_applicable
neural_net,temperature_variation,1,energy_yield_ratio,0.6166042599143942,not_applicable
neural_net,temperature_variation,2,tracking_efficiency_pct,36.67662510230334,not_applicable
neural_net,temperature_variation,2,convergence_time_s,,not_applicable
neural_net,temperature_variation,2,settling_time_s,,not_applicable
neural_net,temperature_variation,2,oscillation_peak_to_peak_w,0.0,not_applicable
neural_net,temperature_variation,2,oscillation_std_w,0.0,not_applicable
neural_net,temperature_variation,2,energy_yield_j,46.76120358941412,not_applicable
neural_net,temperature_variation,2,energy_yield_ratio,0.3667662510230334,not_applicable
neural_net,temperature_variation,3,tracking_efficiency_pct,48.21184315788949,not_applicable
neural_net,temperature_variation,3,convergence_time_s,,not_applicable
neural_net,temperature_variation,3,settling_time_s,,not_applicable
neural_net,temperature_variation,3,oscillation_peak_to_peak_w,0.0,not_applicable
neural_net,temperature_variation,3,oscillation_std_w,0.0,not_applicable
neural_net,temperature_variation,3,energy_yield_j,66.81699393292556,not_applicable
neural_net,temperature_variation,3,energy_yield_ratio,0.4821184315788949,not_applicable
neural_net,temperature_variation,4,tracking_efficiency_pct,65.69050019192929,not_applicable
neural_net,temperature_variation,4,convergence_time_s,0.5527638190954774,not_applicable
neural_net,temperature_variation,4,settling_time_s,,not_applicable
neural_net,temperature_variation,4,oscillation_peak_to_peak_w,0.0,not_applicable
neural_net,temperature_variation,4,oscillation_std_w,0.0,not_applicable
neural_net,temperature_variation,4,energy_yield_j,83.35247738561074,not_applicable
neural_net,temperature_variation,4,energy_yield_ratio,0.6569050019192929,not_applicable
neural_net,temperature_variation,5,tracking_efficiency_pct,70.20973446767981,not_applicable
neural_net,temperature_variation,5,convergence_time_s,1.1256281407035176,not_applicable
neural_net,temperature_variation,5,settling_time_s,,not_applicable
neural_net,temperature_variation,5,oscillation_peak_to_peak_w,0.0,not_applicable
neural_net,temperature_variation,5,oscillation_std_w,0.0,not_applicable
neural_net,temperature_variation,5,energy_yield_j,99.26906151928907,not_applicable
neural_net,temperature_variation,5,energy_yield_ratio,0.7020973446767981,not_applicable
neural_net,temperature_variation,6,tracking_efficiency_pct,51.660798653735554,not_applicable
neural_net,temperature_variation,6,convergence_time_s,0.09045226130653267,not_applicable
neural_net,temperature_variation,6,settling_time_s,,not_applicable
neural_net,temperature_variation,6,oscillation_peak_to_peak_w,0.0,not_applicable
neural_net,temperature_variation,6,oscillation_std_w,0.0,not_applicable
neural_net,temperature_variation,6,energy_yield_j,71.74323297850344,not_applicable
neural_net,temperature_variation,6,energy_yield_ratio,0.5166079865373555,not_applicable
neural_net,temperature_variation,7,tracking_efficiency_pct,73.60519599970877,not_applicable
neural_net,temperature_variation,7,convergence_time_s,0.8241206030150754,not_applicable
neural_net,temperature_variation,7,settling_time_s,,not_applicable
neural_net,temperature_variation,7,oscillation_peak_to_peak_w,0.0,not_applicable
neural_net,temperature_variation,7,oscillation_std_w,0.0,not_applicable
neural_net,temperature_variation,7,energy_yield_j,99.67252733768225,not_applicable
neural_net,temperature_variation,7,energy_yield_ratio,0.7360519599970877,not_applicable
neural_net,temperature_variation,8,tracking_efficiency_pct,69.08241052238463,not_applicable
neural_net,temperature_variation,8,convergence_time_s,0.9447236180904522,not_applicable
neural_net,temperature_variation,8,settling_time_s,,not_applicable
neural_net,temperature_variation,8,oscillation_peak_to_peak_w,0.0,not_applicable
neural_net,temperature_variation,8,oscillation_std_w,0.0,not_applicable
neural_net,temperature_variation,8,energy_yield_j,100.68331877988084,not_applicable
neural_net,temperature_variation,8,energy_yield_ratio,0.6908241052238464,not_applicable
neural_net,temperature_variation,9,tracking_efficiency_pct,54.03108995736525,not_applicable
neural_net,temperature_variation,9,convergence_time_s,0.18090452261306533,not_applicable
neural_net,temperature_variation,9,settling_time_s,,not_applicable
neural_net,temperature_variation,9,oscillation_peak_to_peak_w,0.0,not_applicable
neural_net,temperature_variation,9,oscillation_std_w,0.0,not_applicable
neural_net,temperature_variation,9,energy_yield_j,71.70063052713135,not_applicable
neural_net,temperature_variation,9,energy_yield_ratio,0.5403108995736525,not_applicable
neural_net,partial_shading_pattern_a,0,tracking_efficiency_pct,75.35171175894972,not_applicable
neural_net,partial_shading_pattern_a,0,convergence_time_s,0.1407035175879397,not_applicable
neural_net,partial_shading_pattern_a,0,settling_time_s,,not_applicable
neural_net,partial_shading_pattern_a,0,oscillation_peak_to_peak_w,0.0,not_applicable
neural_net,partial_shading_pattern_a,0,oscillation_std_w,0.0,not_applicable
neural_net,partial_shading_pattern_a,0,energy_yield_j,69.36149834321023,not_applicable
neural_net,partial_shading_pattern_a,0,energy_yield_ratio,0.7535171175894972,not_applicable
neural_net,partial_shading_pattern_a,1,tracking_efficiency_pct,76.82222498355102,not_applicable
neural_net,partial_shading_pattern_a,1,convergence_time_s,0.7638190954773869,not_applicable
neural_net,partial_shading_pattern_a,1,settling_time_s,,not_applicable
neural_net,partial_shading_pattern_a,1,oscillation_peak_to_peak_w,0.0,not_applicable
neural_net,partial_shading_pattern_a,1,oscillation_std_w,0.0,not_applicable
neural_net,partial_shading_pattern_a,1,energy_yield_j,71.11762930374901,not_applicable
neural_net,partial_shading_pattern_a,1,energy_yield_ratio,0.7682222498355102,not_applicable
neural_net,partial_shading_pattern_a,2,tracking_efficiency_pct,50.66182550709841,not_applicable
neural_net,partial_shading_pattern_a,2,convergence_time_s,,not_applicable
neural_net,partial_shading_pattern_a,2,settling_time_s,,not_applicable
neural_net,partial_shading_pattern_a,2,oscillation_peak_to_peak_w,0.0,not_applicable
neural_net,partial_shading_pattern_a,2,oscillation_std_w,0.0,not_applicable
neural_net,partial_shading_pattern_a,2,energy_yield_j,46.29181214679501,not_applicable
neural_net,partial_shading_pattern_a,2,energy_yield_ratio,0.5066182550709841,not_applicable
neural_net,partial_shading_pattern_a,3,tracking_efficiency_pct,57.806273706837096,not_applicable
neural_net,partial_shading_pattern_a,3,convergence_time_s,1.5075376884422111,not_applicable
neural_net,partial_shading_pattern_a,3,settling_time_s,,not_applicable
neural_net,partial_shading_pattern_a,3,oscillation_peak_to_peak_w,0.0,not_applicable
neural_net,partial_shading_pattern_a,3,oscillation_std_w,0.0,not_applicable
neural_net,partial_shading_pattern_a,3,energy_yield_j,56.53321415954502,not_applicable
neural_net,partial_shading_pattern_a,3,energy_yield_ratio,0.578062737068371,not_applicable
neural_net,partial_shading_pattern_a,4,tracking_efficiency_pct,57.49538718787787,not_applicable
neural_net,partial_shading_pattern_a,4,convergence_time_s,0.7035175879396985,not_applicable
neural_net,partial_shading_pattern_a,4,settling_time_s,,not_applicable
neural_net,partial_shading_pattern_a,4,oscillation_peak_to_peak_w,0.0,not_applicable
neural_net,partial_shading_pattern_a,4,oscillation_std_w,0.0,not_applicable
neural_net,partial_shading_pattern_a,4,energy_yield_j,52.24976615955029,not_applicable
neural_net,partial_shading_pattern_a,4,energy_yield_ratio,0.5749538718787787,not_applicable
neural_net,partial_shading_pattern_a,5,tracking_efficiency_pct,69.49478784858606,not_applicable
neural_net,partial_shading_pattern_a,5,convergence_time_s,0.5326633165829145,not_applicable
neural_net,partial_shading_pattern_a,5,settling_time_s,,not_applicable
neural_net,partial_shading_pattern_a,5,oscillation_peak_to_peak_w,0.0,not_applicable
neural_net,partial_shading_pattern_a,5,oscillation_std_w,0.0,not_applicable
neural_net,partial_shading_pattern_a,5,energy_yield_j,69.29097033973937,not_applicable
neural_net,partial_shading_pattern_a,5,energy_yield_ratio,0.6949478784858606,not_applicable
neural_net,partial_shading_pattern_a,6,tracking_efficiency_pct,55.14584544724212,not_applicable
neural_net,partial_shading_pattern_a,6,convergence_time_s,0.09045226130653267,not_applicable
neural_net,partial_shading_pattern_a,6,settling_time_s,,not_applicable
neural_net,partial_shading_pattern_a,6,oscillation_peak_to_peak_w,0.0,not_applicable
neural_net,partial_shading_pattern_a,6,oscillation_std_w,0.0,not_applicable
neural_net,partial_shading_pattern_a,6,energy_yield_j,53.93879610620311,not_applicable
neural_net,partial_shading_pattern_a,6,energy_yield_ratio,0.5514584544724211,not_applicable
neural_net,partial_shading_pattern_a,7,tracking_efficiency_pct,79.02214232877422,not_applicable
neural_net,partial_shading_pattern_a,7,convergence_time_s,0.5025125628140703,not_applicable
neural_net,partial_shading_pattern_a,7,settling_time_s,,not_applicable
neural_net,partial_shading_pattern_a,7,oscillation_peak_to_peak_w,0.0,not_applicable
neural_net,partial_shading_pattern_a,7,oscillation_std_w,0.0,not_applicable
neural_net,partial_shading_pattern_a,7,energy_yield_j,76.16171089108575,not_applicable
neural_net,partial_shading_pattern_a,7,energy_yield_ratio,0.7902214232877423,not_applicable
neural_net,partial_shading_pattern_a,8,tracking_efficiency_pct,76.6314227308941,not_applicable
neural_net,partial_shading_pattern_a,8,convergence_time_s,0.6934673366834171,not_applicable
neural_net,partial_shading_pattern_a,8,settling_time_s,,not_applicable
neural_net,partial_shading_pattern_a,8,oscillation_peak_to_peak_w,0.0,not_applicable
neural_net,partial_shading_pattern_a,8,oscillation_std_w,0.0,not_applicable
neural_net,partial_shading_pattern_a,8,energy_yield_j,78.16751688374423,not_applicable
neural_net,partial_shading_pattern_a,8,energy_yield_ratio,0.766314227308941,not_applicable
neural_net,partial_shading_pattern_a,9,tracking_efficiency_pct,51.38273817080646,not_applicable
neural_net,partial_shading_pattern_a,9,convergence_time_s,0.18090452261306533,not_applicable
neural_net,partial_shading_pattern_a,9,settling_time_s,,not_applicable
neural_net,partial_shading_pattern_a,9,oscillation_peak_to_peak_w,0.0,not_applicable
neural_net,partial_shading_pattern_a,9,oscillation_std_w,0.0,not_applicable
neural_net,partial_shading_pattern_a,9,energy_yield_j,48.45774222303537,not_applicable
neural_net,partial_shading_pattern_a,9,energy_yield_ratio,0.5138273817080646,not_applicable
neural_net,partial_shading_pattern_b,0,tracking_efficiency_pct,80.69328148547068,not_applicable
neural_net,partial_shading_pattern_b,0,convergence_time_s,0.1306532663316583,not_applicable
neural_net,partial_shading_pattern_b,0,settling_time_s,,not_applicable
neural_net,partial_shading_pattern_b,0,oscillation_peak_to_peak_w,0.0,not_applicable
neural_net,partial_shading_pattern_b,0,oscillation_std_w,0.0,not_applicable
neural_net,partial_shading_pattern_b,0,energy_yield_j,75.51439095145167,not_applicable
neural_net,partial_shading_pattern_b,0,energy_yield_ratio,0.8069328148547068,not_applicable
neural_net,partial_shading_pattern_b,1,tracking_efficiency_pct,71.77193307605886,not_applicable
neural_net,partial_shading_pattern_b,1,convergence_time_s,0.9346733668341709,not_applicable
neural_net,partial_shading_pattern_b,1,settling_time_s,,not_applicable
neural_net,partial_shading_pattern_b,1,oscillation_peak_to_peak_w,0.0,not_applicable
neural_net,partial_shading_pattern_b,1,oscillation_std_w,0.0,not_applicable
neural_net,partial_shading_pattern_b,1,energy_yield_j,67.35979819594922,not_applicable
neural_net,partial_shading_pattern_b,1,energy_yield_ratio,0.7177193307605886,not_applicable
neural_net,partial_shading_pattern_b,2,tracking_efficiency_pct,50.21794374791838,not_applicable
neural_net,partial_shading_pattern_b,2,convergence_time_s,,not_applicable
neural_net,partial_shading_pattern_b,2,settling_time_s,,not_applicable
neural_net,partial_shading_pattern_b,2,oscillation_peak_to_peak_w,0.0,not_applicable
neural_net,partial_shading_pattern_b,2,oscillation_std_w,0.0,not_applicable
neural_net,partial_shading_pattern_b,2,energy_yield_j,46.59867063785072,not_applicable
neural_net,partial_shading_pattern_b,2,energy_yield_ratio,0.5021794374791838,not_applicable
neural_net,partial_shading_pattern_b,3,tracking_efficiency_pct,65.17454574360151,not_applicable
neural_net,partial_shading_pattern_b,3,convergence_time_s,1.0050251256281406,not_applicable
neural_net,partial_shading_pattern_b,3,settling_time_s,,not_applicable
neural_net,partial_shading_pattern_b,3,oscillation_peak_to_peak_w,0.0,not_applicable
neural_net,partial_shading_pattern_b,3,oscillation_std_w,0.0,not_applicable
neural_net,partial_shading_pattern_b,3,energy_yield_j,64.52731473139966,not_applicable
neural_net,partial_shading_pattern_b,3,energy_yield_ratio,0.6517454574360152,not_applicable
neural_net,partial_shading_pattern_b,4,tracking_efficiency_pct,57.860724043742195,not_applicable
neural_net,partial_shading_pattern_b,4,convergence_time_s,0.5025125628140703,not_applicable
neural_net,partial_shading_pattern_b,4,settling_time_s,,not_applicable
neural_net,partial_shading_pattern_b,4,oscillation_peak_to_peak_w,0.0,not_applicable
neural_net,partial_shading_pattern_b,4,oscillation_std_w,0.0,not_applicable
neural_net,partial_shading_pattern_b,4,energy_yield_j,53.371681356708486,not_applicable
neural_net,partial_shading_pattern_b,4,energy_yield_ratio,0.578607240437422,not_applicable
neural_net,partial_shading_pattern_b,5,tracking_efficiency_pct,65.9306712228238,not_applicable
neural_net,partial_shading_pattern_b,5,convergence_time_s,1.0452261306532664,not_applicable
neural_net,partial_shading_pattern_b,5,settling_time_s,,not_applicable
neural_net,partial_shading_pattern_b,5,oscillation_peak_to_peak_w,0.0,not_applicable
neural_net,partial_shading_pattern_b,5,oscillation_std_w,0.0,not_applicable
neural_net,partial_shading_pattern_b,5,energy_yield_j,66.58826942970535,not_applicable
neural_net,partial_shading_pattern_b,5,energy_yield_ratio,0.6593067122282381,not_applicable
neural_net,partial_shading_pattern_b,6,tracking_efficiency_pct,48.27754598776009,not_applicable
neural_net,partial_shading_pattern_b,6,convergence_time_s,0.07035175879396985,not_applicable
neural_net,partial_shading_pattern_b,6,settling_time_s,,not_applicable
neural_net,partial_shading_pattern_b,6,oscillation_peak_to_peak_w,0.0,not_applicable
neural_net,partial_shading_pattern_b,6,oscillation_std_w,0.0,not_applicable
neural_net,partial_shading_pattern_b,6,energy_yield_j,47.81070033678014,not_applicable
neural_net,partial_shading_pattern_b,6,energy_yield_ratio,0.48277545987760095,not_applicable
neural_net,partial_shading_pattern_b,7,tracking_efficiency_pct,75.86708731488075,not_applicable
neural_net,partial_shading_pattern_b,7,convergence_time_s,0.592964824120603,not_applicable
neural_net,partial_shading_pattern_b,7,settling_time_s,,not_applicable
neural_net,partial_shading_pattern_b,7,oscillation_peak_to_peak_w,0.0,not_applicable
neural_net,partial_shading_pattern_b,7,oscillation_std_w,0.0,not_applicable
neural_net,partial_shading_pattern_b,7,energy_yield_j,74.17210775422595,not_applicable
neural_net,partial_shading_pattern_b,7,energy_yield_ratio,0.7586708731488075,not_applicable
neural_net,partial_shading_pattern_b,8,tracking_efficiency_pct,72.47766504232312,not_applicable
neural_net,partial_shading_pattern_b,8,convergence_time_s,0.8341708542713568,not_applicable
neural_net,partial_shading_pattern_b,8,settling_time_s,,not_applicable
neural_net,partial_shading_pattern_b,8,oscillation_peak_to_peak_w,0.0,not_applicable
neural_net,partial_shading_pattern_b,8,oscillation_std_w,0.0,not_applicable
neural_net,partial_shading_pattern_b,8,energy_yield_j,74.79049658618858,not_applicable
neural_net,partial_shading_pattern_b,8,energy_yield_ratio,0.7247766504232313,not_applicable
neural_net,partial_shading_pattern_b,9,tracking_efficiency_pct,47.88066796760074,not_applicable
neural_net,partial_shading_pattern_b,9,convergence_time_s,0.1708542713567839,not_applicable
neural_net,partial_shading_pattern_b,9,settling_time_s,,not_applicable
neural_net,partial_shading_pattern_b,9,oscillation_peak_to_peak_w,0.0,not_applicable
neural_net,partial_shading_pattern_b,9,oscillation_std_w,0.0,not_applicable
neural_net,partial_shading_pattern_b,9,energy_yield_j,45.78050410477346,not_applicable
neural_net,partial_shading_pattern_b,9,energy_yield_ratio,0.47880667967600743,not_applicable
