algorithm,scenario,metric,ql_condition,n,n_valid,mean,std,ci95_low,ci95_high,median,iqr
fuzzy_3x3,multi_level_irradiance,convergence_time_s,not_applicable,50,50,2.03432,0.02345420200809942,2.0276543895498933,2.040985610450107,2.031,0.002000000000000224
fuzzy_3x3,multi_level_irradiance,convergence_rate,not_applicable,50,50,1.0,,0.9286524008666414,1.0,,
fuzzy_3x3,multi_level_irradiance,energy_yield_j,not_applicable,50,50,682.6676703535627,27.45931101117007,674.8638205203611,690.4715201867643,687.1029172258418,42.18636300905746
fuzzy_3x3,multi_level_irradiance,energy_yield_ratio,not_applicable,50,50,0.9161770432362776,0.03685188483949988,0.9057038534595598,0.9266502330129953,0.9221293851178891,0.056616387453228945
fuzzy_3x3,multi_level_irradiance,oscillation_p2p_w,not_applicable,50,50,102.91517552228171,0.40949786497403545,102.79879751687676,103.03155352768667,102.97360459239238,0.017542684308651246
fuzzy_3x3,multi_level_irradiance,oscillation_std_w,not_applicable,50,50,40.738283015371536,0.08639351015432115,40.713730251482694,40.76283577926038,40.751529299016944,0.007576050559663372
fuzzy_3x3,multi_level_irradiance,settling_time_s,not_applicable,50,50,2.03432,0.02345420200809942,2.0276543895498933,2.040985610450107,2.031,0.002000000000000224
fuzzy_3x3,multi_level_irradiance,settling_rate,not_applicable,50,50,1.0,,0.9286524008666414,1.0,,
fuzzy_3x3,multi_level_irradiance,tracking_efficiency_pct,not_applicable,50,50,91.61770432362779,3.685188483949988,90.57038534595601,92.66502330129957,92.21293851178892,5.66163874532289
fuzzy_3x3,partial_shading_complex_pattern_a,convergence_time_s,not_applicable,50,0,,,,,,
fuzzy_3x3,partial_shading_complex_pattern_a,convergence_rate,not_applicable,50,0,0.0,,0.0,0.07134759913335872,,
fuzzy_3x3,partial_shading_complex_pattern_a,energy_yield_j,not_applicable,50,50,443.83952461654485,167.5986060696215,396.2085278486649,491.4705213844248,349.65760182952624,298.7744321363524
fuzzy_3x3,partial_shading_complex_pattern_a,energy_yield_ratio,not_applicable,50,50,0.4936297878810706,0.18639994812266072,0.4406555088296369,0.5466040669325043,0.3888824637040422,0.3322911804377353
fuzzy_3x3,partial_shading_complex_pattern_a,oscillation_p2p_w,not_applicable,50,50,0.0,0.0,0.0,0.0,0.0,0.0
fuzzy_3x3,partial_shading_complex_pattern_a,oscillation_std_w,not_applicable,50,50,0.0,0.0,0.0,0.0,0.0,0.0
fuzzy_3x3,partial_shading_complex_pattern_a,settling_time_s,not_applicable,50,0,,,,,,
fuzzy_3x3,partial_shading_complex_pattern_a,settling_rate,not_applicable,50,0,0.0,,0.0,0.07134759913335872,,
fuzzy_3x3,partial_shading_complex_pattern_a,tracking_efficiency_pct,not_applicable,50,50,49.36297878810706,18.63999481226607,44.06555088296369,54.66040669325042,38.88824637040422,33.229118043773525
fuzzy_3x3,partial_shading_complex_pattern_b,convergence_time_s,not_applicable,50,0,,,,,,
fuzzy_3x3,partial_shading_complex_pattern_b,convergence_rate,not_applicable,50,0,0.0,,0.0,0.07134759913335872,,
fuzzy_3x3,partial_shading_complex_pattern_b,energy_yield_j,not_applicable,50,50,326.78161482096186,36.37568256413518,316.4437602333049,337.11946940861884,342.37405061919605,19.156637373231774
fuzzy_3x3,partial_shading_complex_pattern_b,energy_yield_ratio,not_applicable,50,50,0.6719934524396443,0.07480292465203207,0.6507346964995809,0.6932522083797076,0.704057724995919,0.0393936938362498
fuzzy_3x3,partial_shading_complex_pattern_b,oscillation_p2p_w,not_applicable,50,50,0.0,0.0,0.0,0.0,0.0,0.0
fuzzy_3x3,partial_shading_complex_pattern_b,oscillation_std_w,not_applicable,50,50,0.0,0.0,0.0,0.0,0.0,0.0
fuzzy_3x3,partial_shading_complex_pattern_b,settling_time_s,not_applicable,50,0,,,,,,
fuzzy_3x3,partial_shading_complex_pattern_b,settling_rate,not_applicable,50,0,0.0,,0.0,0.07134759913335872,,
fuzzy_3x3,partial_shading_complex_pattern_b,tracking_efficiency_pct,not_applicable,50,50,67.19934524396443,7.480292465203206,65.0734696499581,69.32522083797076,70.4057724995919,3.939369383624978
fuzzy_3x3,partial_shading_complex_pattern_c,convergence_time_s,not_applicable,50,41,0.9121951219512194,0.6344505977423378,0.7119378042300492,1.1124524396723898,0.91,1.0299999999999998
fuzzy_3x3,partial_shading_complex_pattern_c,convergence_rate,not_applicable,50,41,0.82,,0.6920394632569922,0.9022980732976582,,
fuzzy_3x3,partial_shading_complex_pattern_c,energy_yield_j,not_applicable,50,50,647.0570726079563,168.00925107633918,599.3093718205955,694.8047733953172,704.8345769172903,218.3146895766996
fuzzy_3x3,partial_shading_complex_pattern_c,energy_yield_ratio,not_applicable,50,50,0.8034059705244598,0.20860545558066462,0.7441209560870651,0.8626909849618546,0.875144297619829,0.2710662358610588
fuzzy_3x3,partial_shading_complex_pattern_c,oscillation_p2p_w,not_applicable,50,50,4.575842435401641,2.96410117137997,3.7334542042309105,5.418230666572371,5.924127793747118,5.275106311105574
fuzzy_3x3,partial_shading_complex_pattern_c,oscillation_std_w,not_applicable,50,50,1.1832256540654524,0.7661636762586224,0.9654843467637559,1.400966961367149,1.662775036845514,1.537597743811371
fuzzy_3x3,partial_shading_complex_pattern_c,settling_time_s,not_applicable,50,40,0.8875,0.6199038386965912,0.6892451350849593,1.0857548649150406,0.905,1.0474999999999999
fuzzy_3x3,partial_shading_complex_pattern_c,settling_rate,not_applicable,50,40,0.8,,0.6696289406777459,0.887562499842239,,
fuzzy_3x3,partial_shading_complex_pattern_c,tracking_efficiency_pct,not_applicable,50,50,80.34059705244599,20.860545558066462,74.41209560870651,86.26909849618546,87.51442976198291,27.106623586105883
fuzzy_3x3,partial_shading_simple,convergence_time_s,not_applicable,50,0,,,,,,
fuzzy_3x3,partial_shading_simple,convergence_rate,not_applicable,50,0,0.0,,0.0,0.07134759913335872,,
fuzzy_3x3,partial_shading_simple,energy_yield_j,not_applicable,50,50,357.2128626503295,43.61292057964809,344.8182077788917,369.6075175217673,376.76125725756515,18.059738387221387
fuzzy_3x3,partial_shading_simple,energy_yield_ratio,not_applicable,50,50,0.8651809691225222,0.10563188742254187,0.8351607189163952,0.8952012193286492,0.9125278055874604,0.04374126352569352
fuzzy_3x3,partial_shading_simple,oscillation_p2p_w,not_applicable,50,50,0.0,0.0,0.0,0.0,0.0,0.0
fuzzy_3x3,partial_shading_simple,oscillation_std_w,not_applicable,50,50,0.0,0.0,0.0,0.0,0.0,0.0
fuzzy_3x3,partial_shading_simple,settling_time_s,not_applicable,50,0,,,,,,
fuzzy_3x3,partial_shading_simple,settling_rate,not_applicable,50,0,0.0,,0.0,0.07134759913335872,,
fuzzy_3x3,partial_shading_simple,tracking_efficiency_pct,not_applicable,50,50,86.51809691225222,10.563188742254187,83.51607189163953,89.52012193286491,91.25278055874604,4.374126352569348
fuzzy_3x3,rapid_double_step,convergence_time_s,not_applicable,50,50,0.05886000000000001,0.060530650019942255,0.041657379625819405,0.07606262037418061,0.035,0.081
fuzzy_3x3,rapid_double_step,convergence_rate,not_applicable,50,50,1.0,,0.9286524008666414,1.0,,
fuzzy_3x3,rapid_double_step,energy_yield_j,not_applicable,50,50,507.6972124954229,7.46584592614353,505.5754425623847,509.8189824284611,511.83733562100684,5.734668494559855
fuzzy_3x3,rapid_double_step,energy_yield_ratio,not_applicable,50,50,0.9292135931542533,0.013664375829186599,0.9253302205163884,0.9330969657921183,0.9367910597838528,0.010495885709489672
fuzzy_3x3,rapid_double_step,oscillation_p2p_w,not_applicable,50,50,238.71791202339915,0.0007365293396694248,238.7177027040771,238.7181213427212,238.718123309595,0.0013955606013666966
fuzzy_3x3,rapid_double_step,oscillation_std_w,not_applicable,50,50,112.01461088646602,0.5515642805522595,111.85785805253524,112.1713637203968,111.7939879106712,0.7405410127415024
fuzzy_3x3,rapid_double_step,settling_time_s,not_applicable,50,50,0.05886000000000001,0.060530650019942255,0.041657379625819405,0.07606262037418061,0.035,0.081
fuzzy_3x3,rapid_double_step,settling_rate,not_applicable,50,50,1.0,,0.9286524008666414,1.0,,
fuzzy_3x3,rapid_double_step,tracking_efficiency_pct,not_applicable,50,50,92.9213593154253,1.366437582918661,92.53302205163881,93.3096965792118,93.67910597838528,1.0495885709489698
fuzzy_3x3,rapid_fluctuation_cloud_passage,convergence_time_s,not_applicable,50,50,0.07388,0.07588784420418848,0.05231291333515302,0.09544708666484698,0.049,0.10875
fuzzy_3x3,rapid_fluctuation_cloud_passage,convergence_rate,not_applicable,50,50,1.0,,0.9286524008666414,1.0,,
fuzzy_3x3,rapid_fluctuation_cloud_passage,energy_yield_j,not_applicable,50,50,813.1202642749466,8.367065663590573,810.7423705267518,815.4981580231415,817.701492280085,6.725758847655811
fuzzy_3x3,rapid_fluctuation_cloud_passage,energy_yield_ratio,not_applicable,50,50,0.9296488558561466,0.009566153203629973,0.9269301852000562,0.9323675265122371,0.9348866214862905,0.0076896300488376035
fuzzy_3x3,rapid_fluctuation_cloud_passage,oscillation_p2p_w,not_applicable,50,50,144.2336578457279,8.389781337998022,141.84930837430448,146.6180073171513,146.10676299645155,14.133630854393118
fuzzy_3x3,rapid_fluctuation_cloud_passage,oscillation_std_w,not_applicable,50,50,32.057713179288314,1.5994133740994692,31.60316492832858,32.512261430248046,32.38782257540561,2.833358958710054
fuzzy_3x3,rapid_fluctuation_cloud_passage,settling_time_s,not_applicable,50,50,0.12058000000000002,0.10809483553522692,0.08985978768591837,0.15130021231408167,0.09,0.1825
fuzzy_3x3,rapid_fluctuation_cloud_passage,settling_rate,not_applicable,50,50,1.0,,0.9286524008666414,1.0,,
fuzzy_3x3,rapid_fluctuation_cloud_passage,tracking_efficiency_pct,not_applicable,50,50,92.96488558561467,0.9566153203629949,92.69301852000562,93.23675265122371,93.48866214862906,0.7689630048837728
fuzzy_3x3,sensor_noise_robustness,convergence_time_s,not_applicable,50,50,0.03738,0.03635757226802265,0.02704729230154355,0.04771270769845644,0.0295,0.0475
fuzzy_3x3,sensor_noise_robustness,convergence_rate,not_applicable,50,50,1.0,,0.9286524008666414,1.0,,
fuzzy_3x3,sensor_noise_robustness,energy_yield_j,not_applicable,50,50,487.286224954727,5.025696525122452,485.85793780748776,488.71451210196625,489.37048203350514,2.8053874510181913
fuzzy_3x3,sensor_noise_robustness,energy_yield_ratio,not_applicable,50,50,0.9752356101254388,0.010058232648457207,0.9723770920386581,0.9780941282122195,0.9794069608014594,0.0056145928251638555
fuzzy_3x3,sensor_noise_robustness,oscillation_p2p_w,not_applicable,50,50,0.0,0.0,0.0,0.0,0.0,0.0
fuzzy_3x3,sensor_noise_robustness,oscillation_std_w,not_applicable,50,50,0.0,0.0,0.0,0.0,0.0,0.0
fuzzy_3x3,sensor_noise_robustness,settling_time_s,not_applicable,50,0,,,,,,
fuzzy_3x3,sensor_noise_robustness,settling_rate,not_applicable,50,0,0.0,,0.0,0.07134759913335872,,
fuzzy_3x3,sensor_noise_robustness,tracking_efficiency_pct,not_applicable,50,50,97.52356101254387,1.00582326484572,97.23770920386579,97.80941282122194,97.94069608014595,0.5614592825163811
fuzzy_3x3,steady_state,convergence_time_s,not_applicable,50,50,0.05886000000000001,0.060530650019942255,0.041657379625819405,0.07606262037418061,0.035,0.081
fuzzy_3x3,steady_state,convergence_rate,not_applicable,50,50,1.0,,0.9286524008666414,1.0,,
fuzzy_3x3,steady_state,energy_yield_j,not_applicable,50,50,494.69661151951414,7.465239355238073,492.5750139720197,496.8182090670086,498.83697858042626,5.734025724353728
fuzzy_3x3,steady_state,energy_yield_ratio,not_applicable,50,50,0.9900664682385465,0.014940638344567284,0.9858203858074998,0.9943125506695932,0.9983528370912,0.011475855030140925
fuzzy_3x3,steady_state,oscillation_p2p_w,not_applicable,50,50,4.486923092683312,0.945388129383718,4.218246759442436,4.755599425924188,4.766157621439632,0.2543378833929921
fuzzy_3x3,steady_state,oscillation_std_w,not_applicable,50,50,0.26899989397647667,0.06822564271159949,0.24961038087913742,0.2883894070738159,0.30145786183351475,0.0701395476642932
fuzzy_3x3,steady_state,settling_time_s,not_applicable,50,50,0.05886000000000001,0.060530650019942255,0.041657379625819405,0.07606262037418061,0.035,0.081
fuzzy_3x3,steady_state,settling_rate,not_applicable,50,50,1.0,,0.9286524008666414,1.0,,
fuzzy_3x3,steady_state,tracking_efficiency_pct,not_applicable,50,50,99.00664682385467,1.494063834456729,98.58203858075,99.43125506695934,99.83528370912,1.1475855030140991
fuzzy_3x3,step_change_irradiance,convergence_time_s,not_applicable,50,50,0.05886000000000001,0.060530650019942255,0.041657379625819405,0.07606262037418061,0.035,0.081
fuzzy_3x3,step_change_irradiance,convergence_rate,not_applicable,50,50,1.0,,0.9286524008666414,1.0,,
fuzzy_3x3,step_change_irradiance,energy_yield_j,not_applicable,50,50,1039.023234729572,7.466199213489166,1036.9013643933813,1041.145105065763,1043.1632067678465,5.735043503066436
fuzzy_3x3,step_change_irradiance,energy_yield_ratio,not_applicable,50,50,0.9904651058464932,0.0071172708627485455,0.988442399850246,0.9924878118427404,0.9944115987698763,0.005467019678128127
fuzzy_3x3,step_change_irradiance,oscillation_p2p_w,not_applicable,50,50,149.82854232654833,0.006622444365080501,149.82666024868655,149.8304244044101,149.83044238436068,0.012547698324908652
fuzzy_3x3,step_change_irradiance,oscillation_std_w,not_applicable,50,50,50.49007015442265,0.09700185330866402,50.46250253277128,50.51763777607401,50.44975171717724,0.13112332467051857
fuzzy_3x3,step_change_irradiance,settling_time_s,not_applicable,50,50,0.05886000000000001,0.060530650019942255,0.041657379625819405,0.07606262037418061,0.035,0.081
fuzzy_3x3,step_change_irradiance,settling_rate,not_applicable,50,50,1.0,,0.9286524008666414,1.0,,
fuzzy_3x3,step_change_irradiance,tracking_efficiency_pct,not_applicable,50,50,99.04651058464931,0.7117270862748561,98.84423998502459,99.24878118427404,99.44115987698763,0.5467019678128082
fuzzy_3x3,temperature_step,convergence_time_s,not_applicable,50,50,0.05886000000000001,0.060530650019942255,0.041657379625819405,0.07606262037418061,0.035,0.081
fuzzy_3x3,temperature_step,convergence_rate,not_applicable,50,50,1.0,,0.9286524008666414,1.0,,
fuzzy_3x3,temperature_step,energy_yield_j,not_applicable,50,50,1288.8982491960048,7.46532093670259,1286.7766284633146,1291.019869928695,1293.0385815572022,5.734112396076171
fuzzy_3x3,temperature_step,energy_yield_ratio,not_applicable,50,50,0.9960629600797946,0.005769213880766806,0.9944233676383523,0.9977025525212369,0.9992626166158949,0.004431332706230862
fuzzy_3x3,temperature_step,oscillation_p2p_w,not_applicable,50,50,28.068854686831074,9.028928531694857e-07,28.068854430231763,28.068854943430384,28.068854944184523,6.173859858904507e-07
fuzzy_3x3,temperature_step,oscillation_std_w,not_applicable,50,50,11.007711634122426,0.024302682033161046,11.000804888317562,11.01461837992729,11.001973418735197,0.0342930825971699
fuzzy_3x3,temperature_step,settling_time_s,not_applicable,50,50,0.05886000000000001,0.060530650019942255,0.041657379625819405,0.07606262037418061,0.035,0.081
fuzzy_3x3,temperature_step,settling_rate,not_applicable,50,50,1.0,,0.9286524008666414,1.0,,
fuzzy_3x3,temperature_step,tracking_efficiency_pct,not_applicable,50,50,99.60629600797944,0.5769213880766826,99.44233676383521,99.77025525212366,99.92626166158948,0.44313327062307906
fuzzy_5x5,multi_level_irradiance,convergence_time_s,not_applicable,50,50,2.006,0.0,2.006,2.006,2.006,0.0
fuzzy_5x5,multi_level_irradiance,convergence_rate,not_applicable,50,50,1.0,,0.9286524008666414,1.0,,
fuzzy_5x5,multi_level_irradiance,energy_yield_j,not_applicable,50,50,719.0445835195501,0.5722532671607168,718.8819509406895,719.2072160984106,719.1517090623896,0.8107704196314671
fuzzy_5x5,multi_level_irradiance,energy_yield_ratio,not_applicable,50,50,0.9649968338808474,0.0007679949249948514,0.964778572138414,0.9652150956232809,0.9651406021700988,0.00108809788138442
fuzzy_5x5,multi_level_irradiance,oscillation_p2p_w,not_applicable,50,50,102.38901636240132,0.015524503296313743,102.38460434738717,102.39342837741547,102.40104805438588,0.031662347327824136
fuzzy_5x5,multi_level_irradiance,oscillation_std_w,not_applicable,50,50,40.822352584050336,1.545071479656013e-05,40.82234819300578,40.82235697509489,40.82236455855527,3.151185509864263e-05
fuzzy_5x5,multi_level_irradiance,settling_time_s,not_applicable,50,50,2.006,0.0,2.006,2.006,2.006,0.0
fuzzy_5x5,multi_level_irradiance,settling_rate,not_applicable,50,50,1.0,,0.9286524008666414,1.0,,
fuzzy_5x5,multi_level_irradiance,tracking_efficiency_pct,not_applicable,50,50,96.49968338808478,0.07679949249948702,96.47785721384143,96.52150956232812,96.51406021700987,0.10880978813844422
fuzzy_5x5,partial_shading_complex_pattern_a,convergence_time_s,not_applicable,50,0,,,,,,
fuzzy_5x5,partial_shading_complex_pattern_a,convergence_rate,not_applicable,50,0,0.0,,0.0,0.07134759913335872,,
fuzzy_5x5,partial_shading_complex_pattern_a,energy_yield_j,not_applicable,50,50,482.89084362683053,174.06649648371715,433.4216927439885,532.3599945096726,351.76909696246486,351.671540727955
fuzzy_5x5,partial_shading_complex_pattern_a,energy_yield_ratio,not_applicable,50,50,0.5370619142474135,0.19359341151668003,0.4820432755219616,0.5920805529728653,0.39123082800414566,0.3911223278353308
fuzzy_5x5,partial_shading_complex_pattern_a,oscillation_p2p_w,not_applicable,50,50,0.0,0.0,0.0,0.0,0.0,0.0
fuzzy_5x5,partial_shading_complex_pattern_a,oscillation_std_w,not_applicable,50,50,0.0,0.0,0.0,0.0,0.0,0.0
fuzzy_5x5,partial_shading_complex_pattern_a,settling_time_s,not_applicable,50,0,,,,,,
fuzzy_5x5,partial_shading_complex_pattern_a,settling_rate,not_applicable,50,0,0.0,,0.0,0.07134759913335872,,
fuzzy_5x5,partial_shading_complex_pattern_a,tracking_efficiency_pct,not_applicable,50,50,53.706191424741334,19.359341151668,48.20432755219615,59.20805529728652,39.123082800414565,39.112232783533074
fuzzy_5x5,partial_shading_complex_pattern_b,convergence_time_s,not_applicable,50,0,,,,,,
fuzzy_5x5,partial_shading_complex_pattern_b,convergence_rate,not_applicable,50,0,0.0,,0.0,0.07134759913335872,,
fuzzy_5x5,partial_shading_complex_pattern_b,energy_yield_j,not_applicable,50,50,346.7261110783392,8.578765622956311,344.2880528674631,349.16416928921535,350.50067854859424,4.355725482288676
fuzzy_5x5,partial_shading_complex_pattern_b,energy_yield_ratio,not_applicable,50,50,0.7130072986577298,0.017641366794149124,0.7079936776947724,0.7180209196206873,0.720769316197158,0.008957110412488145
fuzzy_5x5,partial_shading_complex_pattern_b,oscillation_p2p_w,not_applicable,50,50,0.0,0.0,0.0,0.0,0.0,0.0
fuzzy_5x5,partial_shading_complex_pattern_b,oscillation_std_w,not_applicable,50,50,0.0,0.0,0.0,0.0,0.0,0.0
fuzzy_5x5,partial_shading_complex_pattern_b,settling_time_s,not_applicable,50,0,,,,,,
fuzzy_5x5,partial_shading_complex_pattern_b,settling_rate,not_applicable,50,0,0.0,,0.0,0.07134759913335872,,
fuzzy_5x5,partial_shading_complex_pattern_b,tracking_efficiency_pct,not_applicable,50,50,71.300729865773,1.7641366794149123,70.79936776947724,71.80209196206874,72.07693161971581,0.8957110412488021
fuzzy_5x5,partial_shading_complex_pattern_c,convergence_time_s,not_applicable,50,50,0.12720000000000004,0.08953485240909469,0.10175447652148949,0.15264552347851057,0.125,0.13
fuzzy_5x5,partial_shading_complex_pattern_c,convergence_rate,not_applicable,50,50,1.0,,0.9286524008666414,1.0,,
fuzzy_5x5,partial_shading_complex_pattern_c,energy_yield_j,not_applicable,50,50,786.8674679600657,19.751730646729456,781.254088227041,792.4808476930904,793.4038742986386,25.662986133439517
fuzzy_5x5,partial_shading_complex_pattern_c,energy_yield_ratio,not_applicable,50,50,0.9769988591927611,0.024524356508174687,0.970029114199238,0.9839686041862842,0.9851146624201607,0.03186395320275526
fuzzy_5x5,partial_shading_complex_pattern_c,oscillation_p2p_w,not_applicable,50,50,5.605294850234187,1.7556786150498633,5.106336509231412,6.104253191236961,5.794661249100727,1.8343500214813417
fuzzy_5x5,partial_shading_complex_pattern_c,oscillation_std_w,not_applicable,50,50,0.4925273538655943,0.15671774891064025,0.44798866248333263,0.537066045247856,0.5082895092199564,0.16040078385501316
fuzzy_5x5,partial_shading_complex_pattern_c,settling_time_s,not_applicable,50,50,0.12760000000000002,0.08899805088441258,0.10230703382662902,0.152892966173371,0.125,0.13
fuzzy_5x5,partial_shading_complex_pattern_c,settling_rate,not_applicable,50,50,1.0,,0.9286524008666414,1.0,,
fuzzy_5x5,partial_shading_complex_pattern_c,tracking_efficiency_pct,not_applicable,50,50,97.69988591927611,2.45243565081747,97.00291141992379,98.39686041862844,98.51146624201607,3.1863953202755226
fuzzy_5x5,partial_shading_simple,convergence_time_s,not_applicable,50,0,,,,,,
fuzzy_5x5,partial_shading_simple,convergence_rate,not_applicable,50,0,0.0,,0.0,0.07134759913335872,,
fuzzy_5x5,partial_shading_simple,energy_yield_j,not_applicable,50,50,382.1322906196239,5.0659190533227925,380.6925723563651,383.57200888288276,384.34679886299455,2.7805103981395973
fuzzy_5x5,partial_shading_simple,energy_yield_ratio,not_applicable,50,50,0.9255366200374712,0.012269817843430952,0.9220495763934438,0.9290236636814986,0.9309002297740132,0.006734485043649152
fuzzy_5x5,partial_shading_simple,oscillation_p2p_w,not_applicable,50,50,0.0,0.0,0.0,0.0,0.0,0.0
fuzzy_5x5,partial_shading_simple,oscillation_std_w,not_applicable,50,50,0.0,0.0,0.0,0.0,0.0,0.0
fuzzy_5x5,partial_shading_simple,settling_time_s,not_applicable,50,0,,,,,,
fuzzy_5x5,partial_shading_simple,settling_rate,not_applicable,50,0,0.0,,0.0,0.07134759913335872,,
fuzzy_5x5,partial_shading_simple,tracking_efficiency_pct,not_applicable,50,50,92.55366200374714,1.226981784343094,92.20495763934439,92.90236636814988,93.0900229774013,0.6734485043648988
fuzzy_5x5,rapid_double_step,convergence_time_s,not_applicable,50,50,0.00762,0.006104163851546796,0.005885215830238728,0.009354784169761272,0.006,0.00675
fuzzy_5x5,rapid_double_step,convergence_rate,not_applicable,50,50,1.0,,0.9286524008666414,1.0,,
fuzzy_5x5,rapid_double_step,energy_yield_j,not_applicable,50,50,522.6576684400533,0.8428057448285255,522.4181456978939,522.8971911822126,523.0319342147435,0.6624874104622904
fuzzy_5x5,rapid_double_step,energy_yield_ratio,not_applicable,50,50,0.9565949903362622,0.001542546492689727,0.9561566034741596,0.9570333771983647,0.9572799908380084,0.0012125185877414069
fuzzy_5x5,rapid_double_step,oscillation_p2p_w,not_applicable,50,50,238.71747740870214,7.892044640422261e-08,238.7174773862732,238.71747743113107,238.7174774019433,8.914338422982837e-08
fuzzy_5x5,rapid_double_step,oscillation_std_w,not_applicable,50,50,106.39665123244005,0.05387985759370728,106.38133874635747,106.41196371852263,106.3820463760435,0.060232680032100916
fuzzy_5x5,rapid_double_step,settling_time_s,not_applicable,50,50,0.00762,0.006104163851546796,0.005885215830238728,0.009354784169761272,0.006,0.00675
fuzzy_5x5,rapid_double_step,settling_rate,not_applicable,50,50,1.0,,0.9286524008666414,1.0,,
fuzzy_5x5,rapid_double_step,tracking_efficiency_pct,not_applicable,50,50,95.65949903362622,0.15425464926897073,95.61566034741597,95.70333771983647,95.72799908380084,0.12125185877414424
fuzzy_5x5,rapid_fluctuation_cloud_passage,convergence_time_s,not_applicable,50,50,0.0077,0.006158617655657106,0.005949740230361128,0.009450259769638873,0.006,0.007499999999999999
fuzzy_5x5,rapid_fluctuation_cloud_passage,convergence_rate,not_applicable,50,50,1.0,,0.9286524008666414,1.0,,
fuzzy_5x5,rapid_fluctuation_cloud_passage,energy_yield_j,not_applicable,50,50,820.8471249729032,0.8452914284028389,820.6068958072892,821.0873541385172,821.2008315502022,0.7670267162066011
fuzzy_5x5,rapid_fluctuation_cloud_passage,energy_yield_ratio,not_applicable,50,50,0.9384830560634441,0.0009664304824335378,0.9382083995596421,0.938757712567246,0.938887452472366,0.0008769496229052987
fuzzy_5x5,rapid_fluctuation_cloud_passage,oscillation_p2p_w,not_applicable,50,50,152.88123536128586,0.8487367168291187,152.64002705553614,153.12244366703558,153.09696471950997,0.7455516383837733
fuzzy_5x5,rapid_fluctuation_cloud_passage,oscillation_std_w,not_applicable,50,50,34.03220436940858,0.19986150715499643,33.97540435761511,34.08900438120205,34.099384607362666,0.1896651473696167
fuzzy_5x5,rapid_fluctuation_cloud_passage,settling_time_s,not_applicable,50,50,0.01168,0.01134152565053012,0.008456774077829611,0.014903225922170388,0.0075,0.010499999999999999
fuzzy_5x5,rapid_fluctuation_cloud_passage,settling_rate,not_applicable,50,50,1.0,,0.9286524008666414,1.0,,
fuzzy_5x5,rapid_fluctuation_cloud_passage,tracking_efficiency_pct,not_applicable,50,50,93.84830560634438,0.09664304824335375,93.82083995596417,93.87577125672459,93.8887452472366,0.0876949622905272
fuzzy_5x5,sensor_noise_robustness,convergence_time_s,not_applicable,50,50,0.01008,0.007450078755918473,0.007962711047153967,0.012197288952846034,0.009,0.011
fuzzy_5x5,sensor_noise_robustness,convergence_rate,not_applicable,50,50,1.0,,0.9286524008666414,1.0,,
fuzzy_5x5,sensor_noise_robustness,energy_yield_j,not_applicable,50,50,489.67554390926495,0.927929431571134,489.4118292830369,489.93925853549297,490.00524181968467,0.7895185666124007
fuzzy_5x5,sensor_noise_robustness,energy_yield_ratio,not_applicable,50,50,0.9800174997194437,0.001857121705904377,0.9794897115710463,0.9805452878678412,0.9806773442345544,0.00158011160912086
fuzzy_5x5,sensor_noise_robustness,oscillation_p2p_w,not_applicable,50,50,0.0,0.0,0.0,0.0,0.0,0.0
fuzzy_5x5,sensor_noise_robustness,oscillation_std_w,not_applicable,50,50,0.0,0.0,0.0,0.0,0.0,0.0
fuzzy_5x5,sensor_noise_robustness,settling_time_s,not_applicable,50,0,,,,,,
fuzzy_5x5,sensor_noise_robustness,settling_rate,not_applicable,50,0,0.0,,0.0,0.07134759913335872,,
fuzzy_5x5,sensor_noise_robustness,tracking_efficiency_pct,not_applicable,50,50,98.00174997194439,0.18571217059043868,97.94897115710464,98.05452878678415,98.06773442345545,0.1580111609120678
fuzzy_5x5,steady_state,convergence_time_s,not_applicable,50,50,0.00762,0.006104163851546796,0.005885215830238728,0.009354784169761272,0.006,0.00675
fuzzy_5x5,steady_state,convergence_rate,not_applicable,50,50,1.0,,0.9286524008666414,1.0,,
fuzzy_5x5,steady_state,energy_yield_j,not_applicable,50,50,499.0457806125537,0.8428057448129355,498.8062578703988,499.2853033547086,499.42004638608,0.6624874063587072
fuzzy_5x5,steady_state,energy_yield_ratio,not_applicable,50,50,0.9987707253194508,0.0016867584853978172,0.9982913538625497,0.9992500967763518,0.9995197662143126,0.0013258764086767627
fuzzy_5x5,steady_state,oscillation_p2p_w,not_applicable,50,50,2.9569980295131324,1.1384882822134137,2.6334432401144072,3.2805528189118576,3.0299674624671553,1.5738807072658072
fuzzy_5x5,steady_state,oscillation_std_w,not_applicable,50,50,0.07400580804394048,0.02927625174109797,0.06568558936934954,0.08232602671853143,0.07622031568480014,0.042510003875160476
fuzzy_5x5,steady_state,settling_time_s,not_applicable,50,50,0.00762,0.006104163851546796,0.005885215830238728,0.009354784169761272,0.006,0.00675
fuzzy_5x5,steady_state,settling_rate,not_applicable,50,50,1.0,,0.9286524008666414,1.0,,
fuzzy_5x5,steady_state,tracking_efficiency_pct,not_applicable,50,50,99.87707253194507,0.16867584853978151,99.82913538625498,99.92500967763517,99.95197662143126,0.13258764086768338
fuzzy_5x5,step_change_irradiance,convergence_time_s,not_applicable,50,50,0.00762,0.006104163851546796,0.005885215830238728,0.009354784169761272,0.006,0.00675
fuzzy_5x5,step_change_irradiance,convergence_rate,not_applicable,50,50,1.0,,0.9286524008666414,1.0,,
fuzzy_5x5,step_change_irradiance,energy_yield_j,not_applicable,50,50,1047.8878429280687,0.8428057447328341,1047.6483201859367,1048.1273656702008,1048.2621087036719,0.6624874114731938
fuzzy_5x5,step_change_irradiance,energy_yield_ratio,not_applicable,50,50,0.9989154318874662,0.0008034177227827995,0.9986871030973018,0.9991437606776307,0.9992722065760938,0.0006315264588837577
fuzzy_5x5,step_change_irradiance,oscillation_p2p_w,not_applicable,50,50,149.8246245164457,7.095850136247883e-07,149.82462431478388,149.82462471810754,149.82462445567586,8.015014145712485e-07
fuzzy_5x5,step_change_irradiance,oscillation_std_w,not_applicable,50,50,49.11007542797804,0.010010007744885616,49.107230615257194,49.112920240698884,49.10721725676117,0.011510922879097052
fuzzy_5x5,step_change_irradiance,settling_time_s,not_applicable,50,50,0.00762,0.006104163851546796,0.005885215830238728,0.009354784169761272,0.006,0.00675
fuzzy_5x5,step_change_irradiance,settling_rate,not_applicable,50,50,1.0,,0.9286524008666414,1.0,,
fuzzy_5x5,step_change_irradiance,tracking_efficiency_pct,not_applicable,50,50,99.8915431887466,0.08034177227827796,99.86871030973015,99.91437606776304,99.92722065760938,0.06315264588837977
fuzzy_5x5,temperature_step,convergence_time_s,not_applicable,50,50,0.00762,0.006104163851546796,0.005885215830238728,0.009354784169761272,0.006,0.00675
fuzzy_5x5,temperature_step,convergence_rate,not_applicable,50,50,1.0,,0.9286524008666414,1.0,,
fuzzy_5x5,temperature_step,energy_yield_j,not_applicable,50,50,1293.3465546375921,0.84280574434511,1293.1070318955701,1293.5860773796142,1293.720820410896,0.6624874038855069
fuzzy_5x5,temperature_step,energy_yield_ratio,not_applicable,50,50,0.9995006187842347,0.0006513218440697765,0.9993155151644776,0.9996857224039918,0.9997898520687443,0.0005119714957650956
fuzzy_5x5,temperature_step,oscillation_p2p_w,not_applicable,50,50,37.96532890488232,8.364772786455955e-07,37.965328667158104,37.965329142606535,37.965328993561855,9.292428302387634e-07
fuzzy_5x5,temperature_step,oscillation_std_w,not_applicable,50,50,10.991264857905671,0.0021595725699153807,10.990651114172893,10.991878601638449,10.990929998864729,0.0024871784513464945
fuzzy_5x5,temperature_step,settling_time_s,not_applicable,50,50,0.00762,0.006104163851546796,0.005885215830238728,0.009354784169761272,0.006,0.00675
fuzzy_5x5,temperature_step,settling_rate,not_applicable,50,50,1.0,,0.9286524008666414,1.0,,
fuzzy_5x5,temperature_step,tracking_efficiency_pct,not_applicable,50,50,99.95006187842347,0.06513218440697785,99.93155151644775,99.96857224039918,99.97898520687443,0.05119714957649535
fuzzy_logic,_computational_burden,mean_step_time_s,not_applicable,1,1,0.0002467539999925,0.0,,,0.0002467539999925,0.0
fuzzy_logic,_computational_burden,relative_burden,not_applicable,1,1,101.2573350499446,0.0,,,101.2573350499446,0.0
fuzzy_logic,multi_level_irradiance,convergence_time_s,not_applicable,50,50,2.006,0.0,2.006,2.006,2.006,0.0
fuzzy_logic,multi_level_irradiance,convergence_rate,not_applicable,50,50,1.0,,0.9286524008666414,1.0,,
fuzzy_logic,multi_level_irradiance,energy_yield_j,not_applicable,50,50,719.0348681173989,0.5992770424057273,718.8645554666001,719.2051807681977,719.1471986871233,0.8495966224181757
fuzzy_logic,multi_level_irradiance,energy_yield_ratio,not_applicable,50,50,0.9649837952841729,0.0008042622972116055,0.9647552264686119,0.9652123640997339,0.965134549001837,0.00114020475155574
fuzzy_logic,multi_level_irradiance,oscillation_p2p_w,not_applicable,50,50,102.53939836033946,0.011905289185304067,102.53601491459368,102.54278180608524,102.5478573886352,0.024879494987416706
fuzzy_logic,multi_level_irradiance,oscillation_std_w,not_applicable,50,50,40.82225805113696,1.2075942533005501e-05,40.82225461919207,40.82226148308185,40.82226663141905,2.523612379690121e-05
fuzzy_logic,multi_level_irradiance,settling_time_s,not_applicable,50,50,2.006,0.0,2.006,2.006,2.006,0.0
fuzzy_logic,multi_level_irradiance,settling_rate,not_applicable,50,50,1.0,,0.9286524008666414,1.0,,
fuzzy_logic,multi_level_irradiance,tracking_efficiency_pct,not_applicable,50,50,96.49837952841727,0.08042622972116047,96.47552264686117,96.52123640997338,96.51345490018372,0.1140204751555558
fuzzy_logic,partial_shading_complex_pattern_a,convergence_time_s,not_applicable,50,0,,,,,,
fuzzy_logic,partial_shading_complex_pattern_a,convergence_rate,not_applicable,50,0,0.0,,0.0,0.07134759913335872,,
fuzzy_logic,partial_shading_complex_pattern_a,energy_yield_j,not_applicable,50,50,482.5645903478962,173.98645233804734,433.1181877595245,532.0109929362679,351.7596496225988,351.25960745171443
fuzzy_logic,partial_shading_complex_pattern_a,energy_yield_ratio,not_applicable,50,50,0.5366990616217602,0.1935043879564592,0.48170572311215487,0.5916924001313655,0.39122032085434155,0.39066418356359783
fuzzy_logic,partial_shading_complex_pattern_a,oscillation_p2p_w,not_applicable,50,50,0.0,0.0,0.0,0.0,0.0,0.0
fuzzy_logic,partial_shading_complex_pattern_a,oscillation_std_w,not_applicable,50,50,0.0,0.0,0.0,0.0,0.0,0.0
fuzzy_logic,partial_shading_complex_pattern_a,settling_time_s,not_applicable,50,0,,,,,,
fuzzy_logic,partial_shading_complex_pattern_a,settling_rate,not_applicable,50,0,0.0,,0.0,0.07134759913335872,,
fuzzy_logic,partial_shading_complex_pattern_a,tracking_efficiency_pct,not_applicable,50,50,53.66990616217601,19.350438795645914,48.17057231121548,59.169240013136545,39.12203208543416,39.06641835635979
fuzzy_logic,partial_shading_complex_pattern_b,convergence_time_s,not_applicable,50,0,,,,,,
fuzzy_logic,partial_shading_complex_pattern_b,convergence_rate,not_applicable,50,0,0.0,,0.0,0.07134759913335872,,
fuzzy_logic,partial_shading_complex_pattern_b,energy_yield_j,not_applicable,50,50,346.56875467458417,8.6554012708388,344.1089168535896,349.0285924955787,350.44990743523886,4.632070748052968
fuzzy_logic,partial_shading_complex_pattern_b,energy_yield_ratio,not_applicable,50,50,0.7126837110743807,0.01779896027941518,0.7076253025385228,0.7177421196102385,0.7206649105200927,0.00952538659689961
fuzzy_logic,partial_shading_complex_pattern_b,oscillation_p2p_w,not_applicable,50,50,0.0,0.0,0.0,0.0,0.0,0.0
fuzzy_logic,partial_shading_complex_pattern_b,oscillation_std_w,not_applicable,50,50,0.0,0.0,0.0,0.0,0.0,0.0
fuzzy_logic,partial_shading_complex_pattern_b,settling_time_s,not_applicable,50,0,,,,,,
fuzzy_logic,partial_shading_complex_pattern_b,settling_rate,not_applicable,50,0,0.0,,0.0,0.07134759913335872,,
fuzzy_logic,partial_shading_complex_pattern_b,tracking_efficiency_pct,not_applicable,50,50,71.26837110743809,1.7798960279415188,70.7625302538523,71.77421196102387,72.06649105200927,0.9525386596899494
fuzzy_logic,partial_shading_complex_pattern_c,convergence_time_s,not_applicable,50,50,0.13620000000000002,0.09614805759656217,0.10887502440493224,0.1635249755950678,0.135,0.14750000000000002
fuzzy_logic,partial_shading_complex_pattern_c,convergence_rate,not_applicable,50,50,1.0,,0.9286524008666414,1.0,,
fuzzy_logic,partial_shading_complex_pattern_c,energy_yield_j,not_applicable,50,50,785.5952053880834,21.136465257700614,779.5882884334416,791.6021223427252,792.613089885733,27.41046664636451
fuzzy_logic,partial_shading_complex_pattern_c,energy_yield_ratio,not_applicable,50,50,0.9754191788373859,0.026243685607788978,0.967960805920832,0.9828775517539399,0.9841328001616036,0.034033678775494014
fuzzy_logic,partial_shading_complex_pattern_c,oscillation_p2p_w,not_applicable,50,50,5.974737420488961,1.7748984650965942,5.4703168585469815,6.479157982430941,6.264910423776541,1.9484956584186781
fuzzy_logic,partial_shading_complex_pattern_c,oscillation_std_w,not_applicable,50,50,0.5386785602855585,0.1631822428603957,0.4923026800528187,0.5850544405182982,0.5668924967228339,0.1654030062868007
fuzzy_logic,partial_shading_complex_pattern_c,settling_time_s,not_applicable,50,50,0.1366,0.09560996447087745,0.1094279487790148,0.1637720512209852,0.135,0.14750000000000002
fuzzy_logic,partial_shading_complex_pattern_c,settling_rate,not_applicable,50,50,1.0,,0.9286524008666414,1.0,,
fuzzy_logic,partial_shading_complex_pattern_c,tracking_efficiency_pct,not_applicable,50,50,97.54191788373859,2.6243685607788976,96.7960805920832,98.28775517539398,98.41328001616037,3.403367877549414
fuzzy_logic,partial_shading_simple,convergence_time_s,not_applicable,50,0,,,,,,
fuzzy_logic,partial_shading_simple,convergence_rate,not_applicable,50,0,0.0,,0.0,0.07134759913335872,,
fuzzy_logic,partial_shading_simple,energy_yield_j,not_applicable,50,50,381.9117650580979,5.413812098179937,380.3731766855717,383.4503534306241,384.3467510311068,3.0584068210657165
fuzzy_logic,partial_shading_simple,energy_yield_ratio,not_applicable,50,50,0.9250025000799149,0.013112425916016324,0.921275989871558,0.9287290102882718,0.9309001139236524,0.007407559060970348
fuzzy_logic,partial_shading_simple,oscillation_p2p_w,not_applicable,50,50,0.0,0.0,0.0,0.0,0.0,0.0
fuzzy_logic,partial_shading_simple,oscillation_std_w,not_applicable,50,50,0.0,0.0,0.0,0.0,0.0,0.0
fuzzy_logic,partial_shading_simple,settling_time_s,not_applicable,50,0,,,,,,
fuzzy_logic,partial_shading_simple,settling_rate,not_applicable,50,0,0.0,,0.0,0.07134759913335872,,
fuzzy_logic,partial_shading_simple,tracking_efficiency_pct,not_applicable,50,50,92.50025000799151,1.311242591601632,92.12759898715582,92.8729010288272,93.09001139236526,0.7407559060970357
fuzzy_logic,rapid_double_step,convergence_time_s,not_applicable,50,50,0.008,0.006586938219084859,0.006128012873250718,0.009871987126749283,0.006,0.007749999999999999
fuzzy_logic,rapid_double_step,convergence_rate,not_applicable,50,50,1.0,,0.9286524008666414,1.0,,
fuzzy_logic,rapid_double_step,energy_yield_j,not_applicable,50,50,522.7403864978355,0.9038577123771887,522.4835129784998,522.9972600171712,523.166368890888,0.7098880910494927
fuzzy_logic,rapid_double_step,energy_yield_ratio,not_applicable,50,50,0.9567463851869701,0.0016542869488883926,0.956276242038626,0.9572165283353141,0.9575260401079084,0.0012992737552750544
fuzzy_logic,rapid_double_step,oscillation_p2p_w,not_applicable,50,50,238.71747740264368,5.1507436464575766e-08,238.71747738800542,238.71747741728194,238.71747740692004,6.273242547649716e-08
fuzzy_logic,rapid_double_step,oscillation_std_w,not_applicable,50,50,106.41937936102676,0.058124362141619104,106.40286060010011,106.4358981219534,106.40172845324042,0.06897549646629386
fuzzy_logic,rapid_double_step,settling_time_s,not_applicable,50,50,0.008,0.006586938219084859,0.006128012873250718,0.009871987126749283,0.006,0.007749999999999999
fuzzy_logic,rapid_double_step,settling_rate,not_applicable,50,50,1.0,,0.9286524008666414,1.0,,
fuzzy_logic,rapid_double_step,tracking_efficiency_pct,not_applicable,50,50,95.67463851869695,0.16542869488883935,95.62762420386254,95.72165283353137,95.75260401079083,0.1299273755274868
fuzzy_logic,rapid_fluctuation_cloud_passage,convergence_time_s,not_applicable,50,50,0.00812,0.006711671223491576,0.006212564145668364,0.010027435854331638,0.006,0.007749999999999999
fuzzy_logic,rapid_fluctuation_cloud_passage,convergence_rate,not_applicable,50,50,1.0,,0.9286524008666414,1.0,,
fuzzy_logic,rapid_fluctuation_cloud_passage,energy_yield_j,not_applicable,50,50,820.8012959820147,0.9185688825997111,820.5402415943666,821.0623503696628,821.2198187352649,0.6677410846546081
fuzzy_logic,rapid_fluctuation_cloud_passage,energy_yield_ratio,not_applicable,50,50,0.9384306593014684,0.0010502093580158777,0.9381321931047002,0.9387291254982366,0.9389091607185442,0.0007634353276276817
fuzzy_logic,rapid_fluctuation_cloud_passage,oscillation_p2p_w,not_applicable,50,50,152.65596535197142,1.0511670960319734,152.357226969071,152.95470373487183,153.06527358207632,1.3072385025565154
fuzzy_logic,rapid_fluctuation_cloud_passage,oscillation_std_w,not_applicable,50,50,33.995238698003135,0.24011190339051358,33.926999650182104,34.063477745824166,34.09122303182055,0.31642652529880877
fuzzy_logic,rapid_fluctuation_cloud_passage,settling_time_s,not_applicable,50,50,0.01386,0.013629215318721823,0.009986619868633586,0.017733380131366414,0.0085,0.017499999999999998
fuzzy_logic,rapid_fluctuation_cloud_passage,settling_rate,not_applicable,50,50,1.0,,0.9286524008666414,1.0,,
fuzzy_logic,rapid_fluctuation_cloud_passage,tracking_efficiency_pct,not_applicable,50,50,93.84306593014684,0.1050209358015875,93.81321931047002,93.87291254982365,93.89091607185443,0.07634353276276329
fuzzy_logic,sensor_noise_robustness,convergence_time_s,not_applicable,50,50,0.01058,0.00819678881872502,0.008250498395616118,0.012909501604383884,0.009,0.012
fuzzy_logic,sensor_noise_robustness,convergence_rate,not_applicable,50,50,1.0,,0.9286524008666414,1.0,,
fuzzy_logic,sensor_noise_robustness,energy_yield_j,not_applicable,50,50,488.99248253996996,1.0000039317513856,488.7082845674562,489.2766805124837,489.25155913361533,1.2214179215297918
fuzzy_logic,sensor_noise_robustness,energy_yield_ratio,not_applicable,50,50,0.978650447385265,0.002001368794285129,0.9780816646679891,0.9792192301025409,0.979168953156481,0.0024444981017714973
fuzzy_logic,sensor_noise_robustness,oscillation_p2p_w,not_applicable,50,50,0.0,0.0,0.0,0.0,0.0,0.0
fuzzy_logic,sensor_noise_robustness,oscillation_std_w,not_applicable,50,50,0.0,0.0,0.0,0.0,0.0,0.0
fuzzy_logic,sensor_noise_robustness,settling_time_s,not_applicable,50,0,,,,,,
fuzzy_logic,sensor_noise_robustness,settling_rate,not_applicable,50,0,0.0,,0.0,0.07134759913335872,,
fuzzy_logic,sensor_noise_robustness,tracking_efficiency_pct,not_applicable,50,50,97.8650447385265,0.2001368794285138,97.80816646679892,97.92192301025409,97.9168953156481,0.2444498101771586
fuzzy_logic,steady_state,convergence_time_s,not_applicable,50,50,0.008,0.006586938219084859,0.006128012873250718,0.009871987126749283,0.006,0.007749999999999999
fuzzy_logic,steady_state,convergence_rate,not_applicable,50,50,1.0,,0.9286524008666414,1.0,,
fuzzy_logic,steady_state,energy_yield_j,not_applicable,50,50,499.01030473874295,0.9038577122466948,498.75343121944434,499.26717825804155,499.4362871320838,0.7098880905139708
fuzzy_logic,steady_state,energy_yield_ratio,not_applicable,50,50,0.9986997252918103,0.0018089455074404854,0.9981856286675079,0.9992138219161126,0.9995522698087644,0.001420742285783927
fuzzy_logic,steady_state,oscillation_p2p_w,not_applicable,50,50,3.1408999460343194,1.111651083135563,2.824972204213813,3.456827687854826,3.3647216276871745,1.6225004874056665
fuzzy_logic,steady_state,oscillation_std_w,not_applicable,50,50,0.07790592816526112,0.027419966920385674,0.07011325979892802,0.08569859653159423,0.0835021713922659,0.03821148490832127
fuzzy_logic,steady_state,settling_time_s,not_applicable,50,50,0.008,0.006586938219084859,0.006128012873250718,0.009871987126749283,0.006,0.007749999999999999
fuzzy_logic,steady_state,settling_rate,not_applicable,50,50,1.0,,0.9286524008666414,1.0,,
fuzzy_logic,steady_state,tracking_efficiency_pct,not_applicable,50,50,99.86997252918103,0.18089455074404923,99.8185628667508,99.92138219161126,99.95522698087645,0.14207422857838026
fuzzy_logic,step_change_irradiance,convergence_time_s,not_applicable,50,50,0.008,0.006586938219084859,0.006128012873250718,0.009871987126749283,0.006,0.007749999999999999
fuzzy_logic,step_change_irradiance,convergence_rate,not_applicable,50,50,1.0,,0.9286524008666414,1.0,,
fuzzy_logic,step_change_irradiance,energy_yield_j,not_applicable,50,50,1047.863732369606,0.9038577122416271,1047.6068588503088,1048.1206058889031,1048.2897147632866,0.7098880829792051
fuzzy_logic,step_change_irradiance,energy_yield_ratio,not_applicable,50,50,0.99889244812152,0.0008616164631376907,0.9986475794323746,0.9991373168106654,0.9992985224830384,0.0006767118883821421
fuzzy_logic,step_change_irradiance,oscillation_p2p_w,not_applicable,50,50,149.82462446197297,4.631107983288678e-07,149.82462433035835,149.8246245935876,149.8246245004231,5.640356164349214e-07
fuzzy_logic,step_change_irradiance,oscillation_std_w,not_applicable,50,50,49.11382487547875,0.010731497217245908,49.11077501771885,49.116874733238646,49.11056527986163,0.01302583059931095
fuzzy_logic,step_change_irradiance,settling_time_s,not_applicable,50,50,0.008,0.006586938219084859,0.006128012873250718,0.009871987126749283,0.006,0.007749999999999999
fuzzy_logic,step_change_irradiance,settling_rate,not_applicable,50,50,1.0,,0.9286524008666414,1.0,,
fuzzy_logic,step_change_irradiance,tracking_efficiency_pct,not_applicable,50,50,99.88924481215201,0.08616164631376946,99.86475794323748,99.91373168106655,99.92985224830383,0.06767118883821865
fuzzy_logic,temperature_step,convergence_time_s,not_applicable,50,50,0.008,0.006586938219084859,0.006128012873250718,0.009871987126749283,0.006,0.007749999999999999
fuzzy_logic,temperature_step,convergence_rate,not_applicable,50,50,1.0,,0.9286524008666414,1.0,,
fuzzy_logic,temperature_step,energy_yield_j,not_applicable,50,50,1293.3102097940548,0.903857712397202,1293.0533362747135,1293.567083313396,1293.736192186762,0.7098880917785664
fuzzy_logic,temperature_step,energy_yield_ratio,not_applicable,50,50,0.9994725314216671,0.0006985029183358166,0.9992740190889823,0.999671043754352,0.9998017314056744,0.0005486028353778316
fuzzy_logic,temperature_step,oscillation_p2p_w,not_applicable,50,50,39.216716988539034,8.17825549298849e-07,39.21671675611559,39.21671722096248,39.216717028364414,9.229678283873e-07
fuzzy_logic,temperature_step,oscillation_std_w,not_applicable,50,50,10.991978746777336,0.0024095322212317315,10.991293965297746,10.992663528256926,10.991376881752503,0.002625516183654142
fuzzy_logic,temperature_step,settling_time_s,not_applicable,50,50,0.008,0.006586938219084859,0.006128012873250718,0.009871987126749283,0.006,0.007749999999999999
fuzzy_logic,temperature_step,settling_rate,not_applicable,50,50,1.0,,0.9286524008666414,1.0,,
fuzzy_logic,temperature_step,tracking_efficiency_pct,not_applicable,50,50,99.94725314216674,0.06985029183358334,99.92740190889826,99.96710437543523,99.98017314056744,0.05486028353777783
inc_cond,_computational_burden,mean_step_time_s,not_applicable,1,1,1.5876999968895689e-06,0.0,,,1.5876999968895689e-06,0.0
inc_cond,_computational_burden,relative_burden,not_applicable,1,1,0.6515244759911702,0.0,,,0.6515244759911702,0.0
inc_cond,multi_level_irradiance,convergence_time_s,not_applicable,50,0,,,,,,
inc_cond,multi_level_irradiance,convergence_rate,not_applicable,50,0,0.0,,0.0,0.07134759913335872,,
inc_cond,multi_level_irradiance,energy_yield_j,not_applicable,50,50,534.107058530657,3.2984567202382937,533.169647504008,535.044469557306,534.7680136470254,4.63484576908877
inc_cond,multi_level_irradiance,energy_yield_ratio,not_applicable,50,50,0.7168006438664497,0.0044267078351983916,0.7155425874211407,0.7180587003117587,0.7176876814844939,0.006220214427879234
inc_cond,multi_level_irradiance,oscillation_p2p_w,not_applicable,50,50,0.0,0.0,0.0,0.0,0.0,0.0
inc_cond,multi_level_irradiance,oscillation_std_w,not_applicable,50,50,0.0,0.0,0.0,0.0,0.0,0.0
inc_cond,multi_level_irradiance,settling_time_s,not_applicable,50,0,,,,,,
inc_cond,multi_level_irradiance,settling_rate,not_applicable,50,0,0.0,,0.0,0.07134759913335872,,
inc_cond,multi_level_irradiance,tracking_efficiency_pct,not_applicable,50,50,71.68006438664497,0.4426707835198402,71.55425874211407,71.80587003117587,71.7687681484494,0.6220214427879114
inc_cond,partial_shading_complex_pattern_a,convergence_time_s,not_applicable,50,0,,,,,,
inc_cond,partial_shading_complex_pattern_a,convergence_rate,not_applicable,50,0,0.0,,0.0,0.07134759913335872,,
inc_cond,partial_shading_complex_pattern_a,energy_yield_j,not_applicable,50,50,416.553777390435,183.853213224904,364.3032723877742,468.80428239309583,351.13944775637793,283.17997489430564
inc_cond,partial_shading_complex_pattern_a,energy_yield_ratio,not_applicable,50,50,0.46328310429754394,0.20447800975785282,0.4051710969826802,0.5213951116124076,0.390530544260131,0.3149473248467701
inc_cond,partial_shading_complex_pattern_a,oscillation_p2p_w,not_applicable,50,50,0.0,0.0,0.0,0.0,0.0,0.0
inc_cond,partial_shading_complex_pattern_a,oscillation_std_w,not_applicable,50,50,0.0,0.0,0.0,0.0,0.0,0.0
inc_cond,partial_shading_complex_pattern_a,settling_time_s,not_applicable,50,0,,,,,,
inc_cond,partial_shading_complex_pattern_a,settling_rate,not_applicable,50,0,0.0,,0.0,0.07134759913335872,,
inc_cond,partial_shading_complex_pattern_a,tracking_efficiency_pct,not_applicable,50,50,46.3283104297544,20.44780097578528,40.51710969826803,52.139511161240776,39.053054426013105,31.494732484677016
inc_cond,partial_shading_complex_pattern_b,convergence_time_s,not_applicable,50,0,,,,,,
inc_cond,partial_shading_complex_pattern_b,convergence_rate,not_applicable,50,0,0.0,,0.0,0.07134759913335872,,
inc_cond,partial_shading_complex_pattern_b,energy_yield_j,not_applicable,50,50,301.23392824666803,69.81458265102219,281.3928434155665,321.07501307776954,329.1858345140322,55.83717351170861
inc_cond,partial_shading_complex_pattern_b,energy_yield_ratio,not_applicable,50,50,0.6194572101167348,0.1435666521569679,0.5786560190732769,0.6602584011601927,0.676937487901538,0.1148235191357454
inc_cond,partial_shading_complex_pattern_b,oscillation_p2p_w,not_applicable,50,50,0.0,0.0,0.0,0.0,0.0,0.0
inc_cond,partial_shading_complex_pattern_b,oscillation_std_w,not_applicable,50,50,0.0,0.0,0.0,0.0,0.0,0.0
inc_cond,partial_shading_complex_pattern_b,settling_time_s,not_applicable,50,0,,,,,,
inc_cond,partial_shading_complex_pattern_b,settling_rate,not_applicable,50,0,0.0,,0.0,0.07134759913335872,,
inc_cond,partial_shading_complex_pattern_b,tracking_efficiency_pct,not_applicable,50,50,61.945721011673484,14.356665215696792,57.86560190732769,66.02584011601928,67.6937487901538,11.48235191357454
inc_cond,partial_shading_complex_pattern_c,convergence_time_s,not_applicable,50,22,0.5845454545454546,0.614497295687236,0.312092616866308,0.8569982922246011,0.41500000000000004,1.1324999999999998
inc_cond,partial_shading_complex_pattern_c,convergence_rate,not_applicable,50,22,0.44,,0.3116219921125717,0.5769397197834315,,
inc_cond,partial_shading_complex_pattern_c,energy_yield_j,not_applicable,50,50,554.5387668559528,236.03016993579854,487.4597348461995,621.617798865706,605.9651596867492,404.84613133810194
inc_cond,partial_shading_complex_pattern_c,energy_yield_ratio,not_applicable,50,50,0.6885323954248448,0.2930623213591186,0.605245005339721,0.7718197855099685,0.7523849870923361,0.5026694133020151
inc_cond,partial_shading_complex_pattern_c,oscillation_p2p_w,not_applicable,50,50,2.7204790162608936,3.625107491669545,1.6902348676478545,3.750723164873933,0.0,7.754536443469746
inc_cond,partial_shading_complex_pattern_c,oscillation_std_w,not_applicable,50,50,0.6763240944243547,0.9305883506264442,0.41185381176280295,0.9407943770859064,0.0,1.7423909342633228
inc_cond,partial_shading_complex_pattern_c,settling_time_s,not_applicable,50,22,0.5845454545454546,0.614497295687236,0.312092616866308,0.8569982922246011,0.41500000000000004,1.1324999999999998
inc_cond,partial_shading_complex_pattern_c,settling_rate,not_applicable,50,22,0.44,,0.3116219921125717,0.5769397197834315,,
inc_cond,partial_shading_complex_pattern_c,tracking_efficiency_pct,not_applicable,50,50,68.85323954248447,29.30623213591186,60.524500533972095,77.18197855099686,75.23849870923362,50.2669413302015
inc_cond,partial_shading_simple,convergence_time_s,not_applicable,50,0,,,,,,
inc_cond,partial_shading_simple,convergence_rate,not_applicable,50,0,0.0,,0.0,0.07134759913335872,,
inc_cond,partial_shading_simple,energy_yield_j,not_applicable,50,50,325.6868781627341,81.00854332628009,302.6645049113608,348.7092514141074,358.7513496752129,66.62348123136388
inc_cond,partial_shading_simple,energy_yield_ratio,not_applicable,50,50,0.7888240271883814,0.19620528080155392,0.7330631034261776,0.8445849509505852,0.8689072338636494,0.16136420069086876
inc_cond,partial_shading_simple,oscillation_p2p_w,not_applicable,50,50,0.0,0.0,0.0,0.0,0.0,0.0
inc_cond,partial_shading_simple,oscillation_std_w,not_applicable,50,50,0.0,0.0,0.0,0.0,0.0,0.0
inc_cond,partial_shading_simple,settling_time_s,not_applicable,50,0,,,,,,
inc_cond,partial_shading_simple,settling_rate,not_applicable,50,0,0.0,,0.0,0.07134759913335872,,
inc_cond,partial_shading_simple,tracking_efficiency_pct,not_applicable,50,50,78.88240271883815,19.620528080155392,73.30631034261778,84.45849509505852,86.89072338636494,16.136420069086896
inc_cond,rapid_double_step,convergence_time_s,not_applicable,50,50,0.15234,0.12287103077650824,0.11742043946767203,0.18725956053232798,0.123,0.15325
inc_cond,rapid_double_step,convergence_rate,not_applicable,50,50,1.0,,0.9286524008666414,1.0,,
inc_cond,rapid_double_step,energy_yield_j,not_applicable,50,50,406.75372746320625,16.45293996364251,402.0778536680218,411.4296012583907,414.025856219426,11.077746045161575
inc_cond,rapid_double_step,energy_yield_ratio,not_applicable,50,50,0.7444616265809798,0.030113018321339093,0.7359036014758128,0.7530196516861468,0.7577714512661174,0.020275061499904545
inc_cond,rapid_double_step,oscillation_p2p_w,not_applicable,50,50,238.71393391125505,0.023657720754033978,238.7072104614174,238.72065736109272,238.71399520939582,0.03075355139014846
inc_cond,rapid_double_step,oscillation_std_w,not_applicable,50,50,91.58745726890302,1.4168179302471193,91.1848020688458,91.99011246896025,92.06722716301178,1.425764025306762
inc_cond,rapid_double_step,settling_time_s,not_applicable,50,50,0.15234,0.12287103077650824,0.11742043946767203,0.18725956053232798,0.123,0.15325
inc_cond,rapid_double_step,settling_rate,not_applicable,50,50,1.0,,0.9286524008666414,1.0,,
inc_cond,rapid_double_step,tracking_efficiency_pct,not_applicable,50,50,74.44616265809796,3.0113018321339102,73.59036014758126,75.30196516861466,75.77714512661174,2.027506149990458
inc_cond,rapid_fluctuation_cloud_passage,convergence_time_s,not_applicable,50,50,0.16236,0.13885945912236264,0.12289657841343081,0.20182342158656918,0.126,0.15125
inc_cond,rapid_fluctuation_cloud_passage,convergence_rate,not_applicable,50,50,1.0,,0.9286524008666414,1.0,,
inc_cond,rapid_fluctuation_cloud_passage,energy_yield_j,not_applicable,50,50,814.6831298079468,25.55728251517954,807.4198304916588,821.9464291242348,816.5182863964719,10.37950180021005
inc_cond,rapid_fluctuation_cloud_passage,energy_yield_ratio,not_applicable,50,50,0.9314356962762489,0.029219906934941486,0.9231314906183701,0.9397399019341277,0.9335338498923815,0.011866992371080798
inc_cond,rapid_fluctuation_cloud_passage,oscillation_p2p_w,not_applicable,50,50,142.64565192952338,12.083954381391644,139.21143009688964,146.07987376215712,144.79431146639658,15.954191694883804
inc_cond,rapid_fluctuation_cloud_passage,oscillation_std_w,not_applicable,50,50,32.32476906570899,2.171028591805811,31.707769567537024,32.941768563880956,32.59123795359185,3.0682766367051038
inc_cond,rapid_fluctuation_cloud_passage,settling_time_s,not_applicable,50,50,0.16236,0.13885945912236264,0.12289657841343081,0.20182342158656918,0.126,0.15125
inc_cond,rapid_fluctuation_cloud_passage,settling_rate,not_applicable,50,50,1.0,,0.9286524008666414,1.0,,
inc_cond,rapid_fluctuation_cloud_passage,tracking_efficiency_pct,not_applicable,50,50,93.1435696276249,2.921990693494148,92.31314906183702,93.97399019341277,93.35338498923815,1.1866992371080727
inc_cond,sensor_noise_robustness,convergence_time_s,not_applicable,50,35,0.33754285714285714,0.2877109806791554,0.23871067735617957,0.4363750369295347,0.263,0.45449999999999996
inc_cond,sensor_noise_robustness,convergence_rate,not_applicable,50,35,0.7,,0.562496495355466,0.8089644649911906,,
inc_cond,sensor_noise_robustness,energy_yield_j,not_applicable,50,50,325.9395319555646,18.856810416278098,320.58048573761954,331.2985781735096,329.03092259532593,33.837909781859196
inc_cond,sensor_noise_robustness,energy_yield_ratio,not_applicable,50,50,0.652322643309315,0.03773928354540962,0.6415972576111381,0.6630480290074919,0.658509631740978,0.067721870435691
inc_cond,sensor_noise_robustness,oscillation_p2p_w,not_applicable,50,50,51.69050635762888,52.21529652733163,36.851083295279054,66.5299294199787,51.69005763540968,103.38114203729842
inc_cond,sensor_noise_robustness,oscillation_std_w,not_applicable,50,50,17.948161724339506,18.185937632700014,12.779775441674547,23.116548007004468,16.224558637849288,35.62428493517676
inc_cond,sensor_noise_robustness,settling_time_s,not_applicable,50,25,0.40488,0.2792190478220758,0.28962404176417444,0.5201359582358256,0.331,0.349
inc_cond,sensor_noise_robustness,settling_rate,not_applicable,50,25,0.5,,0.3664451431682858,0.6335548568317142,,
inc_cond,sensor_noise_robustness,tracking_efficiency_pct,not_applicable,50,50,65.23226433093149,3.773928354540962,64.15972576111379,66.30480290074918,65.8509631740978,6.7721870435691045
inc_cond,steady_state,convergence_time_s,not_applicable,50,50,0.15234,0.12287103077650824,0.11742043946767203,0.18725956053232798,0.123,0.15325
inc_cond,steady_state,convergence_rate,not_applicable,50,50,1.0,,0.9286524008666414,1.0,,
inc_cond,steady_state,energy_yield_j,not_applicable,50,50,487.8610629673146,16.45375312562514,483.184958074052,492.53716786057714,495.12942210755534,11.08227042415956
inc_cond,steady_state,energy_yield_ratio,not_applicable,50,50,0.9763860684622843,0.0329298985823234,0.9670274948456893,0.9857446420788792,0.9909326784375654,0.02217962299197862
inc_cond,steady_state,oscillation_p2p_w,not_applicable,50,50,4.43265352654161,1.1789565852288586,4.097597772693756,4.767709280389464,4.791744004706089,0.1903412627827592
inc_cond,steady_state,oscillation_std_w,not_applicable,50,50,0.2597554214943446,0.07466947370338797,0.238534591894199,0.2809762510944902,0.27337649201149244,0.03883353320006705
inc_cond,steady_state,settling_time_s,not_applicable,50,50,0.15234,0.12287103077650824,0.11742043946767203,0.18725956053232798,0.123,0.15325
inc_cond,steady_state,settling_rate,not_applicable,50,50,1.0,,0.9286524008666414,1.0,,
inc_cond,steady_state,tracking_efficiency_pct,not_applicable,50,50,97.63860684622846,3.2929898582323407,96.70274948456895,98.57446420788796,99.09326784375654,2.2179622991978505
inc_cond,step_change_irradiance,convergence_time_s,not_applicable,50,50,0.15234,0.12287103077650824,0.11742043946767203,0.18725956053232798,0.123,0.15325
inc_cond,step_change_irradiance,convergence_rate,not_applicable,50,50,1.0,,0.9286524008666414,1.0,,
inc_cond,step_change_irradiance,energy_yield_j,not_applicable,50,50,1028.0792793729804,16.45024623779454,1023.4041711262106,1032.7543876197503,1035.33427436323,11.00735264206105
inc_cond,step_change_irradiance,energy_yield_ratio,not_applicable,50,50,0.9800326096920956,0.015681453827506315,0.9755759898305716,0.9844892295536196,0.986948546834544,0.010492930605682016
inc_cond,step_change_irradiance,oscillation_p2p_w,not_applicable,50,50,149.7968921407706,0.2128224343386006,149.73640867423208,149.85737560730914,149.79389194663787,0.27203196808073926
inc_cond,step_change_irradiance,oscillation_std_w,not_applicable,50,50,49.98100363255702,0.1518976867179159,49.93783478769142,50.02417247742262,49.95099111854219,0.19156372286968804
inc_cond,step_change_irradiance,settling_time_s,not_applicable,50,50,0.15234,0.12287103077650824,0.11742043946767203,0.18725956053232798,0.123,0.15325
inc_cond,step_change_irradiance,settling_rate,not_applicable,50,50,1.0,,0.9286524008666414,1.0,,
inc_cond,step_change_irradiance,tracking_efficiency_pct,not_applicable,50,50,98.00326096920955,1.5681453827506302,97.55759898305715,98.44892295536195,98.6948546834544,1.0492930605682034
inc_cond,temperature_step,convergence_time_s,not_applicable,50,50,0.15234,0.12287103077650824,0.11742043946767203,0.18725956053232798,0.123,0.15325
inc_cond,temperature_step,convergence_rate,not_applicable,50,50,1.0,,0.9286524008666414,1.0,,
inc_cond,temperature_step,energy_yield_j,not_applicable,50,50,1282.092801419208,16.453664910057206,1277.4167215965324,1286.7688812418835,1289.3635383010765,11.081653226950493
inc_cond,temperature_step,energy_yield_ratio,not_applicable,50,50,0.990803697402191,0.012715422792059627,0.9871900142331363,0.9944173805712456,0.9964225363640975,0.008563922189125162
inc_cond,temperature_step,oscillation_p2p_w,not_applicable,50,50,27.119334167707944,0.32667158231331866,27.02649513135665,27.212173204059237,27.213368551563224,0.19078954021062344
inc_cond,temperature_step,oscillation_std_w,not_applicable,50,50,11.043429095721793,0.04186990473456678,11.031529800471956,11.05532839097163,11.035935934815521,0.05374461453311774
inc_cond,temperature_step,settling_time_s,not_applicable,50,50,0.15234,0.12287103077650824,0.11742043946767203,0.18725956053232798,0.123,0.15325
inc_cond,temperature_step,settling_rate,not_applicable,50,50,1.0,,0.9286524008666414,1.0,,
inc_cond,temperature_step,tracking_efficiency_pct,not_applicable,50,50,99.08036974021908,1.271542279205962,98.71900142331361,99.44173805712455,99.64225363640975,0.8563922189125037
p_and_o,_computational_burden,mean_step_time_s,not_applicable,1,1,2.436900002066977e-06,0.0,,,2.436900002066977e-06,0.0
p_and_o,_computational_burden,relative_burden,not_applicable,1,1,1.0,0.0,,,1.0,0.0
p_and_o,multi_level_irradiance,convergence_time_s,not_applicable,50,50,2.01084,0.0004218520874353413,2.010720110963424,2.010959889036576,2.011,0.0
p_and_o,multi_level_irradiance,convergence_rate,not_applicable,50,50,1.0,,0.9286524008666414,1.0,,
p_and_o,multi_level_irradiance,energy_yield_j,not_applicable,50,50,715.2653349537654,3.316680045817489,714.322744915297,716.2079249922339,715.9133984485126,4.676984765244924
p_and_o,multi_level_irradiance,energy_yield_ratio,not_applicable,50,50,0.9599248773095597,0.004451164526604957,0.9586598703494663,0.961189884269653,0.9607946136721142,0.006276767246446546
p_and_o,multi_level_irradiance,oscillation_p2p_w,not_applicable,50,50,102.3361626968302,0.0,102.3361626968302,102.3361626968302,102.3361626968302,0.0
p_and_o,multi_level_irradiance,oscillation_std_w,not_applicable,50,50,40.80067908708842,0.001354299718413914,40.80029419936755,40.80106397480929,40.80022556815753,0.0
p_and_o,multi_level_irradiance,settling_time_s,not_applicable,50,50,2.01084,0.0004218520874353413,2.010720110963424,2.010959889036576,2.011,0.0
p_and_o,multi_level_irradiance,settling_rate,not_applicable,50,50,1.0,,0.9286524008666414,1.0,,
p_and_o,multi_level_irradiance,tracking_efficiency_pct,not_applicable,50,50,95.99248773095599,0.4451164526604948,95.86598703494664,96.11898842696533,96.07946136721142,0.6276767246446582
p_and_o,partial_shading_complex_pattern_a,convergence_time_s,not_applicable,50,0,,,,,,
p_and_o,partial_shading_complex_pattern_a,convergence_rate,not_applicable,50,0,0.0,,0.0,0.07134759913335872,,
p_and_o,partial_shading_complex_pattern_a,energy_yield_j,not_applicable,50,50,478.9618427007868,173.98267122577363,429.51651469263214,528.4071707089415,351.79748330496545,348.1119154580466
p_and_o,partial_shading_complex_pattern_a,energy_yield_ratio,not_applicable,50,50,0.5326921549399631,0.19350018267606814,0.4777000115578199,0.5876842983221064,0.391262398748638,0.38716338103256687
p_and_o,partial_shading_complex_pattern_a,oscillation_p2p_w,not_applicable,50,50,0.0,0.0,0.0,0.0,0.0,0.0
p_and_o,partial_shading_complex_pattern_a,oscillation_std_w,not_applicable,50,50,0.0,0.0,0.0,0.0,0.0,0.0
p_and_o,partial_shading_complex_pattern_a,settling_time_s,not_applicable,50,0,,,,,,
p_and_o,partial_shading_complex_pattern_a,settling_rate,not_applicable,50,0,0.0,,0.0,0.07134759913335872,,
p_and_o,partial_shading_complex_pattern_a,tracking_efficiency_pct,not_applicable,50,50,53.269215493996306,19.350018267606814,47.770001155781976,58.768429832210636,39.1262398748638,38.71633810325669
p_and_o,partial_shading_complex_pattern_b,convergence_time_s,not_applicable,50,0,,,,,,
p_and_o,partial_shading_complex_pattern_b,convergence_rate,not_applicable,50,0,0.0,,0.0,0.07134759913335872,,
p_and_o,partial_shading_complex_pattern_b,energy_yield_j,not_applicable,50,50,342.61141919844226,15.844710250511428,338.1084023749217,347.11443602196283,349.2236002637319,8.766448835487665
p_and_o,partial_shading_complex_pattern_b,energy_yield_ratio,not_applicable,50,50,0.7045458495532193,0.032583049539003595,0.695285849343938,0.7138058497625006,0.7181431334293469,0.01802731840291072
p_and_o,partial_shading_complex_pattern_b,oscillation_p2p_w,not_applicable,50,50,0.0,0.0,0.0,0.0,0.0,0.0
p_and_o,partial_shading_complex_pattern_b,oscillation_std_w,not_applicable,50,50,0.0,0.0,0.0,0.0,0.0,0.0
p_and_o,partial_shading_complex_pattern_b,settling_time_s,not_applicable,50,0,,,,,,
p_and_o,partial_shading_complex_pattern_b,settling_rate,not_applicable,50,0,0.0,,0.0,0.07134759913335872,,
p_and_o,partial_shading_complex_pattern_b,tracking_efficiency_pct,not_applicable,50,50,70.45458495532193,3.2583049539003595,69.5285849343938,71.38058497625006,71.81431334293468,1.8027318402910737
p_and_o,partial_shading_complex_pattern_c,convergence_time_s,not_applicable,50,50,0.25520000000000004,0.19290729506629845,0.20037635341199433,0.31002364658800574,0.245,0.3025
p_and_o,partial_shading_complex_pattern_c,convergence_rate,not_applicable,50,50,1.0,,0.9286524008666414,1.0,,
p_and_o,partial_shading_complex_pattern_c,energy_yield_j,not_applicable,50,50,766.1911610342794,43.18345322112206,753.9185594355124,778.4637626330464,781.291953568372,54.97398919233365
p_and_o,partial_shading_complex_pattern_c,energy_yield_ratio,not_applicable,50,50,0.9513265203283997,0.05361790422269868,0.9360884805700561,0.9665645600867433,0.9700761289721058,0.06825739646528528
p_and_o,partial_shading_complex_pattern_c,oscillation_p2p_w,not_applicable,50,50,5.752720274163744,1.6959143328522823,5.270746754210168,6.23469379411732,5.999260930981251,1.6908078505624209
p_and_o,partial_shading_complex_pattern_c,oscillation_std_w,not_applicable,50,50,0.5150575891179898,0.15941751105263452,0.4697516338253949,0.5603635444105847,0.5266080322968791,0.17109177494437738
p_and_o,partial_shading_complex_pattern_c,settling_time_s,not_applicable,50,50,0.25560000000000005,0.192387364343877,0.20092411608818803,0.3102758839118121,0.245,0.3025
p_and_o,partial_shading_complex_pattern_c,settling_rate,not_applicable,50,50,1.0,,0.9286524008666414,1.0,,
p_and_o,partial_shading_complex_pattern_c,tracking_efficiency_pct,not_applicable,50,50,95.13265203284,5.361790422269868,93.60884805700564,96.65645600867435,97.00761289721058,6.825739646528504
p_and_o,partial_shading_simple,convergence_time_s,not_applicable,50,0,,,,,,
p_and_o,partial_shading_simple,convergence_rate,not_applicable,50,0,0.0,,0.0,0.07134759913335872,,
p_and_o,partial_shading_simple,energy_yield_j,not_applicable,50,50,378.156336569291,10.777264688164538,375.09347183809325,381.21920130048875,382.80253461636346,6.951469964914111
p_and_o,partial_shading_simple,energy_yield_ratio,not_applicable,50,50,0.9159067322643066,0.026102879493797897,0.908488376002531,0.9233250885260823,0.9271599724171848,0.016836682409608006
p_and_o,partial_shading_simple,oscillation_p2p_w,not_applicable,50,50,0.0,0.0,0.0,0.0,0.0,0.0
p_and_o,partial_shading_simple,oscillation_std_w,not_applicable,50,50,0.0,0.0,0.0,0.0,0.0,0.0
p_and_o,partial_shading_simple,settling_time_s,not_applicable,50,0,,,,,,
p_and_o,partial_shading_simple,settling_rate,not_applicable,50,0,0.0,,0.0,0.07134759913335872,,
p_and_o,partial_shading_simple,tracking_efficiency_pct,not_applicable,50,50,91.59067322643067,2.610287949379789,90.8488376002531,92.33250885260823,92.71599724171848,1.6836682409607704
p_and_o,rapid_double_step,convergence_time_s,not_applicable,50,50,0.01672,0.012836554945044362,0.013071891454012843,0.020368108545987154,0.014,0.01575
p_and_o,rapid_double_step,convergence_rate,not_applicable,50,50,1.0,,0.9286524008666414,1.0,,
p_and_o,rapid_double_step,energy_yield_j,not_applicable,50,50,518.7615638134199,1.8310877888032882,518.241174422389,519.2819532044508,519.5123754768066,1.2920350046816793
p_and_o,rapid_double_step,energy_yield_ratio,not_applicable,50,50,0.9494641389344503,0.003351351202524319,0.9485116954622823,0.9504165824066182,0.9508383131200611,0.002364749026846802
p_and_o,rapid_double_step,oscillation_p2p_w,not_applicable,50,50,238.89165937431167,0.15783462479818236,238.8468032703146,238.93651547830873,239.0134460703706,0.3046862077445951
p_and_o,rapid_double_step,oscillation_std_w,not_applicable,50,50,107.27470730019961,0.1341715246289648,107.23657617485308,107.31283842554613,107.24790824284509,0.15909981988500022
p_and_o,rapid_double_step,settling_time_s,not_applicable,50,50,0.01672,0.012836554945044362,0.013071891454012843,0.020368108545987154,0.014,0.01575
p_and_o,rapid_double_step,settling_rate,not_applicable,50,50,1.0,,0.9286524008666414,1.0,,
p_and_o,rapid_double_step,tracking_efficiency_pct,not_applicable,50,50,94.94641389344503,0.3351351202524303,94.85116954622822,95.04165824066183,95.08383131200608,0.23647490268467664
p_and_o,rapid_fluctuation_cloud_passage,convergence_time_s,not_applicable,50,50,0.01676,0.012952913154332252,0.013078822816865555,0.020441177183134446,0.014,0.0155
p_and_o,rapid_fluctuation_cloud_passage,convergence_rate,not_applicable,50,50,1.0,,0.9286524008666414,1.0,,
p_and_o,rapid_fluctuation_cloud_passage,energy_yield_j,not_applicable,50,50,872.2569272059777,1.796706881436173,871.7463087606968,872.7675456512586,872.9946609602923,1.344788416078245
p_and_o,rapid_fluctuation_cloud_passage,energy_yield_ratio,not_applicable,50,50,0.9972604176981155,0.0020541936660813573,0.9966766223184028,0.9978442130778281,0.9981038763729975,0.0015375105839854353
p_and_o,rapid_fluctuation_cloud_passage,oscillation_p2p_w,not_applicable,50,50,154.8392559683287,0.10866778294282968,154.80837292616323,154.87013901049417,154.75624253960973,0.1404671220861644
p_and_o,rapid_fluctuation_cloud_passage,oscillation_std_w,not_applicable,50,50,35.65998763020082,0.15164911909736467,35.616889427471264,35.70308583293037,35.691450883782444,0.18342833349092302
p_and_o,rapid_fluctuation_cloud_passage,settling_time_s,not_applicable,50,50,0.01676,0.012952913154332252,0.013078822816865555,0.020441177183134446,0.014,0.0155
p_and_o,rapid_fluctuation_cloud_passage,settling_rate,not_applicable,50,50,1.0,,0.9286524008666414,1.0,,
p_and_o,rapid_fluctuation_cloud_passage,tracking_efficiency_pct,not_applicable,50,50,99.72604176981154,0.20541936660813528,99.66766223184028,99.78442130778281,99.81038763729974,0.15375105839854086
p_and_o,sensor_noise_robustness,convergence_time_s,not_applicable,50,50,0.0228,0.016728321335205083,0.018045863685058217,0.027554136314941784,0.022,0.0235
p_and_o,sensor_noise_robustness,convergence_rate,not_applicable,50,50,1.0,,0.9286524008666414,1.0,,
p_and_o,sensor_noise_robustness,energy_yield_j,not_applicable,50,50,495.13895602093487,1.818271996462637,494.6222088377831,495.65570320408665,495.7368432845607,1.5534277323646961
p_and_o,sensor_noise_robustness,energy_yield_ratio,not_applicable,50,50,0.9909517592392695,0.0036390185255267644,0.9899175616185827,0.9919859568599563,0.9921483474465034,0.003108969564036501
p_and_o,sensor_noise_robustness,oscillation_p2p_w,not_applicable,50,50,16.011282687946977,5.0018161325034445,14.589782273189147,17.432783102704807,15.812003123108397,4.59185820560085
p_and_o,sensor_noise_robustness,oscillation_std_w,not_applicable,50,50,1.9035411291482547,0.46250078976679393,1.772099859204918,2.034982399091591,1.9675877153569807,0.29325013003896805
p_and_o,sensor_noise_robustness,settling_time_s,not_applicable,50,48,0.5068750000000001,0.44489633624025277,0.37769057038257275,0.6360594296174273,0.4325,0.6105
p_and_o,sensor_noise_robustness,settling_rate,not_applicable,50,48,0.96,,0.8653990931249297,0.9889611156723802,,
p_and_o,sensor_noise_robustness,tracking_efficiency_pct,not_applicable,50,50,99.09517592392694,0.3639018525526746,98.99175616185826,99.19859568599563,99.21483474465035,0.31089695640363857
p_and_o,steady_state,convergence_time_s,not_applicable,50,50,0.01672,0.012836554945044362,0.013071891454012843,0.020368108545987154,0.014,0.01575
p_and_o,steady_state,convergence_rate,not_applicable,50,50,1.0,,0.9286524008666414,1.0,,
p_and_o,steady_state,energy_yield_j,not_applicable,50,50,498.330266205347,1.7911378454194538,497.8212304625881,498.8393019481059,499.0664012624058,1.3369921033915944
p_and_o,steady_state,energy_yield_ratio,not_applicable,50,50,0.997338722743284,0.0035847132958841555,0.9963199584980783,0.9983574869884896,0.9988119946823217,0.0026758037533382018
p_and_o,steady_state,oscillation_p2p_w,not_applicable,50,50,3.3833861752832406,1.0136903089817364,3.0952985774026045,3.6714737731638767,3.4944754799071944,1.240812594951045
p_and_o,steady_state,oscillation_std_w,not_applicable,50,50,0.08144726286246316,0.02554140787285496,0.07418847506959995,0.08870605065532637,0.08357703108683351,0.03113684580046168
p_and_o,steady_state,settling_time_s,not_applicable,50,50,0.01672,0.012836554945044362,0.013071891454012843,0.020368108545987154,0.014,0.01575
p_and_o,steady_state,settling_rate,not_applicable,50,50,1.0,,0.9286524008666414,1.0,,
p_and_o,steady_state,tracking_efficiency_pct,not_applicable,50,50,99.73387227432839,0.3584713295884158,99.63199584980782,99.83574869884896,99.88119946823215,0.2675803753338357
p_and_o,step_change_irradiance,convergence_time_s,not_applicable,50,50,0.01672,0.012836554945044362,0.013071891454012843,0.020368108545987154,0.014,0.01575
p_and_o,step_change_irradiance,convergence_rate,not_applicable,50,50,1.0,,0.9286524008666414,1.0,,
p_and_o,step_change_irradiance,energy_yield_j,not_applicable,50,50,1046.6587285464927,1.8054586597898792,1046.145622873327,1047.1718342196584,1047.4497954732028,1.379637248575591
p_and_o,step_change_irradiance,energy_yield_ratio,not_applicable,50,50,0.9977437594307267,0.0017210816301290075,0.9972546334440351,0.9982328854174183,0.9984978563181747,0.0013151607276576938
p_and_o,step_change_irradiance,oscillation_p2p_w,not_applicable,50,50,151.39330747823055,1.4195504091591207,150.98987571625986,151.79673924020125,152.48999003887792,2.740416345987626
p_and_o,step_change_irradiance,oscillation_std_w,not_applicable,50,50,49.14893846798021,0.028255759932423033,49.14090826986832,49.1569686660921,49.146263403267405,0.03815823323525791
p_and_o,step_change_irradiance,settling_time_s,not_applicable,50,50,0.01672,0.012836554945044362,0.013071891454012843,0.020368108545987154,0.014,0.01575
p_and_o,step_change_irradiance,settling_rate,not_applicable,50,50,1.0,,0.9286524008666414,1.0,,
p_and_o,step_change_irradiance,tracking_efficiency_pct,not_applicable,50,50,99.77437594307267,0.1721081630128987,99.72546334440352,99.82328854174182,99.84978563181747,0.13151607276577693
p_and_o,temperature_step,convergence_time_s,not_applicable,50,50,0.01672,0.012836554945044362,0.013071891454012843,0.020368108545987154,0.014,0.01575
p_and_o,temperature_step,convergence_rate,not_applicable,50,50,1.0,,0.9286524008666414,1.0,,
p_and_o,temperature_step,energy_yield_j,not_applicable,50,50,1292.6259121199812,1.79025724867298,1292.1171266400484,1293.134697599914,1293.359069383666,1.337430088685096
p_and_o,temperature_step,energy_yield_ratio,not_applicable,50,50,0.9989437049086056,0.001383514125750316,0.99855051454505,0.9993368952721613,0.9995102902032368,0.0010335684557463143
p_and_o,temperature_step,oscillation_p2p_w,not_applicable,50,50,27.80751631996578,1.092899573545473,27.496917698199574,28.11811494173199,28.501907970977967,2.3110186490131426
p_and_o,temperature_step,oscillation_std_w,not_applicable,50,50,10.99045021417672,0.0054208486411038434,10.988909626040824,10.991990802312616,10.989320260108318,0.007064036652900896
p_and_o,temperature_step,settling_time_s,not_applicable,50,50,0.01672,0.012836554945044362,0.013071891454012843,0.020368108545987154,0.014,0.01575
p_and_o,temperature_step,settling_rate,not_applicable,50,50,1.0,,0.9286524008666414,1.0,,
p_and_o,temperature_step,tracking_efficiency_pct,not_applicable,50,50,99.89437049086058,0.13835141257503208,99.85505145450502,99.93368952721615,99.95102902032369,0.10335684557463765
q_learning,_computational_burden,mean_step_time_s,not_applicable,1,1,2.64688000024762e-05,0.0,,,2.64688000024762e-05,0.0
q_learning,_computational_burden,relative_burden,not_applicable,1,1,10.861668505078327,0.0,,,10.861668505078327,0.0
q_learning,multi_level_irradiance,convergence_time_s,held_out,50,50,2.0199999999999996,4.485978453382215e-16,2.0199999999999996,2.0199999999999996,2.02,0.0
q_learning,multi_level_irradiance,convergence_rate,held_out,50,50,1.0,,0.9286524008666414,1.0,,
q_learning,multi_level_irradiance,energy_yield_j,held_out,50,50,717.971591006757,0.67090184891793,717.7809228111987,718.1622592023152,718.1019449830816,0.9458432115667392
q_learning,multi_level_irradiance,energy_yield_ratio,held_out,50,50,0.9635568197268504,0.0009003866726617268,0.9633009326660859,0.9638127067876149,0.9637317618338076,0.0012693728948518501
q_learning,multi_level_irradiance,oscillation_p2p_w,held_out,50,50,102.90372514716606,0.0,102.90372514716606,102.90372514716606,102.90372514716606,0.0
q_learning,multi_level_irradiance,oscillation_std_w,held_out,50,50,40.821528095751255,7.177565525411544e-15,40.821528095751255,40.821528095751255,40.82152809575125,0.0
q_learning,multi_level_irradiance,settling_time_s,held_out,50,50,2.0199999999999996,4.485978453382215e-16,2.0199999999999996,2.0199999999999996,2.02,0.0
q_learning,multi_level_irradiance,settling_rate,held_out,50,50,1.0,,0.9286524008666414,1.0,,
q_learning,multi_level_irradiance,tracking_efficiency_pct,held_out,50,50,96.35568197268502,0.09003866726617278,96.33009326660856,96.38127067876148,96.37317618338076,0.1269372894851699
q_learning,partial_shading_complex_pattern_a,convergence_time_s,held_out,50,0,,,,,,
q_learning,partial_shading_complex_pattern_a,convergence_rate,held_out,50,0,0.0,,0.0,0.07134759913335872,,
q_learning,partial_shading_complex_pattern_a,energy_yield_j,held_out,50,50,611.5863816582628,79.39677568415647,589.022067701969,634.1506956145565,627.2308331799197,107.07923647721793
q_learning,partial_shading_complex_pattern_a,energy_yield_ratio,held_out,50,50,0.6801946178852454,0.08830356776646145,0.6550990216299317,0.705290214140559,0.6975940761530126,0.11909146855359998
q_learning,partial_shading_complex_pattern_a,oscillation_p2p_w,held_out,50,50,0.0,0.0,0.0,0.0,0.0,0.0
q_learning,partial_shading_complex_pattern_a,oscillation_std_w,held_out,50,50,0.0,0.0,0.0,0.0,0.0,0.0
q_learning,partial_shading_complex_pattern_a,settling_time_s,held_out,50,0,,,,,,
q_learning,partial_shading_complex_pattern_a,settling_rate,held_out,50,0,0.0,,0.0,0.07134759913335872,,
q_learning,partial_shading_complex_pattern_a,tracking_efficiency_pct,held_out,50,50,68.01946178852454,8.830356776646145,65.50990216299317,70.5290214140559,69.75940761530126,11.909146855360007
q_learning,partial_shading_complex_pattern_b,convergence_time_s,held_out,50,0,,,,,,
q_learning,partial_shading_complex_pattern_b,convergence_rate,held_out,50,0,0.0,,0.0,0.07134759913335872,,
q_learning,partial_shading_complex_pattern_b,energy_yield_j,held_out,50,50,264.62593592952584,9.446685415447645,261.94121764312524,267.31065421592643,263.26360584166787,18.15622581529476
q_learning,partial_shading_complex_pattern_b,energy_yield_ratio,held_out,50,50,0.5441765638736517,0.019426156364139153,0.5386557113278478,0.5496974164194555,0.5413750693660622,0.03733644830532579
q_learning,partial_shading_complex_pattern_b,oscillation_p2p_w,held_out,50,50,0.0,0.0,0.0,0.0,0.0,0.0
q_learning,partial_shading_complex_pattern_b,oscillation_std_w,held_out,50,50,0.0,0.0,0.0,0.0,0.0,0.0
q_learning,partial_shading_complex_pattern_b,settling_time_s,held_out,50,0,,,,,,
q_learning,partial_shading_complex_pattern_b,settling_rate,held_out,50,0,0.0,,0.0,0.07134759913335872,,
q_learning,partial_shading_complex_pattern_b,tracking_efficiency_pct,held_out,50,50,54.417656387365156,1.9426156364139153,53.86557113278477,54.96974164194554,54.13750693660622,3.733644830532576
q_learning,partial_shading_complex_pattern_c,convergence_time_s,held_out,50,49,0.49775510204081636,0.37909577344277645,0.3888660824061626,0.6066441216754701,0.47,0.58
q_learning,partial_shading_complex_pattern_c,convergence_rate,held_out,50,49,0.98,,0.8950455641036219,0.9964607407283539,,
q_learning,partial_shading_complex_pattern_c,energy_yield_j,held_out,50,50,691.5109949000976,72.39393310593334,670.9368667814518,712.0851230187433,721.6435948151251,81.64064301538008
q_learning,partial_shading_complex_pattern_c,energy_yield_ratio,held_out,50,50,0.8586013282365541,0.08988653481930897,0.8330558577230588,0.8841467987500494,0.8960148914352144,0.10136753435311407
q_learning,partial_shading_complex_pattern_c,oscillation_p2p_w,held_out,50,50,28.300770392775803,8.430170689545694,25.904942394662108,30.6965983908895,30.76180789563793,0.01018183234454284
q_learning,partial_shading_complex_pattern_c,oscillation_std_w,held_out,50,50,9.478825386907303,3.009510440708383,8.623531984200033,10.334118789614573,10.122774614058594,1.4547748983193678
q_learning,partial_shading_complex_pattern_c,settling_time_s,held_out,50,46,0.5302173913043479,0.36837474355718425,0.42082359599630303,0.6396111866123927,0.545,0.5175000000000001
q_learning,partial_shading_complex_pattern_c,settling_rate,held_out,50,46,0.92,,0.8116175308165717,0.968450485911407,,
q_learning,partial_shading_complex_pattern_c,tracking_efficiency_pct,held_out,50,50,85.8601328236554,8.988653481930898,83.30558577230588,88.41467987500494,89.60148914352143,10.13675343531142
q_learning,partial_shading_simple,convergence_time_s,held_out,50,0,,,,,,
q_learning,partial_shading_simple,convergence_rate,held_out,50,0,0.0,,0.0,0.07134759913335872,,
q_learning,partial_shading_simple,energy_yield_j,held_out,50,50,256.63521467838865,15.78035285780192,252.15048802348,261.11994133329733,257.4503789889805,31.025073213755377
q_learning,partial_shading_simple,energy_yield_ratio,held_out,50,50,0.6215786914811142,0.03822051892899785,0.6107165402003479,0.6324408427618805,0.6235530454923311,0.07514371882081294
q_learning,partial_shading_simple,oscillation_p2p_w,held_out,50,50,0.0,0.0,0.0,0.0,0.0,0.0
q_learning,partial_shading_simple,oscillation_std_w,held_out,50,50,0.0,0.0,0.0,0.0,0.0,0.0
q_learning,partial_shading_simple,settling_time_s,held_out,50,0,,,,,,
q_learning,partial_shading_simple,settling_rate,held_out,50,0,0.0,,0.0,0.07134759913335872,,
q_learning,partial_shading_simple,tracking_efficiency_pct,held_out,50,50,62.15786914811143,3.8220518928997844,61.0716540200348,63.24408427618806,62.35530454923311,7.514371882081306
q_learning,rapid_double_step,convergence_time_s,held_out,50,40,0.031974999999999996,0.027656767614307257,0.023129936644867545,0.04082006335513245,0.025,0.035250000000000004
q_learning,rapid_double_step,convergence_rate,held_out,50,40,0.8,,0.6696289406777459,0.887562499842239,,
q_learning,rapid_double_step,energy_yield_j,held_out,50,50,399.00690992044406,38.46869429970491,388.07422797980394,409.9395918610842,417.6831128377583,10.67669003478278
q_learning,rapid_double_step,energy_yield_ratio,held_out,50,50,0.730283002024349,0.07040738608448358,0.7102734443217521,0.750292559726946,0.7644651507384942,0.019541028128658766
q_learning,rapid_double_step,oscillation_p2p_w,held_out,50,50,190.96082500228493,96.45187202806027,163.5495063012446,218.37214370332526,238.76573678319065,0.24936464161388017
q_learning,rapid_double_step,oscillation_std_w,held_out,50,50,73.45920382039901,37.103255915254316,62.91457517448315,84.00383246631488,91.85451442177236,0.5556447113602871
q_learning,rapid_double_step,settling_time_s,held_out,50,40,0.031974999999999996,0.027656767614307257,0.023129936644867545,0.04082006335513245,0.025,0.035250000000000004
q_learning,rapid_double_step,settling_rate,held_out,50,40,0.8,,0.6696289406777459,0.887562499842239,,
q_learning,rapid_double_step,tracking_efficiency_pct,held_out,50,50,73.0283002024349,7.040738608448357,71.02734443217521,75.0292559726946,76.44651507384941,1.9541028128658837
q_learning,rapid_fluctuation_cloud_passage,convergence_time_s,held_out,50,50,0.652,1.336780124792711,0.27209129254381803,1.0319087074561821,0.033,0.07
q_learning,rapid_fluctuation_cloud_passage,convergence_rate,held_out,50,50,1.0,,0.9286524008666414,1.0,,
q_learning,rapid_fluctuation_cloud_passage,energy_yield_j,held_out,50,50,791.2424198042893,57.04750702328766,775.0296977156994,807.4551418928792,818.6227022629661,9.95356580164048
q_learning,rapid_fluctuation_cloud_passage,energy_yield_ratio,held_out,50,50,0.9046356887093638,0.06522300816218743,0.8860995149080493,0.9231718625106784,0.9359398504417298,0.01138001531352184
q_learning,rapid_fluctuation_cloud_passage,oscillation_p2p_w,held_out,50,50,133.0560961397989,39.023683370757794,121.96568805053829,144.14650422905953,151.10191409420736,5.432251753234993
q_learning,rapid_fluctuation_cloud_passage,oscillation_std_w,held_out,50,50,30.157676607464644,7.338290305042867,28.07215758079646,32.243195634132825,33.53360658820522,1.2095565022863468
q_learning,rapid_fluctuation_cloud_passage,settling_time_s,held_out,50,50,0.652,1.336780124792711,0.27209129254381803,1.0319087074561821,0.033,0.07
q_learning,rapid_fluctuation_cloud_passage,settling_rate,held_out,50,50,1.0,,0.9286524008666414,1.0,,
q_learning,rapid_fluctuation_cloud_passage,tracking_efficiency_pct,held_out,50,50,90.46356887093641,6.522300816218745,88.60995149080496,92.31718625106787,93.59398504417297,1.138001531352188
q_learning,sensor_noise_robustness,convergence_time_s,held_out,50,35,0.03477142857142857,0.028487443791634107,0.024985649245830403,0.04455720789702674,0.028,0.04050000000000001
q_learning,sensor_noise_robustness,convergence_rate,held_out,50,35,0.7,,0.562496495355466,0.8089644649911906,,
q_learning,sensor_noise_robustness,energy_yield_j,held_out,50,50,303.0637582363196,6.609732162009306,301.18529314267533,304.94222332996384,303.05448741753247,9.664131962357601
q_learning,sensor_noise_robustness,energy_yield_ratio,held_out,50,50,0.606539963648604,0.01322845967661363,0.6027804770103973,0.6102994502868107,0.6065214093941367,0.01934141608767659
q_learning,sensor_noise_robustness,oscillation_p2p_w,held_out,50,50,0.0,0.0,0.0,0.0,0.0,0.0
q_learning,sensor_noise_robustness,oscillation_std_w,held_out,50,50,0.0,0.0,0.0,0.0,0.0,0.0
q_learning,sensor_noise_robustness,settling_time_s,held_out,50,0,,,,,,
q_learning,sensor_noise_robustness,settling_rate,held_out,50,0,0.0,,0.0,0.07134759913335872,,
q_learning,sensor_noise_robustness,tracking_efficiency_pct,held_out,50,50,60.6539963648604,1.3228459676613633,60.278047701039725,61.02994502868107,60.65214093941367,1.9341416087676677
q_learning,steady_state,convergence_time_s,train,50,40,0.031974999999999996,0.027656767614307257,0.023129936644867545,0.04082006335513245,0.025,0.035250000000000004
q_learning,steady_state,convergence_rate,train,50,40,0.8,,0.6696289406777459,0.887562499842239,,
q_learning,steady_state,energy_yield_j,train,50,50,458.8766380620627,78.45394379512436,436.5802739635409,481.1730021605845,496.5917983653536,10.524841415044989
q_learning,steady_state,energy_yield_ratio,train,50,50,0.9183777730108083,0.15701465755756486,0.873754701124832,0.9630008448967845,0.9938594211382017,0.021064006354434728
q_learning,steady_state,oscillation_p2p_w,train,50,50,2.8801745207772105,1.7498702670989328,2.382866893995547,3.377482147558874,3.621428377919244,3.076200538435799
q_learning,steady_state,oscillation_std_w,train,50,50,0.20409996307499334,0.12232885921325,0.16933448599588014,0.23886544015410655,0.21391135556159063,0.09738351003486365
q_learning,steady_state,settling_time_s,train,50,40,0.031974999999999996,0.027656767614307257,0.023129936644867545,0.04082006335513245,0.025,0.035250000000000004
q_learning,steady_state,settling_rate,train,50,40,0.8,,0.6696289406777459,0.887562499842239,,
q_learning,steady_state,tracking_efficiency_pct,train,50,50,91.8377773010808,15.701465755756487,87.37547011248317,96.30008448967844,99.38594211382016,2.1064006354434923
q_learning,step_change_irradiance,convergence_time_s,train,50,50,0.22953999999999997,0.3999035705195513,0.11588866290613531,0.3431913370938646,0.037,0.0715
q_learning,step_change_irradiance,convergence_rate,train,50,50,1.0,,0.9286524008666414,1.0,,
q_learning,step_change_irradiance,energy_yield_j,train,50,50,819.9493206361059,38.39560227920447,809.0374112178265,830.8612300543853,838.6272740310685,10.667265203122156
q_learning,step_change_irradiance,energy_yield_ratio,train,50,50,0.7816294799836456,0.03660120679150172,0.7712275321198172,0.792031427847474,0.7994345304079052,0.010168736949614843
q_learning,step_change_irradiance,oscillation_p2p_w,train,50,50,130.17888312043422,42.87271477188075,117.9945924117072,142.36317382916124,151.43878298966519,1.8916789123160243
q_learning,step_change_irradiance,oscillation_std_w,train,50,50,32.769097811857755,15.257381104098032,28.43299808466957,37.10519753904594,40.32500314093288,0.9037710333183995
q_learning,step_change_irradiance,settling_time_s,train,50,50,0.22953999999999997,0.3999035705195513,0.11588866290613531,0.3431913370938646,0.037,0.0715
q_learning,step_change_irradiance,settling_rate,train,50,50,1.0,,0.9286524008666414,1.0,,
q_learning,step_change_irradiance,tracking_efficiency_pct,train,50,50,78.16294799836456,3.6601206791501726,77.12275321198172,79.2031427847474,79.94345304079053,1.0168736949614896
q_learning,temperature_step,convergence_time_s,held_out,50,40,0.031974999999999996,0.027656767614307257,0.023129936644867545,0.04082006335513245,0.025,0.035250000000000004
q_learning,temperature_step,convergence_rate,held_out,50,40,0.8,,0.6696289406777459,0.887562499842239,,
q_learning,temperature_step,energy_yield_j,held_out,50,50,1179.8294032917154,196.99992171927022,1123.8426450797451,1235.8161615036856,1276.8328034745887,9.304690129035635
q_learning,temperature_step,energy_yield_ratio,held_out,50,50,0.9117743534565166,0.1522419052749787,0.8685076827595294,0.9550410241535038,0.9867387612243359,0.007190681807764054
q_learning,temperature_step,oscillation_p2p_w,held_out,50,50,17.674879074823487,9.035341627946275,15.107063399204891,20.24269475044208,21.411417708147184,3.571237625411289
q_learning,temperature_step,oscillation_std_w,held_out,50,50,6.483260897840996,3.286985572352292,5.549109935345861,7.417411860336131,7.913495414062467,0.7897561239318591
q_learning,temperature_step,settling_time_s,held_out,50,40,0.031974999999999996,0.027656767614307257,0.023129936644867545,0.04082006335513245,0.025,0.035250000000000004
q_learning,temperature_step,settling_rate,held_out,50,40,0.8,,0.6696289406777459,0.887562499842239,,
q_learning,temperature_step,tracking_efficiency_pct,held_out,50,50,91.17743534565166,15.224190527497871,86.85076827595294,95.50410241535037,98.67387612243358,0.7190681807763895
sliding_mode,_computational_burden,mean_step_time_s,not_applicable,1,1,1.70090000028722e-06,0.0,,,1.70090000028722e-06,0.0
sliding_mode,_computational_burden,relative_burden,not_applicable,1,1,0.6979769374387613,0.0,,,0.6979769374387613,0.0
sliding_mode,multi_level_irradiance,convergence_time_s,not_applicable,50,0,,,,,,
sliding_mode,multi_level_irradiance,convergence_rate,not_applicable,50,0,0.0,,0.0,0.07134759913335872,,
sliding_mode,multi_level_irradiance,energy_yield_j,not_applicable,50,50,537.5890480885776,0.5010974180724203,537.4466377782514,537.7314583989037,537.6816080925005,0.7112047529584515
sliding_mode,multi_level_irradiance,energy_yield_ratio,not_applicable,50,50,0.7214736627251032,0.0006724999158450721,0.7212825403639499,0.7216647850862564,0.7215978832710565,0.0009544753560155605
sliding_mode,multi_level_irradiance,oscillation_p2p_w,not_applicable,50,50,0.0,0.0,0.0,0.0,0.0,0.0
sliding_mode,multi_level_irradiance,oscillation_std_w,not_applicable,50,50,0.0,0.0,0.0,0.0,0.0,0.0
sliding_mode,multi_level_irradiance,settling_time_s,not_applicable,50,0,,,,,,
sliding_mode,multi_level_irradiance,settling_rate,not_applicable,50,0,0.0,,0.0,0.07134759913335872,,
sliding_mode,multi_level_irradiance,tracking_efficiency_pct,not_applicable,50,50,72.1473662725103,0.06724999158450708,72.12825403639498,72.16647850862562,72.15978832710564,0.09544753560155073
sliding_mode,partial_shading_complex_pattern_a,convergence_time_s,not_applicable,50,0,,,,,,
sliding_mode,partial_shading_complex_pattern_a,convergence_rate,not_applicable,50,0,0.0,,0.0,0.07134759913335872,,
sliding_mode,partial_shading_complex_pattern_a,energy_yield_j,not_applicable,50,50,484.04627529213735,174.31320901859678,434.50700948276324,533.5855411015115,351.8055422138428,353.04317636359565
sliding_mode,partial_shading_complex_pattern_a,energy_yield_ratio,not_applicable,50,50,0.5383469631360839,0.19386780045571253,0.4832503439370786,0.5934435823350892,0.3912713617121847,0.3926478346239758
sliding_mode,partial_shading_complex_pattern_a,oscillation_p2p_w,not_applicable,50,50,0.0,0.0,0.0,0.0,0.0,0.0
sliding_mode,partial_shading_complex_pattern_a,oscillation_std_w,not_applicable,50,50,0.0,0.0,0.0,0.0,0.0,0.0
sliding_mode,partial_shading_complex_pattern_a,settling_time_s,not_applicable,50,0,,,,,,
sliding_mode,partial_shading_complex_pattern_a,settling_rate,not_applicable,50,0,0.0,,0.0,0.07134759913335872,,
sliding_mode,partial_shading_complex_pattern_a,tracking_efficiency_pct,not_applicable,50,50,53.83469631360838,19.386780045571253,48.32503439370785,59.34435823350891,39.12713617121847,39.26478346239757
sliding_mode,partial_shading_complex_pattern_b,convergence_time_s,not_applicable,50,0,,,,,,
sliding_mode,partial_shading_complex_pattern_b,convergence_rate,not_applicable,50,0,0.0,,0.0,0.07134759913335872,,
sliding_mode,partial_shading_complex_pattern_b,energy_yield_j,not_applicable,50,50,347.60370178118274,7.524576453722024,345.46524081690706,349.7421627454584,350.78194079976333,3.340019953688113
sliding_mode,partial_shading_complex_pattern_b,energy_yield_ratio,not_applicable,50,50,0.7148119754800653,0.015473533026186528,0.7104144460563908,0.7192095049037397,0.7213477036664397,0.006868414372472764
sliding_mode,partial_shading_complex_pattern_b,oscillation_p2p_w,not_applicable,50,50,0.0,0.0,0.0,0.0,0.0,0.0
sliding_mode,partial_shading_complex_pattern_b,oscillation_std_w,not_applicable,50,50,0.0,0.0,0.0,0.0,0.0,0.0
sliding_mode,partial_shading_complex_pattern_b,settling_time_s,not_applicable,50,0,,,,,,
sliding_mode,partial_shading_complex_pattern_b,settling_rate,not_applicable,50,0,0.0,,0.0,0.07134759913335872,,
sliding_mode,partial_shading_complex_pattern_b,tracking_efficiency_pct,not_applicable,50,50,71.4811975480065,1.5473533026186523,71.04144460563907,71.92095049037394,72.13477036664398,0.6868414372472671
sliding_mode,partial_shading_complex_pattern_c,convergence_time_s,not_applicable,50,50,0.09140000000000001,0.0644603975875332,0.07308055772568527,0.10971944227431475,0.09,0.0975
sliding_mode,partial_shading_complex_pattern_c,convergence_rate,not_applicable,50,50,1.0,,0.9286524008666414,1.0,,
sliding_mode,partial_shading_complex_pattern_c,energy_yield_j,not_applicable,50,50,791.5379319399326,14.693705921320314,787.3620269270003,795.7138369528649,796.326369350516,19.278126428054065
sliding_mode,partial_shading_complex_pattern_c,energy_yield_ratio,not_applicable,50,50,0.9827978509747701,0.01824415737971827,0.9776129188230965,0.9879827831264437,0.9887433221982589,0.02393631493803028
sliding_mode,partial_shading_complex_pattern_c,oscillation_p2p_w,not_applicable,50,50,4.213867869806702,1.9206040342716053,3.668038243331369,4.759697496282035,3.6836233663649693,2.6657569196146795
sliding_mode,partial_shading_complex_pattern_c,oscillation_std_w,not_applicable,50,50,0.3149064467338738,0.14564512233579316,0.27351456100212806,0.35629833246561954,0.2791058180494957,0.19054486833193218
sliding_mode,partial_shading_complex_pattern_c,settling_time_s,not_applicable,50,50,0.09179999999999999,0.06394161878029753,0.07362799303120576,0.10997200696879422,0.09,0.0975
sliding_mode,partial_shading_complex_pattern_c,settling_rate,not_applicable,50,50,1.0,,0.9286524008666414,1.0,,
sliding_mode,partial_shading_complex_pattern_c,tracking_efficiency_pct,not_applicable,50,50,98.27978509747703,1.8244157379718247,97.76129188230968,98.79827831264438,98.87433221982587,2.393631493803028
sliding_mode,partial_shading_simple,convergence_time_s,not_applicable,50,0,,,,,,
sliding_mode,partial_shading_simple,convergence_rate,not_applicable,50,0,0.0,,0.0,0.07134759913335872,,
sliding_mode,partial_shading_simple,energy_yield_j,not_applicable,50,50,382.8880007026658,3.805030440688292,381.80662301777727,383.96937838755434,384.53021708244296,2.673609597838947
sliding_mode,partial_shading_simple,energy_yield_ratio,not_applicable,50,50,0.9273669740095282,0.009215905328241002,0.9247478426981366,0.9299861053209197,0.9313444745631835,0.006475567888992728
sliding_mode,partial_shading_simple,oscillation_p2p_w,not_applicable,50,50,0.0,0.0,0.0,0.0,0.0,0.0
sliding_mode,partial_shading_simple,oscillation_std_w,not_applicable,50,50,0.0,0.0,0.0,0.0,0.0,0.0
sliding_mode,partial_shading_simple,settling_time_s,not_applicable,50,0,,,,,,
sliding_mode,partial_shading_simple,settling_rate,not_applicable,50,0,0.0,,0.0,0.07134759913335872,,
sliding_mode,partial_shading_simple,tracking_efficiency_pct,not_applicable,50,50,92.73669740095282,0.9215905328241016,92.47478426981365,92.99861053209199,93.13444745631836,0.6475567888992657
sliding_mode,rapid_double_step,convergence_time_s,not_applicable,50,50,0.0061800000000000015,0.004288998741440901,0.004961080046058681,0.007398919953941322,0.005,0.005
sliding_mode,rapid_double_step,convergence_rate,not_applicable,50,50,1.0,,0.9286524008666414,1.0,,
sliding_mode,rapid_double_step,energy_yield_j,not_applicable,50,50,420.0707331479651,0.6222484284064314,419.89389210150716,420.247574194423,420.3113842700664,0.49552709874024004
sliding_mode,rapid_double_step,energy_yield_ratio,not_applicable,50,50,0.7688350964323667,0.0011388711298062086,0.7685114328388861,0.7691587600258473,0.7692755485135692,0.000906939223996206
sliding_mode,rapid_double_step,oscillation_p2p_w,not_applicable,50,50,238.7174774082822,1.0726515574858889e-07,238.7174773777978,238.71747743876662,238.7174774266072,1.5867360048105184e-07
sliding_mode,rapid_double_step,oscillation_std_w,not_applicable,50,50,92.11488267644283,0.027873163626564817,92.10696121099785,92.12280414188781,92.1219564723703,0.03202612923139725
sliding_mode,rapid_double_step,settling_time_s,not_applicable,50,50,0.0061800000000000015,0.004288998741440901,0.004961080046058681,0.007398919953941322,0.005,0.005
sliding_mode,rapid_double_step,settling_rate,not_applicable,50,50,1.0,,0.9286524008666414,1.0,,
sliding_mode,rapid_double_step,tracking_efficiency_pct,not_applicable,50,50,76.88350964323665,0.11388711298062087,76.85114328388859,76.91587600258471,76.92755485135692,0.09069392239960905
sliding_mode,rapid_fluctuation_cloud_passage,convergence_time_s,not_applicable,50,50,0.006200000000000001,0.004328359259298033,0.004969893910667695,0.007430106089332306,0.005,0.005
sliding_mode,rapid_fluctuation_cloud_passage,convergence_rate,not_applicable,50,50,1.0,,0.9286524008666414,1.0,,
sliding_mode,rapid_fluctuation_cloud_passage,energy_yield_j,not_applicable,50,50,820.4490390555344,0.6187510288392057,820.2731919590345,820.6248861520343,820.7111545809246,0.4268937419764143
sliding_mode,rapid_fluctuation_cloud_passage,energy_yield_ratio,not_applicable,50,50,0.9380279202934056,0.000707424487241256,0.9378268724788952,0.9382289681079161,0.9383275996999917,0.0004880720555578977
sliding_mode,rapid_fluctuation_cloud_passage,oscillation_p2p_w,not_applicable,50,50,139.529692972423,13.604742416428179,135.66326796292415,143.39611798192183,144.12810869247062,15.69275851728122
sliding_mode,rapid_fluctuation_cloud_passage,oscillation_std_w,not_applicable,50,50,31.419990566271284,2.2832570623105126,30.771096089726687,32.06888504281588,32.04478683460641,3.050320657175284
sliding_mode,rapid_fluctuation_cloud_passage,settling_time_s,not_applicable,50,50,0.19078,0.1956300433919878,0.13518255690054368,0.24637744309945633,0.126,0.199
sliding_mode,rapid_fluctuation_cloud_passage,settling_rate,not_applicable,50,50,1.0,,0.9286524008666414,1.0,,
sliding_mode,rapid_fluctuation_cloud_passage,tracking_efficiency_pct,not_applicable,50,50,93.80279202934057,0.07074244872412619,93.78268724788951,93.82289681079162,93.83275996999917,0.048807205555803534
sliding_mode,sensor_noise_robustness,convergence_time_s,not_applicable,50,50,0.00776,0.005370212628329477,0.006233802459690309,0.009286197540309692,0.008,0.00575
sliding_mode,sensor_noise_robustness,convergence_rate,not_applicable,50,50,1.0,,0.9286524008666414,1.0,,
sliding_mode,sensor_noise_robustness,energy_yield_j,not_applicable,50,50,491.5892941706884,0.7830353819409883,491.36675797769124,491.81183036368554,491.8243313615286,1.044740521666938
sliding_mode,sensor_noise_robustness,energy_yield_ratio,not_applicable,50,50,0.9838476047136911,0.001567136416647082,0.9834022294725323,0.98429297995485,0.9843179989634621,0.0020909028572791977
sliding_mode,sensor_noise_robustness,oscillation_p2p_w,not_applicable,50,50,0.0,0.0,0.0,0.0,0.0,0.0
sliding_mode,sensor_noise_robustness,oscillation_std_w,not_applicable,50,50,0.0,0.0,0.0,0.0,0.0,0.0
sliding_mode,sensor_noise_robustness,settling_time_s,not_applicable,50,0,,,,,,
sliding_mode,sensor_noise_robustness,settling_rate,not_applicable,50,0,0.0,,0.0,0.07134759913335872,,
sliding_mode,sensor_noise_robustness,tracking_efficiency_pct,not_applicable,50,50,98.38476047136912,0.15671364166470841,98.34022294725324,98.429297995485,98.4317998963462,0.20909028572793886
sliding_mode,steady_state,convergence_time_s,not_applicable,50,50,0.0061800000000000015,0.004288998741440901,0.004961080046058681,0.007398919953941322,0.005,0.005
sliding_mode,steady_state,convergence_rate,not_applicable,50,50,1.0,,0.9286524008666414,1.0,,
sliding_mode,steady_state,energy_yield_j,not_applicable,50,50,499.1760081294763,0.622248428083219,498.99916708311025,499.3528491758424,499.4166592545728,0.4955271026888681
sliding_mode,steady_state,energy_yield_ratio,not_applicable,50,50,0.9990313575832356,0.001245343689876983,0.9986774348230261,0.9993852803434451,0.9995129873416648,0.0009917285808136445
sliding_mode,steady_state,oscillation_p2p_w,not_applicable,50,50,2.0717043473240397,1.2864704115967263,1.7060935021402652,2.4373151925078145,1.900222642567016,2.6194165473962205
sliding_mode,steady_state,oscillation_std_w,not_applicable,50,50,0.0510100129855066,0.02882234983784746,0.04281879180435351,0.05920123416665969,0.04915055170252925,0.05707362984748435
sliding_mode,steady_state,settling_time_s,not_applicable,50,50,0.0061800000000000015,0.004288998741440901,0.004961080046058681,0.007398919953941322,0.005,0.005
sliding_mode,steady_state,settling_rate,not_applicable,50,50,1.0,,0.9286524008666414,1.0,,
sliding_mode,steady_state,tracking_efficiency_pct,not_applicable,50,50,99.90313575832357,0.1245343689876973,99.86774348230261,99.93852803434453,99.95129873416647,0.09917285808136
sliding_mode,step_change_irradiance,convergence_time_s,not_applicable,50,50,0.0061800000000000015,0.004288998741440901,0.004961080046058681,0.007398919953941322,0.005,0.005
sliding_mode,step_change_irradiance,convergence_rate,not_applicable,50,50,1.0,,0.9286524008666414,1.0,,
sliding_mode,step_change_irradiance,energy_yield_j,not_applicable,50,50,1048.036088459997,0.6222484291385366,1047.859247413331,1048.212929506663,1048.276739572645,0.4955271059084225
sliding_mode,step_change_irradiance,energy_yield_ratio,not_applicable,50,50,0.9990567492532044,0.000593168021300218,0.9988881727669917,0.9992253257394171,0.9992861536801643,0.0004723689432518663
sliding_mode,step_change_irradiance,oscillation_p2p_w,not_applicable,50,50,149.82462451267082,9.644362917885215e-07,149.82462423858107,149.82462478676058,149.82462467743306,1.4266562686771067e-06
sliding_mode,step_change_irradiance,oscillation_std_w,not_applicable,50,50,49.07257856157635,0.006990146208713529,49.07059198400699,49.07456513914571,49.070937021536686,0.008430580659130271
sliding_mode,step_change_irradiance,settling_time_s,not_applicable,50,50,0.0061800000000000015,0.004288998741440901,0.004961080046058681,0.007398919953941322,0.005,0.005
sliding_mode,step_change_irradiance,settling_rate,not_applicable,50,50,1.0,,0.9286524008666414,1.0,,
sliding_mode,step_change_irradiance,tracking_efficiency_pct,not_applicable,50,50,99.90567492532041,0.059316802130023015,99.88881727669914,99.92253257394168,99.92861536801642,0.047236894325180856
sliding_mode,temperature_step,convergence_time_s,not_applicable,50,50,0.0061800000000000015,0.004288998741440901,0.004961080046058681,0.007398919953941322,0.005,0.005
sliding_mode,temperature_step,convergence_rate,not_applicable,50,50,1.0,,0.9286524008666414,1.0,,
sliding_mode,temperature_step,energy_yield_j,not_applicable,50,50,1293.4794290741822,0.6222484277066146,1293.302588027923,1293.6562701204414,1293.7200801960844,0.49552710244552145
sliding_mode,temperature_step,energy_yield_ratio,not_applicable,50,50,0.9996033043955401,0.0004808747402621202,0.9994666413066499,0.9997399674844304,0.9997892800293636,0.0003829442648164427
sliding_mode,temperature_step,oscillation_p2p_w,not_applicable,50,50,35.69813627118012,1.2998624789999549e-06,35.69813590176329,35.69813664059695,35.698136058535454,2.0231263846426373e-06
sliding_mode,temperature_step,oscillation_std_w,not_applicable,50,50,10.990814878417861,0.001568987422638929,10.990368977126622,10.991260779709101,10.990703132145622,0.0016352093729707917
sliding_mode,temperature_step,settling_time_s,not_applicable,50,50,0.0061800000000000015,0.004288998741440901,0.004961080046058681,0.007398919953941322,0.005,0.005
sliding_mode,temperature_step,settling_rate,not_applicable,50,50,1.0,,0.9286524008666414,1.0,,
sliding_mode,temperature_step,tracking_efficiency_pct,not_applicable,50,50,99.96033043955399,0.048087474026210865,99.94666413066496,99.97399674844301,99.97892800293636,0.0382944264816274
